"cas_number","zf.cid","Chemical_ID","chemical_class"
"207122-16-5 ",NA,10013,"Flame Retardant"
"59919-41-4",NA,10012,NA
"213-46-7",NA,10011,NA
"79127-80-3",NA,10010,"Insecticide"
"64257-84-7",NA,10009,"Insecticide"
"62-53-3",NA,10008,"Industrial"
"5385-22-8",NA,10007,"PAH_Parent"
"28804-88-8",NA,10006,"PAH_Alkylated"
"2237-14-1",NA,10005,"PAH_Oxy"
"207122-16-5",NA,10004,NA
"207122-15-4",NA,10003,"Flame Retardant"
"119611-00-6",NA,10002,"Fungicide"
"113096-99-4",NA,10001,"Insecticide"
"559-14-8","C665534",4457,"EPA PFAS"
"356-02-5","C882576",4456,"EPA PFAS"
"307-35-7","C992642",4455,"EPA PFAS"
"865-79-2","C136541",4454,"EPA PFAS"
"2264-01-9","C565333",4453,"EPA PFAS"
"7383-71-3","C953658",4452,"EPA PFAS"
"754-96-1","C664858",4451,"EPA PFAS"
"375-22-4","C376795",4450,"EPA PFAS"
"377-73-1","C925438",4449,"EPA PFAS"
"20825-07-4","C83907",4448,"EPA PFAS"
"2043-55-2","C203027",4447,"EPA PFAS"
"25600-66-2","C725567",4446,"EPA PFAS"
"74427-22-8","C477040",4445,"EPA PFAS"
"2043-52-9","C471693",4444,"EPA PFAS"
"54009-81-3","C88044",4443,"EPA PFAS"
"53296-64-3","C80593",4442,"EPA PFAS"
"2144-53-8","C796679",4441,"EPA PFAS"
"422-64-0","C734863",4440,"EPA PFAS"
"307-31-3","C306519",4439,"EPA PFAS"
"662-50-0","C879081",4438,"EPA PFAS"
"4180-26-1","C506784",4437,"EPA PFAS"
"77953-71-0","C488834",4436,"EPA PFAS"
"376-90-9","C322569",4435,"EPA PFAS"
"377-38-8","C512002",4434,"EPA PFAS"
"21652-58-4","C960116",4433,"EPA PFAS"
"73609-36-6","C796284",4432,"EPA PFAS"
"678-95-5","C135090",4431,"EPA PFAS"
"376-73-8","C468275",4430,"EPA PFAS"
"329710-76-1","C964713",4429,"EPA PFAS"
"336-08-3","C134358",4428,"EPA PFAS"
"374-98-1","C954232",4427,"EPA PFAS"
"355-66-8","C719054",4426,"EPA PFAS"
"375-01-9","C436433",4425,"EPA PFAS"
"35192-44-0","C146997",4424,"EPA PFAS"
"15290-77-4","C697957",4423,"EPA PFAS"
"1765-48-6","C407130",4422,"EPA PFAS"
"78560-45-9","C515304",4421,"EPA PFAS"
"679-02-7","C66264",4420,"EPA PFAS"
"58244-27-2","C611393",4419,"EPA PFAS"
"559-94-4","C536447",4418,"EPA PFAS"
"38565-52-5","C133221",4417,"EPA PFAS"
"79963-95-4","C100423",4416,"EPA PFAS"
"51851-37-7","C822357",4415,"EPA PFAS"
"85857-17-6","C814192",4414,"EPA PFAS"
"52591-27-2","C743534",4413,"EPA PFAS"
"133331-77-8","C394962",4412,"EPA PFAS"
"354-76-7","C245785",4411,"EPA PFAS"
"338-83-0","C45738",4410,"EPA PFAS"
"375-88-2","C676861",4408,"EPA PFAS"
"3792-02-7","C103567",4407,"EPA PFAS"
"3792-02-7","4407",4407,NA
"1682-31-1","C42792",4406,"EPA PFAS"
"1765-92-0","C689665",4405,"EPA PFAS"
"663-35-4","C678004",4404,"EPA PFAS"
"647-42-7","C220452",4403,"EPA PFAS"
"863090-89-5","C680904",4402,"EPA PFAS"
"423-54-1","C334437",4401,"EPA PFAS"
"13252-13-6","C808134",4400,"EPA PFAS"
"31253-34-6","C367937",4399,"EPA PFAS"
"13485-61-5","C595036",4398,"EPA PFAS"
"1652-63-7","C518971",4397,"EPA PFAS"
"90177-96-1","C241118",4396,"EPA PFAS"
"3934-23-4","C203221",4395,"EPA PFAS"
"330562-44-2","C957996",4394,"EPA PFAS"
"132424-36-3","C299523",4393,"EPA PFAS"
"125070-38-4","C969330",4392,"EPA PFAS"
"29420-49-3","C778608",4391,"EPA PFAS"
"65294-16-8","C777605",4390,"EPA PFAS"
"355-80-6","C124796",4388,"EPA PFAS"
"55621-21-1","C752092",4387,"EPA PFAS"
"335-99-9","C897025",4386,"EPA PFAS"
"129301-42-4","C845847",4385,"EPA PFAS"
"1651-41-8","C753429",4384,"EPA PFAS"
"424-16-8","C429763",4383,"EPA PFAS"
"2395-00-8","C86386",4382,"EPA PFAS"
"568550-25-4","C5422",4381,"EPA PFAS"
"57678-01-0","C122952",4380,"EPA PFAS"
"375-73-5","C958677",4379,"EPA PFAS"
"307-98-2","C628733",4378,"EPA PFAS"
"39108-34-4","C534856",4377,"EPA PFAS"
"2043-47-2","C364765",4376,"EPA PFAS"
"422-63-9","C926563",4375,"EPA PFAS"
"335-58-0","C662668",4374,"EPA PFAS"
"330562-41-9","C775051",4373,"EPA PFAS"
"147492-57-7","C79607",4372,"EPA PFAS"
"679-12-9","C117062",4371,"EPA PFAS"
"1763-28-6","C632169",4370,"EPA PFAS"
"1691-99-2","C74242",4369,"EPA PFAS"
"4151-50-2","C627306",4368,"EPA PFAS"
"307-34-6","C797646",4367,"EPA PFAS"
"34143-74-3","C514485",4366,"EPA PFAS"
"812-70-4","C364593",4365,"EPA PFAS"
"801212-59-9","C127141",4364,"EPA PFAS"
"252237-40-4","C199329",4363,"EPA PFAS"
"757124-72-4","C604304",4362,"EPA PFAS"
"19932-26-4","C354428",4361,"EPA PFAS"
"914637-49-3","C31669",4360,"EPA PFAS"
"6588-63-2","C732000",4359,"EPA PFAS"
"423-65-4","C615644",4358,"EPA PFAS"
"355-27-1","C266861",4357,"EPA PFAS"
"50836-66-3","C54476",4356,"EPA PFAS"
"243139-64-2","C21696",4355,"EPA PFAS"
"151772-58-6","C83766",4354,"EPA PFAS"
"24448-09-7","C619629",4353,"EPA PFAS"
"17587-22-3","C76569",4352,"EPA PFAS"
"13252-14-7","C917351",4351,"EPA PFAS"
"31506-32-8","C882678",4350,"EPA PFAS"
"374-40-3","C219862",4349,"EPA PFAS"
"13695-31-3","C908049",4348,"EPA PFAS"
"355-81-7","C131847",4347,"EPA PFAS"
"63863-43-4","C921354",4346,"EPA PFAS"
"94159-84-9","C760033",4345,"EPA PFAS"
"423-60-9","C628599",4344,"EPA PFAS"
"27619-97-2","C39659",4343,"EPA PFAS"
"355-43-1","C37112",4342,"EPA PFAS"
"883498-76-8","C582743",4341,"EPA PFAS"
"3834-42-2","C384221",4340,"EPA PFAS"
"80220-63-9","C557784",4339,"EPA PFAS"
"375-82-6","C469575",4338,"EPA PFAS"
"678-77-3","C250241",4337,"EPA PFAs"
"355-46-4","C4466",4336,"EPA PFAs"
"52663-68-0","273",4016,"PCB"
"38411-22-2","272",4014,"PCB"
"38379-99-6","274",4013,"PCB"
"35065-27-1","276",4012,"PCB"
"31508-00-6","282",4009,"PCB"
"2050-47-7","2690",4004,"Flame Retardant"
"1222-05-5","1896",4003,"Personal Care, Industrial"
"196-42-9","3898",3898,NA
"3697-24-3","3862",3862,NA
"2381-21-7","3859",3859,NA
"335-95-5","C212400",3853,"EPA PFAS"
"375-92-8","C104808",3771,"EPA PFAS"
"41997-13-1","C160169",3766,"EPA PFAS"
"832-69-9","3762",3762,NA
"192-51-8","3761",3761,NA
"2531-84-2","3760",3760,NA
"27208-37-3","3759",3759,NA
"5385-75-1","3758",3758,NA
"77392-71-3","3757",3757,NA
"205-12-9","3756",3756,NA
"939-27-5","3690",3690,NA
"781-43-1","3689",3689,NA
"7631-86-9","3419",3419,NA
"NOCAS_0001","3413",3413,NA
"NOCAS_0005","3412",3412,NA
"NOCAS_0004","3411",3411,NA
"32774-16-6","3337",3337,"PCB"
"57465-28-8","3316",3316,"PCB"
"156052-68-5","3299",3299,"Fungicide"
"137-30-4","3290",3290,NA
"112733-06-9","3281",3281,NA
"127308-82-1","3277",3277,NA
"90-47-1","3273",3273,"PAH_Oxy"
"92-83-1","3272",3272,"PAH_Heterocyclic"
"81-81-2","3249",3249,NA
"139290-65-6","3201",3201,NA
"50471-44-8","3194",3194,"Fungicide"
"1929-77-7","3193",3193,"Herbicide"
"1069-66-5","3191",3191,NA
"99-66-1","3190",3190,NA
"2001-95-8","3189",3189,NA
"51-79-6","3169",3169,NA
"57-13-6","3168",3168,NA
"1120-21-4","3165",3165,NA
"25155-23-1","3164",3164,NA
"97322-87-7","3160",3160,NA
"131983-72-7","3158",3158,"Fungicide"
"3319-31-1","3155",3155,NA
"78-42-2","3154",3154,"Flame Retardant"
"6145-73-9","3153",3153,NA
"140-08-9","3152",3152,NA
"115-96-8","3151",3151,"Flame Retardant"
"78-51-3","3150",3150,"Flame Retardant"
"126-72-7","3149",3149,NA
"13674-84-5","3147",3147,NA
"78-51-3","3146",3146,"Flame Retardant"
"13674-87-8","3144",3144,NA
"13674-87-8","3143",3143,NA
"25498-49-1","3142",3142,NA
"76-87-9","3141",3141,NA
"217-59-4","3140",3140,"PAH_Parent"
"101-02-0","3139",3139,NA
"115-86-6","3138",3138,"Flame Retardant"
"89-04-3","3137",3137,NA
"78-30-8","3136",3136,"Flame Retardant"
"563-04-2","3135",3135,"Flame Retardant,"
"512-56-1","3133",3133,NA
"53894-23-8","3131",3131,NA
"126-71-6","3130",3130,NA
"2451-62-9","3129",3129,NA
"1582-09-8","3128",3128,"Herbicide"
"68694-11-1","3127",3127,"Fungicide"
"199119-58-9","3126",3126,NA
"141517-21-7","3125",3125,"Fungicide"
"112-49-2","3124",3124,NA
"111-21-7","3123",3123,NA
"94-28-0","3122",3122,NA
"112-27-6","3121",3121,NA
"78-40-0","3120",3120,"Insecticide"
"77-93-0","3119",3119,NA
"2943-75-1","3118",3118,NA
"102-71-6","3117",3117,NA
"24602-86-6","3116",3116,"Fungicide"
"1330-78-5","3114",3114,NA
"3380-34-5","3112",3112,"Pharmacological"
"55335-06-3","3111",3111,NA
"101-20-2","3110",3110,NA
"76-03-9","3108",3108,NA
"52-68-6","3107",3107,"Insecticide"
"2155-70-6","3106",3106,NA
"1461-22-9","3104",3104,NA
"102-82-9","3103",3103,NA
"126-73-8","3102",3102,"Flame Retardant"
"78-48-8","3101",3101,"Herbicide"
"124-94-7","3100",3100,NA
"2303-17-5","3099",3099,"Herbicide"
"55219-65-3","3098",3098,"Fungicide"
"43121-43-3","3097",3097,"Fungicide"
"102-76-1","3096",3096,NA
"68937-41-7","3094",3094,NA
"xs189003-92-7","3093",3093,NA
"572-41-8","3091",3091,"PAH_Hydroxy"
"87820-88-0","3090",3090,NA
"584-84-9","3058",3058,NA
"108-88-3","3056",3056,NA
"1156-19-0","3055",3055,NA
"129298-91-5","3054",3054,NA
"5613-46-7","3052",3052,NA
"36673-16-2","3045",3045,NA
"51-24-1","3041",3041,NA
"89-83-8","3023",3023,"Pharmacological"
"137-26-8","3022",3022,NA
"23564-05-8","3020",3020,NA
"59669-26-0","3019",3019,NA
"28249-77-6","3018",3018,"Herbicide"
"51707-55-2","3017",3017,NA
"117718-60-2","3016",3016,"Herbicide"
"95-15-8","3015",3015,"PAH_Heterocyclic"
"153719-23-4","3014",3014,NA
"111988-49-9","3013",3013,NA
"148-79-8","3012",3012,"Fungicide"
"58-55-9","3009",3009,NA
"83-67-0","3008",3008,"Pharmacological"
"50-35-1","3007",3007,NA
"7696-12-0","3006",3006,"Insecticide"
"55566-30-8","3005",3005,NA
"124-64-1","3004",3004,NA
"97-77-8","3002",3002,NA
"60-54-8","3001",3001,NA
"112281-77-3","3000",3000,"Fungicide"
"117-08-8","2999",2999,NA
"632-79-1","2997",2997,NA
"4162-45-2","2994",2994,NA
"57-85-2","2992",2992,NA
"56803-37-3","2990",2990,NA
"1948-33-0","2989",2989,NA
"98-06-6","2988",2988,NA
"614-45-9","2987",2987,NA
"5915-41-3","2985",2985,"Herbicide"
"13071-79-9","2984",2984,"Insecticide"
"5902-51-2","2983",2983,"Herbicide"
"149979-41-9","2982",2982,NA
"79538-32-2","2978",2978,"Insecticide"
"34014-18-1","2977",2977,"Herbicide"
"96182-53-5","2976",2976,"Insecticide"
"119168-77-3","2975",2975,"Insecticide"
"112410-23-8","2974",2974,NA
"107534-96-3","2973",2973,"Fungicide"
"1401-55-4","2961",2961,NA
"54965-24-1","2960",2960,NA
"10540-29-1","2959",2959,"Pharmacological"
"87-90-1","2924",2924,NA
"288104-79-0","2923",2923,NA
"NOCAS_0008","2915",2915,NA
"4151-50-2","2913",2913,NA
"122836-35-5","2912",2912,"Herbicide"
"599-79-1","2911",2911,NA
"126-14-7","2910",2910,NA
"57-50-1","2909",2909,NA
"96-09-3","2908",2908,NA
"3056-17-5","2900",2900,NA
"118134-30-8","2897",2897,"Fungicide"
"52-01-7","2896",2896,NA
"148477-71-8","2895",2895,"Insecticide"
"1338-43-8","2894",2894,NA
"110-44-1","2893",2893,NA
"1300-72-7","2889",2889,NA
"650-51-1","2888",2888,NA
"1191-50-0","2887",2887,NA
"7632-00-0","2886",2886,NA
"134-03-2","2885",2885,NA
"1120-01-0","2884",2884,NA
"6381-77-7","2883",2883,NA
"25155-30-0","2882",2882,NA
"151-21-3","2881",2881,NA
"128-04-1","2880",2880,NA
"4418-26-2","2879",2879,NA
"7758-19-2","2878",2878,NA
"532-32-1","2877",2877,NA
"26628-22-8","2876",2876,NA
"136042-19-8","2874",2874,NA
"104795-68-8","2873",2873,NA
"824-78-2","2872",2872,NA
"1061517-62-1","2871",2871,NA
"NOCAS_47383","2870",2870,NA
"NOCAS_47255","2869",2869,NA
"478263-98-8","2868",2868,NA
"3811-73-2","2867",2867,NA
"NOCAS_48514","2866",2866,NA
"NOCAS_48516","2865",2865,NA
"79902-63-9","2850",2850,NA
"122-34-9","2849",2849,"Herbicide"
"7631-86-9","2844",2844,NA
"759-94-4","2839",2839,"Herbicide"
"74051-80-2","2838",2838,NA
"28434-00-6","2834",2834,"Insecticide"
"94-59-7","2827",2827,NA
"82385-42-0","2821",2821,NA
"83-79-4","2813",2813,"Insecticide"
"13292-46-1","2780",2780,NA
"68-26-8","2779",2779,NA
"302-79-4","2778",2778,NA
"483-65-8","2774",2774,"PAH_Alkylated"
"108-46-3","2772",2772,NA
"10453-86-8","2771",2771,"Insecticide"
"50-55-5","2770",2770,NA
"82640-04-8","2764",2764,NA
"76578-14-8","2753",2753,"Herbicide"
"124495-18-7","2752",2752,"Fungicide"
"91-22-5","2751",2751,"PAH_Heterocyclic"
"84087-01-4","2750",2750,NA
"117-39-5","2749",2749,NA
"123343-16-8","2747",2747,NA
"95737-68-1","2746",2746,"Insecticide"
"53112-28-0","2744",2744,"Fungicide"
"58-14-0","2743",2743,NA
"65-23-6","2742",2742,NA
"96489-71-3","2741",2741,"Insecticide"
"6217-22-7","2740",2740,"PAH_Oxy"
"129-00-0","2739",2739,"PAH_Parent"
"129630-19-9","2737",2737,"Herbicide"
"175013-18-0","2736",2736,NA
"123312-89-0","2735",2735,NA
"23950-58-5","2727",2727,"Herbicide"
"94-13-3","2726",2726,NA
"103-65-1","2724",2724,NA
"121-79-9","2723",2723,NA
"181274-15-7","2721",2721,NA
"114-26-1","2720",2720,"Insecticide"
"60207-90-1","2718",2718,"Fungicide"
"31218-83-4","2717",2717,"Insecticide"
"139-40-2","2716",2716,"Herbicide"
"2312-35-8","2715",2715,"General Pesticide"
"34590-94-8","2712",2712,NA
"709-98-8","2711",2711,"Herbicide"
"261947-38-0","2710",2710,NA
"25606-41-1","2709",2709,NA
"7287-19-6","2708",2708,"Herbicide"
"1610-18-0","2707",2707,"Herbicide"
"57-83-0","2706",2706,NA
"41198-08-7","2705",2705,"Insecticide"
"29091-21-2","2704",2704,"Herbicide"
"32809-16-8","2703",2703,"Fungicide"
"67747-09-5","2702",2702,"Fungicide"
"53-03-2","2701",2701,NA
"81131-70-6","2694",2694,NA
"23031-36-9","2691",2691,"Insecticide"
"72-55-9","2688",2688,"Insecticide"
"72-54-8","2687",2687,"Insecticide"
"2795-39-3","2686",2686,"EPA PFAS"
"2795-39-3","C59898",2686,"EPA PFAS"
"3871-99-6","2685",2685,NA
"3871-99-6","C222309",2685,"EPA PFAS"
"29420-49-3","2684",2684,NA
"NOCAS_47328","2683",2683,NA
"50892-23-4","2661",2661,NA
"29232-93-7","2660",2660,"Insecticide"
"23103-98-2","2659",2659,"Insecticide"
"625114-41-2","2658",2658,NA
"51-03-6","2657",2657,"Insecticide"
"110-85-0","2656",2656,NA
"112529-15-4","2655",2655,NA
"117428-22-5","2653",2653,"Fungicide"
"6607","2652",2652,NA
"78-51-3","2651",2651,"Flame Retardant"
"732-11-6","2650",2650,"Insecticide"
"2310-17-0","2647",2647,"Insecticide"
"298-02-2","2645",2645,"Insecticide"
"62-38-4","2644",2644,NA
"92-84-2","2643",2643,"Fungicide"
"81-90-3","2642",2642,NA
"77-09-8","2641",2641,NA
"68937-41-7","2640",2640,NA
"108-95-2","2638",2638,"Pharmacological"
"57-30-7","2637",2637,NA
"50-06-6","2636",2636,NA
"85-01-8","2635",2635,"PAH_Parent"
"94-18-8","2623",2623,NA
"52645-53-1","2602",2602,"Insecticide"
"548-39-0","2601",2601,"PAH_Oxy"
"2058-94-8","2600",2600,NA
"2058-94-8","C79213",2600,"EPA PFAS"
"72629-94-8","C942208",2599,"EPA PFAS"
"376-06-7","C628617",2598,"EPA PFAS"
"2706-90-3","C313315",2597,"EPA PFAS"
"335-67-1","2596",2596,NA
"335-67-1","C80695",2596,"EPA PFAS"
"1763-23-1","C591669",2595,"EPA PFAS"
"754-91-6","2594",2594,NA
"754-91-6","C754644",2594,"EPA PFAS"
"1763-23-1","2593",2593,NA
"375-95-1","2590",2590,NA
"375-95-1","C850268",2590,"EPA PFAS"
"307-24-4","2589",2589,NA
"307-24-4","C272788",2589,"EPA PFAS"
"3871-99-6","2588",2588,NA
"375-85-9","2587",2587,NA
"375-85-9","C891393",2587,"EPA PFAS"
"335-76-2","2585",2585,NA
"335-76-2","C505277",2585,"EPA PFAS"
"29420-49-3","2582",2582,NA
"628-63-7","2580",2580,NA
"6624-73-3","2579",2579,NA
"110-62-3","2578",2578,NA
"140-64-7","2577",2577,NA
"115-77-5","2576",2576,NA
"629-62-9","2575",2575,NA
"2176-62-7","2574",2574,NA
"87-86-5","2573",2573,"Fungicide"
"82-68-8","2572",2572,"Fungicide"
"219714-96-2","2569",2569,NA
"40487-42-1","2568",2568,"Herbicide"
"99-87-6","2558",2558,NA
"101-55-3","2554",2554,"Flame Retardant"
"56-38-2","2532",2532,"Insecticide"
"NOCAS_0007","2509",2509,NA
"76738-62-0","2507",2507,"Herbicide"
"2058-46-0","2506",2506,NA
"6153-64-6","2505",2505,NA
"42874-03-3","2498",2498,"Herbicide"
"23135-22-0","2496",2496,"Insecticide"
"19666-30-9","2495",2495,"Herbicide"
"19044-88-3","2491",2491,"Herbicide"
"789-02-6","2490",2490,"Insecticide"
"2104-64-5","2485",2485,"Insecticide"
"1034-01-1","2484",2484,NA
"3147-75-9","2483",2483,NA
"26530-20-1","2480",2480,NA
"124-07-2","2479",2479,NA
"124-13-0","2478",2478,NA
"556-67-2","2477",2477,NA
"57-11-4","2476",2476,NA
"1843-05-6","2475",2475,NA
"88-12-0","2467",2467,NA
"101-54-2","2465",2465,NA
"116714-46-6","2435",2435,NA
"797-63-7","2434",2434,NA
"27314-13-2","2433",2433,"Herbicide"
"68-22-4","2432",2432,NA
"112-05-0","2429",2429,NA
"3033-77-0","2421",2421,NA
"102-60-3","2420",2420,NA
"110-26-9","2419",2419,NA
"621-64-7","2417",2417,NA
"86-30-6","2416",2416,NA
"62-75-9","2415",2415,NA
"55-18-5","2414",2414,NA
"924-16-3","2413",2413,NA
"7378-99-6","2412",2412,NA
"68-12-2","2411",2411,NA
"2605-79-0","2410",2410,NA
"121-69-7","2409",2409,NA
"100-37-8","2408",2408,NA
"91-66-7","2407",2407,NA
"134-62-3","2406",2406,"Insecticide"
"99-97-8","2405",2405,NA
"4455-26-9","2404",2404,NA
"79-16-3","2403",2403,NA
"872-50-4","2401",2401,NA
"59-87-0","2374",2374,NA
"67-20-9","2373",2373,NA
"1836-75-5","2372",2372,"Herbicide"
"98-95-3","2371",2371,NA
"139-13-9","2369",2369,NA
"1929-82-4","2367",2367,"Fungicide"
"63612-50-0","2362",2362,NA
"59-67-6","2361",2361,NA
"54-11-5","2360",2360,"Insecticide"
"50-65-7","2359",2359,NA
"110-54-3","2358",2358,NA
"103-69-5","2354",2354,NA
"263553-33-9","2353",2353,NA
"102-27-2","2352",2352,NA
"4151-50-2","2347",2347,NA
"439687-69-1","2345",2345,NA
"220860-50-4","2330",2330,NA
"15299-99-7","2329",2329,"Herbicide"
"207-18-1","2328",2328,"PAH_Parent"
"205-83-4","2327",2327,"PAH_Parent"
"193-09-9","2326",2326,"PAH_Parent"
"206-06-4","2325",2325,"PAH_Parent"
"111189-32-3","2324",2324,"PAH_Parent"
"91-20-3","2323",2323,"PAH_Parent"
"NOCAS_47351","2270",2270,NA
"300-76-5","2269",2269,"Insecticide"
"864283-48-7","2259",2259,NA
"NOCAS_47334","2258",2258,NA
"194098-25-4","2257",2257,NA
"NOCAS_47265","2256",2256,NA
"NOCAS_47374","2255",2255,NA
"NOCAS_48176","2254",2254,NA
"3855-32-1","2253",2253,NA
"NOCAS_47387","2252",2252,NA
"NOCAS_47364","2251",2251,NA
"NOCAS_47248","2250",2250,NA
"NOCAS_47291","2249",2249,NA
"478149-53-0","2248",2248,NA
"527680-56-4","2247",2247,NA
"313994-79-5","2246",2246,NA
"155990-20-8","2245",2245,NA
"85532-75-8","2244",2244,NA
"1068967-96-3","2243",2243,NA
"210826-40-7","2242",2242,NA
"123-35-3","2241",2241,NA
"88671-89-0","2240",2240,"Fungicide"
"36913-39-0","2192",2192,NA
"150-68-5","2191",2191,NA
"4376-18-5","2189",2189,NA
"6923-22-4","2188",2188,"Insecticide"
"131-70-4","2187",2187,NA
"2528-16-7","2186",2186,NA
"4376-20-9","2185",2185,NA
"2212-67-1","2182",2182,"Herbicide"
"2385-85-5","2180",2180,"Insecticide"
"NOCAS_34742","2179",2179,NA
"84371-65-3","2178",2178,NA
"90-94-8","2165",2165,NA
"113-48-4","2164",2164,NA
"7786-34-7","2163",2163,"Insecticide"
"21087-64-9","2162",2162,"Herbicide"
"51218-45-2","2161",2161,"Herbicide"
"99-76-3","2160",2160,NA
"93-15-2","2159",2159,NA
"6317-18-6","2157",2157,NA
"41372-08-1","2156",2156,NA
"119-36-8","2155",2155,NA
"298-00-0","2154",2154,"Fungicide"
"111-11-5","2153",2153,NA
"66-27-3","2152",2152,NA
"115-09-3","2151",2151,NA
"556-61-6","2150",2150,NA
"111-82-0","2149",2149,NA
"134-20-3","2144",2144,NA
"161050-58-4","2143",2143,NA
"72-43-5","2142",2142,"Insecticide"
"59-05-2","2141",2141,NA
"16752-77-5","2140",2140,"Insecticide"
"60-56-0","2139",2139,NA
"950-37-8","2138",2138,"Insecticide"
"100-97-0","2137",2137,NA
"10265-92-6","2135",2135,"Insecticide"
"1095-90-5","2134",2134,NA
"79-39-0","2132",2132,NA
"6734-80-1","2131",2131,NA
"57837-19-1","2130",2130,"Fungicide"
"104206-82-8","2129",2129,NA
"84-16-2","2128",2128,"Pharmacological"
"7487-94-7","2124",2124,NA
"24307-26-4","2123",2123,NA
"110235-47-7","2122",2122,"Fungicide"
"12108-13-3","2110",2110,NA
"12427-38-2","2109",2109,NA
"2234562","2108",2108,NA
"118-71-8","2106",2106,NA
"123-33-1","2105",2105,NA
"121-75-5","2104",2104,"Insecticide"
"1634-78-2","2103",2103,"Insecticide"
"73-22-3","2098",2098,NA
"87-69-4","2097",2097,NA
"75330-75-5","2096",2096,NA
"330-55-2","2091",2091,"Herbicide"
"58-89-9","2090",2090,"Fungicide"
"6080-56-4","2076",2076,NA
"50-81-7","2067",2067,NA
"77501-63-4","2064",2064,"Herbicide"
"65277-42-1","2059",2059,NA
"143-50-0","2058",2058,"Fungicide"
"141112-29-0","1996",1996,"Herbicide"
"82558-50-7","1995",1995,"Herbicide"
"51-30-9","1994",1994,NA
"68937-41-7","1992",1992,NA
"33820-53-0","1991",1991,"Herbicide"
"4098-71-9","1987",1987,NA
"78-59-1","1986",1986,NA
"106-27-4","1985",1985,NA
"123-51-3","1984",1984,NA
"29590-42-9","1983",1983,NA
"54-85-3","1982",1982,NA
"97-54-1","1981",1981,NA
"29761-21-5","1980",1980,NA
"42509-80-8","1978",1978,"Fungicide"
"36734-19-7","1975",1975,"Fungicide"
"144550-36-7","1974",1974,NA
"186392-65-4","1970",1970,NA
"173584-44-6","1969",1969,NA
"53-86-1","1968",1968,NA
"120-72-9","1967",1967,"PAH_Heterocyclic"
"1303-11-3","1966",1966,NA
"193-39-5","1965",1965,"PAH_Parent"
"138261-41-3","1961",1961,NA
"81335-77-5","1958",1958,NA
"81335-37-7","1957",1957,NA
"81334-34-1","1956",1956,NA
"104098-48-8","1955",1955,NA
"114311-32-9","1954",1954,NA
"35554-44-0","1953",1953,"Fungicide"
"473289-62-2","1952",1952,NA
"119515-38-7","1951",1951,NA
"127-07-1","1947",1947,NA
"52806-53-8","1946",1946,NA
"123-31-9","1945",1945,NA
"58-93-5","1944",1944,NA
"78587-05-0","1943",1943,NA
"51235-04-2","1940",1940,"Herbicide"
"142-62-1","1939",1939,NA
"33703-08-1","1938",1938,NA
"124-04-9","1937",1937,NA
"111-69-3","1936",1936,NA
"22915-73-7","1935",1935,NA
"86479-06-3","1933",1933,NA
"544-76-3","1932",1932,NA
"79983-71-4","1931",1931,"Fungicide"
"70-30-4","1930",1930,"Fungicide"
"77-47-4","1929",1929,NA
"111-14-8","1928",1928,NA
"1024-57-3","1926",1926,"Insecticide"
"76-44-8","1925",1925,"Fungicide"
"52-86-8","1920",1920,NA
"556-52-5","1912",1912,NA
"56-81-5","1909",1909,NA
"111-30-8","1906",1906,NA
"105-87-3","1901",1901,NA
"106-24-1","1900",1900,NA
"548-62-9","1899",1899,NA
"446-72-0","1898",1898,NA
"98-01-1","1890",1890,NA
"129453-61-8","1888",1888,NA
"330198-91-9","1887",1887,NA
"98886-44-3","1872",1872,"Insecticide"
"23422-53-9","1871",1871,NA
"75-12-7","1870",1870,NA
"68157-60-8","1869",1869,NA
"72178-02-0","1868",1868,NA
"133-07-3","1867",1867,"Fungicide"
"59-30-3","1866",1866,NA
"66332-96-5","1863",1863,"Fungicide"
"117337-19-6","1862",1862,"Herbicide"
"13311-84-7","1861",1861,NA
"85509-19-9","1860",1860,"Fungicide"
"81406-37-3","1859",1859,"Herbicide"
"69377-81-7","1858",1858,NA
"59756-60-4","1857",1857,"Herbicide"
"361377-29-9","1856",1856,"Fungicide"
"86-73-7","1855",1855,"PAH_Parent"
"206-44-0","1854",1854,"PAH_Parent"
"2164-17-2","1853",1853,"Herbicide"
"103361-09-7","1852",1852,"Herbicide"
"87546-18-7","1851",1851,"Herbicide"
"98967-40-9","1850",1850,NA
"62924-70-3","1849",1849,"Herbicide"
"188489-07-8","1848",1848,NA
"142459-58-3","1847",1847,"Herbicide"
"131341-86-1","1846",1846,"Fungicide"
"86386-73-4","1845",1845,NA
"79622-59-6","1844",1844,"Fungicide"
"79241-46-6","1843",1843,"Herbicide"
"69806-50-4","1842",1842,NA
"860302-33-6","1830",1830,NA
"120068-37-3","1829",1829,"Insecticide"
"55-38-9","1827",1827,"Insecticide"
"111812-58-9","1826",1826,NA
"39515-41-8","1825",1825,NA
"72490-01-8","1824",1824,NA
"66441-23-4","1823",1823,"Herbicide"
"49562-28-9","1822",1822,NA
"122-14-5","1821",1821,"Insecticide"
"126833-17-8","1820",1820,"Fungicide"
"114369-43-6","1819",1819,NA
"60168-88-9","1818",1818,"Fungicide"
"22224-92-6","1817",1817,"Insecticide"
"140-56-7","1816",1816,NA
"161326-34-7","1815",1815,"Fungicide"
"2783-94-0","1809",1809,NA
"1934-21-0","1808",1808,NA
"3844-45-9","1807",1807,NA
"196808-45-4","1806",1806,NA
"221246-12-4","1805",1805,NA
"131807-57-3","1804",1804,"Fungicide"
"129299-90-7","1799",1799,NA
"97-53-0","1796",1796,"Insecticide"
"2593-15-9","1795",1795,"Fungicide"
"153233-91-1","1794",1794,"General Pesticide"
"80844-07-1","1792",1792,"Insecticide"
"120-47-8","1791",1791,NA
"96-45-7","1790",1790,"Fungicide"
"107-21-1","1789",1789,NA
"106-30-9","1787",1787,NA
"105-54-4","1786",1786,NA
"NOCAS_47389","1784",1784,NA
"929601-09-2","1783",1783,NA
"NOCAS_47362","1782",1782,NA
"91-53-2","1781",1781,"Fungicide"
"13194-48-4","1780",1780,"Insecticide"
"26225-79-6","1779",1779,"Herbicide"
"563-12-2","1778",1778,"Insecticide"
"16672-87-0","1777",1777,NA
"141-43-5","1776",1776,NA
"55283-68-6","1773",1773,"Herbicide"
"53-16-7","1771",1771,NA
"50-28-2","1770",1770,"Pharmacological"
"66230-04-4","1769",1769,"Insecticide"
"114-07-8","1768",1768,NA
"72-20-8","1764",1764,"Fungicide"
"145-73-3","1763",1763,NA
"115-29-7","1762",1762,NA
"155569-91-8","1757",1757,NA
"361343-19-3","1756",1756,NA
"112-00-5","1710",1710,NA
"27176-87-0","1709",1709,NA
"27323-41-7","1708",1708,NA
"123-01-3","1707",1707,NA
"577-11-7","1706",1706,NA
"69-65-8","1704",1704,NA
"330-54-1","1703",1703,"Herbicide"
"97886-45-8","1702",1702,"Herbicide"
"110-05-4","1700",1700,NA
"298-04-4","1699",1699,"Insecticide"
"331623-06-4","1697",1697,NA
"6385-62-2","1695",1695,NA
"25265-71-8","1694",1694,NA
"136-45-8","1693",1693,"Insecticide"
"122-39-4","1692",1692,"Fungicide"
"744-45-6","1690",1690,NA
"147-24-0","1689",1689,NA
"131-18-0","1688",1688,"Industrial"
"2432-87-3","1687",1687,NA
"117-84-0","1686",1686,"Industrial"
"88-85-7","1685",1685,"Fungicide"
"83657-24-3","1684",1684,"Fungicide"
"79-44-7","1680",1680,NA
"75-60-5","1679",1679,NA
"108-01-0","1678",1678,NA
"120-61-6","1677",1677,NA
"77-78-1","1676",1676,NA
"106-65-0","1675",1675,NA
"131-11-3","1674",1674,"Insecticide"
"20120-33-6","1673",1673,NA
"756-79-6","1672",1672,NA
"108-59-8","1671",1671,NA
"868-85-9","1670",1670,NA
"1119-40-0","1669",1669,NA
"627-93-0","1667",1667,NA
"828-00-2","1666",1666,NA
"110488-70-5","1665",1665,"Fungicide"
"60-51-5","1664",1664,"Insecticide"
"55290-64-7","1663",1663,"General Pesticide"
"87674-68-8","1662",1662,"Herbicide"
"1445-75-6","1659",1659,NA
"166412-78-8","1658",1658,NA
"27178-16-1","1657",1657,NA
"84-69-5","1656",1656,"Industrial"
"141-04-8","1655",1655,NA
"84-75-3","1654",1654,"Industrial"
"43222-48-6","1653",1653,NA
"119446-68-3","1652",1652,"Fungicide"
"56-53-1","1651",1651,"Pharmacological"
"111-77-3","1650",1650,NA
"120-55-8","1649",1649,NA
"111-46-6","1648",1648,"Industrial"
"322089","1647",1647,NA
"11-55-2781","1647",1647,NA
"64-67-5","1646",1646,NA
"84-66-2","1645",1645,"Insecticide"
"123-25-1","1644",1644,NA
"111-42-2","1643",1643,NA
"60-57-1","1642",1642,"Insecticide"
"7173-51-5","1641",1641,NA
"2550-40-5","1640",1640,NA
"80-43-3","1639",1639,NA
"141-66-2","1638",1638,"Insecticide"
"115-32-2","1637",1637,"Insecticide"
"145701-21-9","1636",1636,NA
"99-30-9","1635",1635,"Fungicide"
"51338-27-3","1634",1634,"Herbicide"
"15307-79-6","1632",1632,NA
"62-73-7","1631",1631,"Insecticide"
"120-36-5","1630",1630,"Herbicide"
"50-29-3","1629",1629,"Insecticide"
"79-43-6","1627",1627,NA
"1194-65-6","1626",1626,"Herbicide"
"1918-00-9","1625",1625,"Herbicide"
"84-74-2","1624",1624,"Insecticide"
"105-99-7","1623",1623,NA
"109-43-3","1622",1622,NA
"3252-43-5","1621",1621,NA
"132-65-0","1620",1620,"PAH_Parent"
"132-64-9","1619",1619,"PAH_Heterocyclic"
"203-18-9","1618",1618,"PAH_Parent"
"205-97-0","1617",1617,"PAH_Parent"
"191-30-0","1616",1616,NA
"84030-79-5","1615",1615,"PAH_Parent"
"191-30-0","1614",1614,"PAH_Parent"
"189-55-9","1613",1613,"PAH_Parent"
"189-64-0","1612",1612,"PAH_Parent"
"53-70-3","1611",1611,"PAH_Parent"
"215-58-7","1610",1610,"PAH_Parent"
"962-58-3","1609",1609,"General Pesticide"
"333-41-5","1608",1608,"Insecticide"
"439-14-5","1607",1607,NA
"131-17-9","1606",1606,NA
"123-42-2","1605",1605,NA
"27138-31-4","1604",1604,NA
"117-81-7","1603",1603,"Insecticide"
"103-23-1","1602",1602,NA
"50-70-4","1601",1601,NA
"2392-39-4","1600",1600,NA
"52918-63-5","1595",1595,"Insecticide"
"1007-28-9","1594",1594,NA
"334-48-5","1588",1588,NA
"124-18-5","1587",1587,NA
"1163-19-5","1585",1585,NA
"NOCAS_0010","1582",1582,NA
"32534-81-9","1579",1579,NA
"533-74-4","1575",1575,"Fungicide"
"139340-56-0","1572",1572,NA
"80-08-0","1571",1571,NA
"1596-84-5","1570",1570,NA
"75-99-0","1569",1569,NA
"486-66-8","1568",1568,NA
"191680-83-8","1566",1566,NA
"95235-30-6","1565",1565,NA
"69-74-9","1560",1560,NA
"66215-27-8","1559",1559,"Insecticide"
"427-51-0","1558",1558,NA
"121552-61-2","1557",1557,"Fungicide"
"94361-06-5","1556",1556,NA
"52315-07-8","1555",1555,"Insecticide"
"57966-95-7","1554",1554,"Fungicide"
"122008-85-9","1548",1548,"Herbicide"
"68359-37-5","1547",1547,"Insecticide"
"6055-19-2","1545",1545,NA
"4449-51-8","1544",1544,NA
"712-50-5","1543",1543,NA
"108-91-8","1542",1542,NA
"66-81-9","1541",1541,NA
"108-94-1","1540",1540,NA
"108-93-0","1539",1539,NA
"1134-23-2","1537",1537,"Herbicide"
"113136-77-9","1536",1536,NA
"120116-88-3","1535",1535,NA
"108-80-5","1534",1534,NA
"21725-46-2","1532",1532,"Herbicide"
"420-04-2","1531",1531,NA
"80-15-9","1522",1522,NA
"26444-49-5","1457",1457,NA
"91-64-5","1455",1455,NA
"56-72-4","1454",1454,"Insecticide"
"486-56-6","1452",1452,NA
"50-22-6","1450",1450,NA
"191-07-1","1449",1449,"PAH_Parent"
"64-86-8","1430",1430,NA
"8000-34-8","1392",1392,NA
"23593-75-1","1391",1391,NA
"210880-92-5","1390",1390,NA
"120-32-1","1389",1389,NA
"57754-85-5","1388",1388,NA
"1702-17-6","1387",1387,NA
"101-10-0","1386",1386,NA
"50-41-9","1385",1385,NA
"81777-89-1","1384",1384,"Herbicide"
"637-07-0","1383",1383,NA
"74115-24-5","1382",1382,NA
"105512-06-9","1381",1381,"Herbicide"
"4291-63-8","1380",1380,NA
"106-22-9","1379",1379,NA
"77-92-9","1378",1378,NA
"199171-88-5","1375",1375,NA
"87818-31-3","1372",1372,NA
"218-01-9","1371",1371,"PAH_Parent"
"491-38-3","1370",1370,"PAH_Oxy"
"1861-32-1","1369",1369,"Herbicide"
"5598-13-0","1367",1367,"Insecticide"
"5598-15-2","1366",1366,NA
"2921-88-2","1364",1364,"Insecticide"
"101-21-3","1363",1363,"Herbicide"
"69-09-0","1362",1362,NA
"1897-45-6","1361",1361,"General Pesticide"
"2675-77-6","1360",1360,"Fungicide"
"510-15-6","1359",1359,"General Pesticide"
"1698-60-8","1356",1356,"Herbicide"
"54593-83-8","1355",1355,"Insecticide"
"115-28-6","1354",1354,NA
"57-74-9","1353",1353,NA
"133-90-4","1352",1352,NA
"169590-42-5","1333",1333,NA
"120-80-9","1327",1327,NA
"1260-17-9","1325",1325,NA
"159138-81-5","1324",1324,NA
"128639-02-1","1323",1323,"Herbicide"
"5234-68-4","1322",1322,"Fungicide"
"55285-14-8","1321",1321,"Insecticide"
"1563-66-2","1318",1318,"Insecticide"
"10605-21-7","1317",1317,NA
"86-74-8","1316",1316,"PAH_Heterocyclic"
"63-25-2","1315",1315,"Insecticide"
"298-46-4","1314",1314,NA
"184653-84-7","1313",1313,NA
"133-06-2","1312",1312,"Fungicide"
"191906","1311",1311,"Fungicide"
"105-60-2","1310",1310,NA
"123122-55-4","1308",1308,NA
"58-08-2","1307",1307,"Pharmacological"
"91082-17-6","1277",1277,NA
"842-07-9","1273",1273,NA
"82469-79-2","1272",1272,NA
"94-26-8","1271",1271,NA
"104-51-8","1270",1270,NA
"2008-41-5","1269",1269,"Herbicide"
"85-68-7","1268",1268,"Industrial"
"136-60-7","1267",1267,NA
"33629-47-9","1266",1266,"Herbicide"
"107-92-6","1265",1265,NA
"35256-85-0","1264",1264,"Herbicide"
"134605-64-4","1263",1263,"Herbicide"
"23184-66-9","1262",1262,"Herbicide"
"55-98-1","1261",1261,NA
"NOCAS_0009","1260",1260,NA
"69327-76-0","1259",1259,"Insecticide"
"52-51-7","1251",1251,NA
"1689-84-5","1250",1250,"Herbicide"
"314-40-9","1246",1246,"Herbicide"
"63134-33-8","1241",1241,NA
"97042-18-7","1240",1240,NA
"188425-85-6","1237",1237,"Fungicide"
"10043-35-3","1236",1236,NA
"843-55-0","1222",1222,NA
"80-09-1","1221",1221,NA
"24038-68-4","1220",1220,NA
"2167-51-3","1219",1219,NA
"620-92-8","1218",1218,NA
"66328","1217",1217,NA
"79-97-0","1216",1216,NA
"77-40-7","1215",1215,NA
"1571-75-1","1214",1214,NA
"1478-61-1","1213",1213,NA
"5945-33-5","1212",1212,NA
"80-05-7","1211",1211,"Industrial"
"56-35-9","1209",1209,NA
"111-96-6","1208",1208,NA
"26040-51-7","1206",1206,NA
"6422-86-2","1205",1205,NA
"103-24-2","1204",1204,NA
"122-62-3","1203",1203,NA
"111-44-4","1202",1202,NA
"789440-10-4","1200",1200,NA
"92-52-4","1199",1199,"Fungicide"
"82657-04-3","1198",1198,"Insecticide"
"149877-41-8","1197",1197,NA
"319-85-7","1191",1191,"Insecticide"
"253450-09-8","1190",1190,NA
"633-65-8","1189",1189,NA
"58394-64-2","1188",1188,NA
"100-51-6","1187",1187,NA
"98-07-7","1186",1186,NA
"119-61-9","1185",1185,"PersonalCare"
"65-85-0","1184",1184,NA
"271-89-6","1183",1183,NA
"207-08-9","1182",1182,"PAH_Parent"
"205-82-3","1180",1180,"PAH_Parent"
"191-24-2","1179",1179,"PAH_Parent"
"192-97-2","1178",1178,"PAH_Parent"
"109699-80-1","1177",1177,"PAH_Oxy"
"243-17-4","1176",1176,"PAH_Parent"
"205-99-2","1175",1175,"PAH_Parent"
"50-32-8","1174",1174,"PAH_Parent"
"479-79-8","1173",1173,"PAH_Oxy"
"238-84-6","1172",1172,NA
"56-55-3","1171",1171,"PAH_Parent"
"92-87-5","1167",1167,"Industrial"
"82-05-3","1166",1166,"PAH_Oxy"
"98-87-3","1165",1165,NA
"2498-66-0","1163",1163,"PAH_Oxy"
"56-55-3","1161",1161,NA
"25057-89-0","1160",1160,"Herbicide"
"741-58-2","1159",1159,NA
"17804-35-2","1158",1158,NA
"15310-01-7","1157",1157,"Fungicide"
"1861-40-1","1155",1155,"Herbicide"
"22781-23-3","1154",1154,"Insecticide"
"131860-33-8","1121",1121,"Fungicide"
"103-33-3","1120",1120,"Fungicide"
"86-50-0","1119",1119,"Insecticide"
"446-86-6","1118",1118,NA
"35575-96-3","1117",1117,"Insecticide"
"2465-27-2","1114",1114,NA
"1912-24-9","1105",1105,"Herbicide"
"3337-71-1","1075",1075,NA
"461023-63-2","1034",1034,NA
"1143-38-0","1032",1032,NA
"120-12-7","1031",1031,"PAH_Parent"
"191-26-4","1030",1030,"PAH_Parent"
"101-05-3","1028",1028,"Fungicide"
"26787-78-0","1017",1017,NA
"3825-26-1","1016",1016,NA
"3825-26-1","C476948",1016,"EPA PFAS"
"1111-78-0","1015",1015,NA
"33089-61-1","1014",1014,"Insecticide"
"19774-82-4","1013",1013,NA
"834-12-8","1010",1010,"Herbicide"
"10016-20-3","1007",1007,NA
"25956-17-6","1006",1006,NA
"584-79-2","1002",1002,"Insecticide"
"309-00-2","1000",1000,"Insecticide"
"1646-75-9","999",999,NA
"116-06-3","998",998,NA
"15972-60-8","997",997,"Herbicide"
"66456-53-9","969",969,NA
"79-06-1","966",966,NA
"260-94-6","965",965,"PAH_Heterocyclic"
"50594-66-6","964",964,NA
"135158-54-2","963",963,"Fungicide"
"77-89-4","962",962,NA
"50-78-2","961",961,NA
"77-90-7","960",960,NA
"98-86-2","959",959,NA
"34256-82-1","956",956,"Herbicide"
"638-38-0","955",955,NA
"64-19-7","954",954,NA
"135410-20-7","953",953,"Insecticide"
"103-90-2","952",952,NA
"60-35-5","951",951,NA
"30560-19-1","950",950,"Insecticide"
"208-96-8","949",949,"PAH_Parent"
"82-86-0","948",948,"PAH_Oxy"
"83-32-9","947",947,"PAH_Parent"
"1634036","946",946,"PAH_Oxy"
"6373-11-1","946",946,NA
"71751-41-2","944",944,NA
"484-17-3","778",778,"PAH_Hydroxy"
"954-46-1","777",777,"PAH_Nitro"
"602-60-8","776",776,"PAH_Nitro"
"779-02-2","775",775,"PAH_Alkylated"
"1689-64-1","774",774,"PAH_Hydroxy"
"486-25-9","771",771,"PAH_Oxy"
"723-62-6","770",770,"PAH_Hydroxy"
"1210-12-4","769",769,"PAH_Nitro"
"947-73-9","768",768,"PAH_Nitro"
"84-11-7","747",747,"PAH_Oxy"
"84-65-1","746",746,"PAH_Oxy"
"611-32-5","741",741,"PAH_Heterocyclic"
"148-24-3","740",740,NA
"678-39-7","726",726,NA
"678-39-7","C880284",726,"EPA PFAS"
"27905-45-9","C331561",725,"EPA PFAS"
"NOCAS_0003","722",722,NA
"20268-51-3","721",721,"PAH_Nitro"
"57-97-6","702",702,"PAH"
"154-42-7","700",700,NA
"51-52-5","699",699,NA
"2043937","697",697,"PAH_Nitro"
"7496-02-8","697",697,NA
"63041-90-7","696",696,"PAH_Nitro"
"91-62-3","695",695,NA
"1705-85-7","694",694,"PAH_Alkylated"
"56-04-2","693",693,NA
"28094-15-7","692",692,NA
"37515-51-8","691",691,"PAH_Hydroxy"
"3074-00-8","689",689,"PAH_Oxy"
"135080-03-4","688",688,NA
"NOCAS_47338","687",687,NA
"197077-55-7","683",683,NA
"676116-04-4","675",675,NA
"91227-09-7","674",674,"PAH_Heterocyclic"
"668981-02-0","673",673,NA
"NOCAS_47349","668",668,NA
"602-87-9","667",667,"PAH_Nitro"
"200940-23-4","665",665,NA
"105624-86-0","662",662,NA
"104-67-6","661",661,NA
"51-21-8","660",660,NA
"NOCAS_47366","659",659,NA
"7747-35-5","655",655,NA
"26172-55-4","654",654,NA
"2835-95-2","653",653,NA
"57-41-0","646",646,NA
"77-71-4","645",645,NA
"162706-14-1","630",630,NA
"85-02-9","629",629,"PAH_Heterocyclic"
"1090-13-7","628",628,"PAH_Oxy"
"NOCAS_48522","627",627,NA
"NOCAS_48505","626",626,NA
"NOCAS_48507","625",625,NA
"521-18-6","622",622,NA
"106-87-6","620",620,NA
"98-54-4","619",619,NA
"42156-92-3","618",618,"PAH_Hydroxy"
"33228-44-3","617",617,NA
"1806-26-4","616",616,NA
"84852-15-3","615",615,NA
"104-40-5","614",614,"Fungicide"
"99-99-0","611",611,"Industrial"
"100-02-7","610",610,"Fungicide"
"92-93-3","609",609,"PAH_Nitro"
"62-23-7","608",608,NA
"100-01-6","607",607,NA
"106-44-5","606",606,"Industrial"
"106-49-0","605",605,NA
"108-11-2","604",604,NA
"68392-35-8","603",603,NA
"7651-86-7","602",602,"PAH_Hydroxy"
"63019-40-9","601",601,"PAH_Hydroxy"
"121-33-5","600",600,NA
"136-77-6","599",599,NA
"1987-50-4","598",598,NA
"61479-80-9","597",597,"PAH_Heterocyclic"
"5737-13-3","596",596,"PAH_Oxy"
"203-64-5","595",595,NA
"5877-42-9","591",591,NA
"92-68-2","590",590,NA
"2433-14-9","589",589,NA
"599-64-4","588",588,NA
"106-43-4","587",587,NA
"5216-25-1","586",586,NA
"106-47-8","585",585,"Herbicide"
"59-50-7","584",584,"Fungicide"
"NOCAS_47311","583",583,NA
"95-83-0","582",582,NA
"96-48-0","581",581,NA
"298198-52-4","580",580,NA
"63-05-8","579",579,NA
"54-62-6","578",578,NA
"150-13-0","577",577,NA
"60-09-3","576",576,NA
"584-13-4","574",574,NA
"41481-66-7","561",561,NA
"101-80-4","560",560,"Industrial"
"101-77-9","559",559,NA
"101-61-1","558",558,NA
"838-88-0","557",557,NA
"553-26-4","556",556,NA
"27955-94-8","554",554,NA
"1062243-51-9","537",537,NA
"99-71-8","533",533,NA
"249296-43-3","532",532,NA
"80-46-6","531",531,NA
"5349-51-9","530",530,NA
"94-82-6","529",529,NA
"140-66-9","528",528,NA
"230954-09-3","527",527,NA
"353280-07-6","520",520,NA
"100-54-9","519",519,NA
"3739-38-6","518",518,NA
"4352-88-9","517",517,"PAH_Heterocyclic"
"99-08-1","516",516,NA
"17024-19-0","515",515,"PAH_Nitro"
"892-21-7","514",514,"PAH_Nitro"
"5410-97-9","513",513,"PAH_Nitro"
"2113-58-8","512",512,"PAH_Nitro"
"17117-34-9","511",511,"PAH_Nitro"
"123-92-2","508",508,NA
"108-44-1","507",507,NA
"55406-53-6","505",505,NA
"605-87-8","504",504,"PAH_Hydroxy"
"6344-67-8","503",503,"PAH_Hydroxy"
"17798-09-3","502",502,"PAH_Hydroxy"
"77508-02-2","501",501,"PAH_Hydroxy"
"4834-35-9","500",500,"PAH_Hydroxy"
"215297-27-1","494",494,NA
"NOCAS_47379","492",492,NA
"127-51-5","490",490,NA
"627-18-9","489",489,NA
"30516-87-1","488",488,NA
"826-62-0","487",487,NA
"5392-40-5","481",481,NA
"1823692","476",476,NA
"95-65-8","475",475,NA
"99-54-7","474",474,NA
"496-72-0","473",473,NA
"119-93-7","472",472,NA
"20325-40-0","471",471,NA
"119-90-4","470",470,"Industrial"
"79-94-7","467",467,NA
"2144-53-8","466",466,NA
"647-42-7","465",465,NA
"67-30-1","464",464,NA
"501027-49-2","458",458,NA
"460081-99-6","457",457,NA
"NOCAS_47292","456",456,NA
"402910-27-4","455",455,NA
"NOCAS_0002","448",448,"PAH_Nitro"
"1576-67-6","447",447,"PAH_Alkylated"
"95-76-1","444",444,"General Pesticide"
"111-94-4","443",443,NA
"79-94-7","441",441,NA
"32598-13-3","439",439,"PCB"
"151506-44-4","436",436,NA
"686756-87-6","435",435,NA
"264618-44-2","434",434,NA
"181640-09-5","433",433,NA
"134002-60-1","432",432,NA
"88-18-6","431",431,NA
"88-60-8","430",430,NA
"121-00-6","429",429,NA
"96-70-8","428",428,NA
"90-43-7","425",425,"Fungicide"
"122-99-6","424",424,NA
"88-72-2","421",421,NA
"789-07-1","420",420,"PAH_Nitro"
"581-89-5","419",419,"PAH_Nitro"
"607-57-8","418",418,"PAH_Nitro"
"13177-29-2","417",417,"PAH_Nitro"
"6639-36-7","416",416,"PAH_Nitro"
"86-00-0","415",415,"PAH_Nitro"
"3586-69-4","414",414,"PAH_Nitro"
"91-59-8","413",413,NA
"135-19-3","412",412,"PAH_Hydroxy"
"95-48-7","410",410,"Industrial"
"91-57-6","409",409,"PAH_Alkylated"
"4265-25-2","406",406,"PAH_Heterocyclic"
"613-12-7","404",404,"PAH_Alkylated"
"95-53-4","403",403,NA
"99-55-8","402",402,NA
"94-74-6","401",401,NA
"534-52-1","400",400,"Fungicide"
"107-41-5","399",399,NA
"109-86-4","397",397,NA
"99-59-2","396",396,NA
"120-71-8","395",395,NA
"149-30-4","393",393,NA
"2443-58-5","392",392,"PAH_Hydroxy"
"6915-15-7","391",391,NA
"183658-27-7","385",385,NA
"1241-94-7","384",384,NA
"149-57-5","383",383,NA
"84-51-5","381",381,"PAH_Oxy"
"104-76-7","380",380,NA
"111-15-9","379",379,NA
"110-80-5","378",378,NA
"95-49-8","377",377,NA
"95-57-8","376",376,"General Pesticide"
"742693-38-5","375",375,NA
"107-07-3","374",374,NA
"532-27-4","373",373,NA
"111-76-2","371",371,NA
"96-29-7","370",370,NA
"598-72-1","369",369,NA
"NOCAS_48518","367",367,NA
"101-86-0","366",366,NA
"193-98-6","365",365,"PAH_Heterocyclic"
"90-04-0","364",364,NA
"117-79-3","363",363,NA
"97-56-3","362",362,"Industrial"
"23592-74-7","360",360,"PAH_Heterocyclic"
"128-39-2","358",358,NA
"606-20-2","357",357,NA
"576-26-1","356",356,NA
"87-62-7","355",355,"Industrial"
"NOCAS_47330","354",354,NA
"579-66-8","353",353,NA
"174185-16-1","352",352,NA
"88-58-4","347",347,NA
"95-87-4","346",346,NA
"78-63-7","345",345,NA
"96-76-4","343",343,NA
"121-14-2","342",342,NA
"105-67-9","340",340,"Pharmacological"
"94-75-7","339",339,NA
"120-83-2","338",338,"Fungicide"
"95-80-7","337",337,NA
"120-95-6","336",336,NA
"2772-45-4","335",335,NA
"126-86-3","333",333,NA
"732-26-3","332",332,NA
"527-60-6","331",331,NA
"88-06-2","330",330,"Fungicide"
"95-95-4","329",329,"Fungicide"
"602-01-7","326",326,NA
"69655-05-6","325",325,NA
"2687-25-4","324",324,NA
"2416-94-6","322",322,NA
"10222-01-2","320",320,NA
"2971-36-0","318",318,NA
"6846-50-0","317",317,NA
"131-55-5","316",316,NA
"929-59-9","315",315,NA
"344930-95-6","302",302,NA
"219790-72-4","301",301,NA
"825643-57-0","300",300,NA
"112-50-5","299",299,NA
"109041-38-5","297",297,"PAH_Nitro"
"582-17-2","296",296,"PAH_Hydroxy"
"581-42-0","295",295,NA
"51-28-5","291",291,NA
"5397-34-2","289",289,NA
"118-79-6","288",288,"Flame Retardant"
"613-06-9","286",286,"PAH_Alkylated"
"92-44-4","285",285,"PAH_Hydroxy"
"19660-16-3","284",284,NA
"1746-01-6","283",283,NA
"3296-90-0","281",281,NA
"79-95-8","280",280,NA
"5436-43-1","279",279,"Flame Retardant"
"60348-60-9","278",278,"Flame Retardant"
"68631-49-2","275",275,"Flame Retardant"
"21564-17-0","271",271,"Fungicide"
"126-11-4","269",269,NA
"112-25-4","268",268,NA
"89-72-5","267",267,NA
"214535-77-0","266",266,NA
"111-90-0","265",265,NA
"112-34-5","264",264,NA
"NOCAS_48172","263",263,NA
"124378-77-4","262",262,NA
"112-42-5","260",260,NA
"112-70-9","259",259,NA
"1120-36-1","258",258,NA
"112-72-1","257",257,NA
"629-76-5","255",255,NA
"111-87-5","254",254,NA
"5522-43-0","252",252,"PAH_Nitro"
"86-57-7","251",251,"PAH_Nitro"
"90-12-0","250",250,"PAH_Alkylated"
"107-98-2","249",249,NA
"5315-79-7","248",248,"PAH_Hydroxy"
"2433-56-9","247",247,"PAH_Hydroxy"
"90-15-3","246",246,"PAH_Hydroxy"
"36653-82-4","242",242,NA
"2043-57-4","240",240,NA
"288-88-0","239",239,NA
"349495-42-7","235",235,NA
"848641-69-0","234",234,NA
"2687-96-9","233",233,NA
"112-53-8","232",232,NA
"112-30-1","231",231,NA
"100-00-5","230",230,NA
"15619-48-4","229",229,NA
"146011-65-6","228",228,NA
"1606-67-3","227",227,"PAH_Nitro"
"58-18-4","224",224,NA
"10161-33-8","223",223,NA
"68-96-2","221",221,NA
"57-63-6","220",220,"Pharmacological"
"57-91-0","219",219,NA
"822-06-0","214",214,NA
"2243-62-1","210",210,NA
"851916-42-2","209",209,NA
"4904-61-4","208",208,NA
"106-46-7","203",203,"Fungicide"
"1120-71-4","197",197,NA
"102-06-7","195",195,NA
"99-65-0","194",194,NA
"99-62-7","193",193,NA
"541-73-1","192",192,"Insecticide"
"149062-75-9","191",191,NA
"118-52-5","190",190,NA
"96-23-1","189",189,NA
"77-48-5","188",188,NA
"107-88-0","187",187,NA
"121-91-5","186",186,NA
"108-45-2","185",185,NA
"108-67-8","184",184,NA
"57-55-6","182",182,NA
"95-54-5","181",181,NA
"122-66-7","176",176,NA
"528-29-0","175",175,NA
"99-51-4","174",174,NA
"83-41-0","173",173,NA
"95-50-1","172",172,"Herbicide"
"2634-33-5","171",171,NA
"68515-49-1","170",170,NA
"643-79-8","169",169,NA
"95-63-6","168",168,NA
"120-82-1","167",167,"Insecticide"
"95-94-3","166",166,NA
"96-18-4","165",165,NA
"87-61-6","164",164,NA
"95-14-7","163",163,NA
"428856","155",155,"PAH_Oxy"
"3074-03-1","155",155,NA
"678-39-7","148",148,NA
"112-38-9","138",138,NA
"56892-31-0","129",129,"PAH_Hydroxy"
"NOCAS_47353","119",119,NA
"NOCAS_47385","118",118,NA
"179465-71-5","117",117,NA
"NOCAS_47299","116",116,NA
"107071-66-9","115",115,NA
"23779-32-0","114",114,NA
"289716-94-5","113",113,NA
"648917-13-9","112",112,NA
"158081-99-3","111",111,NA
"139149-55-6","110",110,NA
"203942-49-8","109",109,NA
"NOCAS_47342","108",108,NA
"82-05-3","71",71,"PAH_Oxy"
"42397-65-9","70",70,"PAH_Nitro"
"569-41-5","69",69,"PAH_Alkylated"
"42397-64-8","67",67,"PAH_Nitro"
"575-43-9","66",66,"PAH_Alkylated"
"575-44-0","65",65,"PAH_Hydroxy"
"571-61-9","64",64,"PAH_Alkylated"
"83-56-7","63",63,"PAH_Hydroxy"
"569-15-3","62",62,"PAH_Oxy"
"130-15-4","61",61,"PAH_Oxy"
"571-58-4","60",60,"PAH_Alkylated"
"635-12-1","58",58,"PAH_Oxy"
"75321-20-9","57",57,"PAH_Nitro"
"132-86-5","56",56,"PAH_Hydroxy"
"524-42-5","54",54,"PAH_Oxy"
"573-98-8","53",53,"PAH_Alkylated"
"3194-55-6","51",51,"Flame Retardant"
"116-25-6","50",50,NA
"862243-29-6","48",48,NA
"NOCAS_47381","28",28,NA
"725228-45-5","27",27,NA
"113734-18-2","26",26,NA
"149413-74-1","25",25,NA
"4180-23-8","24",24,NA
"207736-05-8","23",23,NA
"291305-06-1","22",22,NA
"1191914-21-2","21",21,NA
"NOCAS_48509","20",20,NA
"NOCAS_47333","19",19,NA
"171866-31-2","18",18,NA
"106-25-2","17",17,NA
"NOCAS_47305","16",16,NA
"145742-28-5","15",15,NA
"177785-47-6","14",14,NA
"NOCAS_47346","13",13,NA
"445295-04-5","12",12,NA
"588941-45-1","11",11,NA
"444610-91-7","10",10,NA
"NOCAS_47325","8",8,NA
"221671-62-1","7",7,NA
"NOCAS_47267","6",6,NA
"NOCAS_47377","5",5,NA
"180084-01-9","4",4,NA
"102409-92-7","3",3,NA
"368832-42-2","2",2,NA
"290352-28-2","0",0,NA
"428-85-6","",10014,""
"1823-69-2","",10015,""
"2043-93-7","",10016,""
"1634-03-6","",10017,""
"66-32-8","",10018,""
"191-90-6","",10019,""
"322-08-9","",10020,""
"2234-56-2","",10021,""
"2/7/3792","",10022,""
"1/9/2264","",10023,""
"96-12-8","",10024,""
"134-32-7","",10025,""
"40186-71-8","",10026,""
"60233-25-2","",10027,""
"58-90-2","",10028,""
"57117-31-4","",10029,""
"137-17-7","",10030,""
"53-19-0","",10031,""
"3424-82-6","",10032,""
"87-65-0","",10033,""
"88-74-4","",10034,""
"88-75-5","",10035,""
"16655-82-6","",10036,""
"108-39-4","",10037,""
"99-09-2","",10038,""
"92-67-1","",10039,""
"7005-72-3","",10040,""
"319-84-6","",10041,""
"5103-71-9","",10042,""
"2032-59-9","",10043,""
"140-57-8","",10044,""
"1610-17-9","",10045,""
"101-27-9","",10046,""
"2425-06-1","",10047,""
"786-19-6","",10048,""
"470-90-6","",10049,""
"5836-10-2","",10050,""
"5103-73-1","",10051,""
"7700-17-6","",10052,""
"5989-27-5","",10053,""
"319-86-8","",10054,""
"126-75-0","",10055,""
"2303-16-4","",10056,""
"192-65-4","",10057,""
"117-80-6","",10058,""
"115-90-2","",10059,""
"101-42-8","",10060,""
"33245-39-5","",10061,""
"5103-74-2","",10062,""
"465-73-6","",10063,""
"21609-90-5","",10064,""
"150-50-5","",10065,""
"2032-65-7","",10066,""
"950-35-6","",10067,""
"152-16-9","",10068,""
"13171-21-6","",10069,""
"2631-37-0","",10070,""
"1918-16-7","",10071,""
"122-42-9","",10072,""
"34643-46-4","",10073,""
"299-84-3","",10074,""
"297-97-2","",10075,""
"39300-45-3","",10076,""
"6988-21-2","",10077,""
"957-51-7","",10078,""
"2497-06-5","",10079,""
"33213-65-9","",10080,""
"1031-07-8","",10081,""
"7421-93-4","",10082,""
"53494-70-5","",10083,""
"52-85-7","",10084,""
"118-74-1","",10085,""
"27304-13-8","",10086,""
"1114-71-2","",10087,""
"608-93-5","",10088,""
"26259-45-0","",10089,""
"1014-70-6","",10090,""
"3689-24-5","",10091,""
"35400-43-2","",10092,""
"1918-18-9","",10093,""
"95-06-7","",10094,""
"886-50-0","",10095,""
"107-49-3","",10096,""
"39765-80-5","",10097,""
"78-32-0","",10098,""
"327-98-0","",10099,""
"41814-78-2","",10100,""
"16605-91-7","",10101,""
"92-86-4","",10102,""
"626-15-3","",10103,""
"29973-13-5","",10104,""
"2179-25-1","",10105,""
"959-98-8","",10106,""
"60145-21-3","",10107,""
"52663-69-1","",10108,""
"35065-30-6","",10109,""
"74472-42-7","",10110,""
"35065-28-2","",10111,""
"38380-07-3","",10112,""
"32598-14-4","",10113,""
"38380-01-7","",10114,""
"52663-62-4","",10115,""
"38444-90-5","",10116,""
"41411-63-6","",10117,""
"41464-40-8","",10118,""
"35065-29-3","",10119,""
"38380-08-4","",10120,""
"37680-73-2","",10121,""
"35693-99-3","",10122,""
"33284-50-3","",10123,""
"74472-37-0","",10124,""
"197-70-6","",10125,""
"34883-43-7","",10126,""
"7012-37-5","",10127,""
"41464-39-5","",10128,""
"33025-41-1","",10129,""
"32598-11-1","",10130,""
"32690-93-0","",10131,""
"38380-02-8","",10132,""
"52663-64-6","",10133,""
"39635-31-9","",10134,""
"72-56-0","",10135,""
"2642-71-9","",10136,""
"2050-68-2","",10137,""
"51630-58-1","",10138,""
"37680-65-2","",10139,""
"32598-10-0","",10140,""
"38380-03-9","",10141,""
"51908-16-8","",10142,""
"38380-04-0","",10143,""
"52663-63-5","",10144,""
"52663-70-4","",10145,""
"35694-08-7","",10146,""
"2052-07-5","",10147,""
"41318-75-6","",10148,""
"243982-82-3","",10149,""
"16606-02-3","",10150,""
"70362-45-7","",10151,""
"41464-43-1","",10152,""
"52663-61-3","",10153,""
"52663-66-8","",10154,""
"69782-90-7","",10155,""
"52663-72-6","",10156,""
"52663-67-9","",10157,""
"2136-99-4","",10158,""
"69806-40-2","",10159,""
"4640-01-1","",10160,""
"58580-14-6","",10161,""
"112143-82-5","",10162,""
"58580-13-5","",10163,""
"174514-07-9","",10164,""
"133408-50-1","",10165,""
"6552-21-2","",10166,""
"999007-03-3","",10167,""
"140923-25-7","",10168,""
"3988-03-2","",10169,""
"142534-71-2","",10170,""
"81405-85-8","",10171,""
"120068-36-2","",10172,""
"41483-43-6","",10173,""
"130000-40-7","",10174,""
"143390-89-0","",10175,""
"6132-17-8","",10176,""
"104030-54-8","",10177,""
"122453-73-0","",10178,""
"180409-60-3","",10179,""
"115852-48-7","",10180,""
"3761-42-0","",10181,""
"74070-46-5","",10182,""
"14255-72-2","",10183,""
"7082-99-7","",10184,""
"59080-37-4","",10185,""
"163520-33-0","",10186,""
"58810-48-3","",10187,""
"121-21-1","",10188,""
"2132-70-9","",10189,""
"63837-33-2","",10190,""
"136191-64-5","",10191,""
"66860-80-8","",10192,""
"135590-91-9","",10193,""
"74738-17-3","",10194,""
"283594-90-1","",10195,""
"31972-43-7","",10196,""
"116255-48-2","",10197,""
"31972-44-8","",10198,""
"131086-42-5","",10199,""
"149961-52-4","",10200,""
"117-83-9","",10201,""
"137641-05-5","",10202,""
"99607-70-2","",10203,""
"125116-23-6","",10204,""
"120928-09-8","",10205,""
"64249-01-0","",10206,""
"103112-35-2","",10207,""
"51186-88-0","",10208,""
"154159-06-5","",10209,""
"26046-85-5","",10210,""
"84-62-8","",10211,""
"299-45-6","",10212,""
"96525-23-4","",10213,""
"52570-16-8","",10214,""
"3861-47-0","",10215,""
"1420-06-0","",10216,""
"135186-78-6","",10217,""
"101007-06-1","",10218,""
"77501-90-7","",10219,""
"82560-54-1","",10220,""
"89784-60-1","",10221,""
"220899-03-6","",10222,""
"3118-97-6","",10223,""
"136426-54-5","",10224,""
"999008-03-6","",10225,""
"125306-83-4","",10226,""
"61576-99-6","",10227,""
"111872-58-3","",10228,""
"121227-99-4","",10229,""
"57960-19-7","",10230,""
"105024-66-6","",10231,""
"105779-78-0","",10232,""
"84-76-4","",10233,""
"129558-76-5","",10234,""
"142891-20-1","",10235,""
"98-53-3","",10236,""
"29878-31-7","",10237,""
"125225-28-7","",10238,""
"23576-24-1","",10239,""
"54406-48-3","",10240,""
"82-66-6","",10241,""
"71561-11-0","",10242,""
"3766-81-2","",10243,""
"1746-81-2","",10244,""
"4658-28-0","",10245,""
"80-06-8","",10246,""
"39515-40-7","",10247,""
"1229-55-6","",10248,""
"139920-32-4","",10249,""
"229977-93-9","",10250,""
"121776-33-8","",10251,""
"91465-08-6","",10252,""
"86598-92-7","",10253,""
"199338-48-2","",10254,""
"158474-72-7","",10255,""
"4466-14-2","",10256,""
"25402-06-6","",10257,""
"121-20-0","",10258,""
"1172-63-0","",10259,""
"121-29-9","",10260,""
"28044-83-9","",10261,""
"71363-52-5","",10262,""
"3067-13-8","",10263,""
"65199-11-3","",10264,""
"999051-03-5","",10265,""
"999043-03-7","",10266,""
"999040-03-8","",10267,""
"65733-16-6","",10268,""
"999049-03-5","",10269,""
"999048-03-2","",10270,""
"999037-03-5","",10271,""
"999038-03-8","",10272,""
"999050-03-2","",10273,""
"999039-03-1","",10274,""
"999034-03-6","",10275,""
"999027-03-1","",10276,""
"61949-76-6","",10277,""
"84-54-8","",10278,""
"999028-03-4","",10279,""
"999029-03-7","",10280,""
"999030-03-4","",10281,""
"104-12-1","",10282,""
"367-21-5","",10283,""
"99-88-7","",10284,""
"99-49-0","",10285,""
"24549-06-2","",10286,""
"3964-56-5","",10287,""
"591-27-5","",10288,""
"95-69-2","",10289,""
"106-40-1","",10290,""
"1563-38-8","",10291,""
"102-36-3","",10292,""
"87-40-1","",10293,""
"50375-10-5","",10294,""
"626-39-1","",10295,""
"5345-54-0","",10296,""
"85-41-6","",10297,""
"27813-21-4","",10298,""
"33704-61-9","",10299,""
"636-30-6","",10300,""
"98-10-2","",10301,""
"2655-14-3","",10302,""
"136-85-6","",10303,""
"55440-55-6","",10304,""
"2600-69-3","",10305,""
"607-99-8","",10306,""
"4710-17-2","",10307,""
"16954-69-1","",10308,""
"6190-65-4","",10309,""
"879-39-0","",10310,""
"3811-49-2","",10311,""
"2008-58-4","",10312,""
"30125-63-4","",10313,""
"95465-99-9","",10314,""
"3740-92-9","",10315,""
"13171-00-1","",10316,""
"41205-21-4","",10317,""
"37019-18-4","",10318,""
"66840-71-9","",10319,""
"4228-88-0","",10320,""
"15323-35-0","",10321,""
"120-51-4","",10322,""
"8065-36-9","",10323,""
"3734-48-3","",10324,""
"771-51-7","",10325,""
"502-72-7","",10326,""
"4147-57-3","",10327,""
"6108-10-7","",10328,""
"106-02-5","",10329,""
"495-48-7","",10330,""
"83-66-9","",10331,""
"1929-87-9","",10332,""
"34849-42-8","",10333,""
"98730-04-2","",10334,""
"68140-48-7","",10335,""
"101-76-8","",10336,""
"3983-45-7","",10337,""
"175217-20-6","",10338,""
"81-15-2","",10339,""
"1506-02-1","",10340,""
"41096-46-2","",10341,""
"2255-17-6","",10342,""
"26244-33-7","",10343,""
"56425-91-3","",10344,""
"116-66-5","",10345,""
"149508-90-7","",10346,""
"61676-87-7","",10347,""
"999003-03-1","",10348,""
"118712-89-3","",10349,""
"86763-47-5","",10350,""
"130336-40-2","",10351,""
"127-90-2","",10352,""
"205650-65-3","",10353,""
"52888-80-9","",10354,""
"85-29-0","",10355,""
"67306-00-7","",10356,""
"34622-58-7","",10357,""
"145-39-1","",10358,""
"1825-19-0","",10359,""
"39811-17-1","",10360,""
"76608-88-3","",10361,""
"2588-05-8","",10362,""
"56070-15-6","",10363,""
"14214-32-5","",10364,""
"2588-04-7","",10365,""
"63-74-1","",10366,""
"81-14-1","",10367,""
"40341-04-6","",10368,""
"24353-61-5","",10369,""
"31120-85-1","",10370,""
"30043-49-3","",10371,""
"2550-75-6","",10372,""
"56070-16-7","",10373,""
"18708-87-7","",10374,""
"120067-83-6","",10375,""
"61432-55-1","",10376,""
"28159-98-0","",10377,""
"18708-86-6","",10378,""
"19480-43-4","",10379,""
"999006-03-0","",10380,""
"113614-08-7","",10381,""
"1022-22-6","",10382,""
"7292-16-2","",10383,""
"62850-32-2","",10384,""
"70193-21-4","",10385,""
"80-33-1","",10386,""
"18181-70-9","",10387,""
"36335-67-8","",10388,""
"38727-55-8","",10389,""
"15457-05-3","",10390,""
"50512-35-1","",10391,""
"83657-17-4","",10392,""
"51218-49-6","",10393,""
"37893-02-0","",10394,""
"75736-33-3","",10395,""
"41394-05-2","",10396,""
"60207-31-0","",10397,""
"52756-25-9","",10398,""
"841-06-5","",10399,""
"64470-88-8","",10400,""
"136-25-4","",10401,""
"18854-01-8","",10402,""
"12771-68-5","",10403,""
"485-31-4","",10404,""
"50594-67-7","",10405,""
"3761-41-9","",10406,""
"69581-33-5","",10407,""
"2635-10-1","",10408,""
"60207-93-4","",10409,""
"52756-22-6","",10410,""
"77732-09-3","",10411,""
"1031-47-6","",10412,""
"2227-13-6","",10413,""
"60238-56-4","",10414,""
"14255-88-0","",10415,""
"55814-41-0","",10416,""
"24017-47-8","",10417,""
"1836-77-7","",10418,""
"51207-31-9","",10419,""
"71626-11-4","",10420,""
"17109-49-8","",10421,""
"13067-93-1","",10422,""
"1689-99-2","",10423,""
"2164-08-1","",10424,""
"3478-94-2","",10425,""
"63284-71-9","",10426,""
"96491-05-3","",10427,""
"83164-33-4","",10428,""
"5259-88-1","",10429,""
"28434-01-7","",10430,""
"106325-08-0","",10431,""
"31251-03-3","",10432,""
"4726-14-1","",10433,""
"88678-67-5","",10434,""
"22212-55-1","",10435,""
"97-23-4","",10436,""
"87-82-1","",10437,""
"119-12-0","",10438,""
"25006-32-0","",10439,""
"29185-21-5","",10440,""
"78-57-9","",10441,""
"18181-80-1","",10442,""
"24151-93-7","",10443,""
"2275-14-1","",10444,""
"42576-02-3","",10445,""
"84-61-7","",10446,""
"999053-03-1","",10447,""
"116-29-0","",10448,""
"26002-80-2","",10449,""
"65907-30-4","",10450,""
"73250-68-7","",10451,""
"68085-85-8","",10452,""
"13457-18-6","",10453,""
"10311-84-9","",10454,""
"55179-31-2","",10455,""
"78-34-2","",10456,""
"70124-77-5","",10457,""
"491-80-5","",10458,""
"362-05-0","",10459,""
"55512-33-9","",10460,""
"102851-06-9","",10461,""
"3383-96-8","",10462,""
"98-16-8","",10463,""
"103-41-3","",10464,""
"122-40-7","",10465,""
"79-77-6","",10466,""
"127-41-3","",10467,""
"101-85-9","",10468,""
"118-58-1","",10469,""
"107-75-5","",10470,""
"104-55-2","",10471,""
"104-54-1","",10472,""
"80-54-6","",10473,""
"31906-04-4","",10474,""
"111-12-6","",10475,""
"135-88-6","",10476,""
"90-30-2","",10477,""
"2440-22-4","",10478,""
"128-37-0","",10479,""
"97-02-9","",10480,""
"95-51-2","",10481,""
"121-87-9","",10482,""
"89-63-4","",10483,""
"3531-19-9","",10484,""
"827-94-1","",10485,""
"1817-73-8","",10486,""
"2081-08-5","",10487,""
"92-69-3","",10488,""
"95-56-7","",10489,""
"92-04-6","",10490,""
"609-19-8","",10491,""
"108-43-0","",10492,""
"554-84-7","",10493,""
"580-51-8","",10494,""
"1570-64-5","",10495,""
"622-62-8","",10496,""
"554-00-7","",10497,""
"95-82-9","",10498,""
"87-59-2","",10499,""
"95-78-3","",10500,""
"24544-04-5","",10501,""
"578-54-1","",10502,""
"643-28-7","",10503,""
"697-82-5","",10504,""
"583-78-8","",10505,""
"489-01-0","",10506,""
"91-10-1","",10507,""
"87-26-3","",10508,""
"94-86-0","",10509,""
"90-00-6","",10510,""
"644-35-9","",10511,""
"99-07-0","",10512,""
"108-68-9","",10513,""
"620-17-7","",10514,""
"150-19-6","",10515,""
"585-34-2","",10516,""
"5930-28-9","",10517,""
"1638-22-8","",10518,""
"99-89-8","",10519,""
"634-93-5","",10520,""
"95-64-7","",10521,""
"108-69-0","",10522,""
"133-53-9","",10523,""
"526-75-0","",10524,""
"609-23-4","",10525,""
"88-27-7","",10526,""
"4130-42-1","",10527,""
"95-85-2","",10528,""
"95-84-1","",10529,""
"95-55-6","",10530,""
"615-74-7","",10531,""
"94-71-3","",10532,""
"88-69-7","",10533,""
"93-51-6","",10534,""
"90-05-1","",10535,""
"91-68-9","",10536,""
"123-30-8","",10537,""
"101-53-1","",10538,""
"88-04-0","",10539,""
"123-07-9","",10540,""
"150-76-5","",10541,""
"119-33-5","",10542,""
"95-32-9","",10543,""
"95-33-0","",10544,""
"102-77-2","",10545,""
"95-16-9","",10546,""
"6265-91-4","",10547,""
"4074-77-5","",10548,""
"4602-84-0","",10549,""
"147217-75-2","",10550,""
"189084-61-5","",10551,""
"189084-63-7","",10552,""
"182346-21-0","",10553,""
"189084-64-8","",10554,""
"35854-94-5","",10555,""
"70424-68-9","",10556,""
"38380-05-1","",10557,""
"74472-34-7","",10558,""
"74472-44-9","",10559,""
"2051-60-7","",10560,""
"2051-61-8","",10561,""
"2051-62-9","",10562,""
"13029-08-8","",10563,""
"25569-80-6","",10564,""
"34883-39-1","",10565,""
"33146-45-1","",10566,""
"2050-67-1","",10567,""
"2974-92-7","",10568,""
"2974-90-5","",10569,""
"34883-41-5","",10570,""
"38444-78-9","",10571,""
"37680-66-3","",10572,""
"38444-73-4","",10573,""
"38444-84-7","",10574,""
"55702-46-0","",10575,""
"38444-85-8","",10576,""
"55720-44-0","",10577,""
"55702-45-9","",10578,""
"55712-37-3","",10579,""
"38444-81-4","",10580,""
"38444-76-7","",10581,""
"15862-07-4","",10582,""
"35693-92-6","",10583,""
"38444-77-8","",10584,""
"38444-86-9","",10585,""
"37680-68-5","",10586,""
"37680-69-6","",10587,""
"38444-87-0","",10588,""
"53555-66-1","",10589,""
"38444-88-1","",10590,""
"38444-93-8","",10591,""
"52663-59-9","",10592,""
"36559-22-5","",10593,""
"70362-46-8","",10594,""
"41464-47-5","",10595,""
"2437-79-8","",10596,""
"70362-47-9","",10597,""
"62796-65-0","",10598,""
"68194-04-7","",10599,""
"41464-41-9","",10600,""
"15968-05-5","",10601,""
"74338-24-2","",10602,""
"70424-67-8","",10603,""
"41464-49-7","",10604,""
"74472-33-6","",10605,""
"33284-53-6","",10606,""
"54230-22-7","",10607,""
"52663-58-8","",10608,""
"33284-54-7","",10609,""
"73575-53-8","",10610,""
"73575-52-7","",10611,""
"60233-24-1","",10612,""
"41464-46-4","",10613,""
"41464-42-0","",10614,""
"74338-23-1","",10615,""
"32598-12-2","",10616,""
"70362-48-0","",10617,""
"70362-49-1","",10618,""
"41464-48-6","",10619,""
"33284-52-5","",10620,""
"70362-50-4","",10621,""
"60145-20-2","",10622,""
"52663-60-2","",10623,""
"65510-45-4","",10624,""
"55312-69-1","",10625,""
"55215-17-3","",10626,""
"73575-57-2","",10627,""
"60712-44-9","",10628,""
"2539-17-5","",10629,""
"19463-48-0","",10630,""
"18268-76-3","",10631,""
"18268-69-4","",10632,""
"76341-69-0","",10633,""
"76330-06-8","",10634,""
"2539-26-6","",10635,""
"2138-22-9","",10636,""
"3978-67-4","",10637,""
"14324-55-1","",10638,""
"13927-77-0","",10639,""
"51452-87-0","",10640,""
"147217-72-9","",10641,""
"337513-66-3","",10642,""
"147217-73-0","",10643,""
"337513-67-4","",10644,""
"337513-75-4","",10645,""
"337513-53-8","",10646,""
"65075-08-3","",10647,""
"446254-23-5","",10648,""
"189084-57-9","",10649,""
"446254-33-7","",10650,""
"327185-09-1","",10651,""
"446254-55-3","",10652,""
"446254-56-4","",10653,""
"446254-67-7","",10654,""
"446254-71-3","",10655,""
"446254-78-0","",10656,""
"446254-86-0","",10657,""
"182677-28-7","",10658,""
"446254-98-4","",10659,""
"446255-00-1","",10660,""
"446255-11-4","",10661,""
"405237-86-7","",10662,""
"446255-50-1","",10663,""
"39227-53-7","",10664,""
"39227-54-8","",10665,""
"54536-18-4","",10666,""
"29446-15-9","",10667,""
"38964-22-6","",10668,""
"35822-46-9","",10669,""
"58200-70-7","",10670,""
"58200-66-1","",10671,""
"39227-28-6","",10672,""
"19408-74-3","",10673,""
"3268-87-9","",10674,""
"39227-61-7","",10675,""
"40321-76-4","",10676,""
"54536-17-3","",10677,""
"39227-58-2","",10678,""
"82306-65-8","",10679,""
"33857-28-2","",10680,""
"30746-58-8","",10681,""
"34816-53-0","",10682,""
"50585-46-1","",10683,""
"33423-92-6","",10684,""
"116889-69-1","",10685,""
"116889-70-4","",10686,""
"67323-56-2","",10687,""
"51230-49-0","",10688,""
"74992-96-4","",10689,""
"5409-83-6","",10690,""
"38998-75-3","",10691,""
"55684-94-1","",10692,""
"57117-41-6","",10693,""
"24478-72-6","",10694,""
"30402-14-3","",10695,""
"54589-71-8","",10696,""
"2303-23-3","",10697,""
"39145-48-7","",10698,""
"50585-39-2","",10699,""
"57653-85-7","",10700,""
"262-12-4","",10701,""
"54536-19-5","",10702,""
"38178-38-0","",10703,""
"33857-26-0","",10704,""
"262-16-8","",10705,""
"39227-62-8","",10706,""
"71925-18-3","",10707,""
"58802-08-7","",10708,""
"71998-76-0","",10709,""
"50585-41-6","",10710,""
"41903-57-5","",10711,""
"39001-02-0","",10712,""
"1836-74-4","",10713,""
"82239-20-1","",10714,""
"2671-93-4","",10715,""
"2093-28-9","",10716,""
"22532-80-5","",10717,""
"21105-77-1","",10718,""
"620-88-2","",10719,""
"142022-61-5","",10720,""
"142022-59-1","",10721,""
"142022-58-0","",10722,""
"22532-68-9","",10723,""
"20566-35-2","",10724,""
"105-95-3","",10725,""
"78-70-6","",10726,""
"105-13-5","",10727,""
"999042-03-4","",10728,""
"999041-03-1","",10729,""
"999044-03-0","",10730,""
"999036-03-2","",10731,""
"999016-03-4","",10732,""
"999017-03-7","",10733,""
"999026-03-8","",10734,""
"999018-03-0","",10735,""
"999023-03-9","",10736,""
"999022-03-6","",10737,""
"999020-03-0","",10738,""
"999009-03-9","",10739,""
"999019-03-3","",10740,""
"999024-03-2","",10741,""
"999013-03-5","",10742,""
"68194-07-0","",10743,""
"68194-05-8","",10744,""
"73575-56-1","",10745,""
"73575-55-0","",10746,""
"73575-54-9","",10747,""
"41464-51-1","",10748,""
"68194-06-9","",10749,""
"56558-16-8","",10750,""
"70424-69-0","",10751,""
"70362-41-3","",10752,""
"74472-35-8","",10753,""
"39635-32-0","",10754,""
"74472-36-9","",10755,""
"68194-10-5","",10756,""
"74472-38-1","",10757,""
"18259-05-7","",10758,""
"68194-11-6","",10759,""
"56558-17-9","",10760,""
"68194-12-7","",10761,""
"56558-18-0","",10762,""
"76842-07-4","",10763,""
"65510-44-3","",10764,""
"70424-70-3","",10765,""
"74472-39-2","",10766,""
"39635-33-1","",10767,""
"55215-18-4","",10768,""
"61798-70-7","",10769,""
"35694-04-3","",10770,""
"52704-70-8","",10771,""
"52744-13-5","",10772,""
"35694-06-5","",10773,""
"56030-56-9","",10774,""
"59291-64-4","",10775,""
"52712-04-6","",10776,""
"41411-61-4","",10777,""
"68194-15-0","",10778,""
"68194-14-9","",10779,""
"74472-40-5","",10780,""
"68194-13-8","",10781,""
"74472-41-6","",10782,""
"68194-08-1","",10783,""
"68194-09-2","",10784,""
"60145-22-4","",10785,""
"33979-03-2","",10786,""
"39635-35-3","",10787,""
"41411-62-5","",10788,""
"74472-43-8","",10789,""
"39635-34-2","",10790,""
"74472-45-0","",10791,""
"74472-46-1","",10792,""
"59291-65-5","",10793,""
"52663-71-5","",10794,""
"52663-74-8","",10795,""
"68194-16-1","",10796,""
"38411-25-5","",10797,""
"40186-70-7","",10798,""
"52663-65-7","",10799,""
"74472-47-2","",10800,""
"60145-23-5","",10801,""
"74472-48-3","",10802,""
"52712-05-7","",10803,""
"74472-49-4","",10804,""
"74487-85-7","",10805,""
"41411-64-7","",10806,""
"74472-50-7","",10807,""
"74472-51-8","",10808,""
"69782-91-8","",10809,""
"52663-78-2","",10810,""
"42740-50-1","",10811,""
"33091-17-7","",10812,""
"68194-17-2","",10813,""
"52663-75-9","",10814,""
"52663-73-7","",10815,""
"52663-76-0","",10816,""
"74472-52-9","",10817,""
"74472-53-0","",10818,""
"40186-72-9","",10819,""
"52663-79-3","",10820,""
"52663-77-1","",10821,""
"77-73-6","",10822,""
"115-26-4","",10823,""
"95-68-1","",10824,""
"2941-55-1","",10825,""
"108-42-9","",10826,""
"94-96-2","",10827,""
"93-71-0","",10828,""
"933-78-8","",10829,""
"37764-25-3","",10830,""
"122-59-8","",10831,""
"24579-73-5","",10832,""
"940-31-8","",10833,""
"626-43-7","",10834,""
"24934-91-6","",10835,""
"1129-41-5","",10836,""
"25013-16-5","",10837,""
"62610-77-9","",10838,""
"535-89-7","",10839,""
"6597-78-0","",10840,""
"112-56-1","",10841,""
"3547-33-9","",10842,""
"2631-40-5","",10843,""
"8065-62-1","",10844,""
"935-95-5","",10845,""
"23844-56-6","",10846,""
"4901-51-3","",10847,""
"2436-73-9","",10848,""
"23560-59-0","",10849,""
"14437-17-3","",10850,""
"1113-02-6","",10851,""
"117-18-0","",10852,""
"57153-17-0","",10853,""
"919-86-8","",10854,""
"1928-38-7","",10855,""
"5825-87-6","",10856,""
"6164-98-3","",10857,""
"2655-15-4","",10858,""
"39196-18-4","",10859,""
"999055-03-7","",10860,""
"60825-26-5","",10861,""
"2876-78-0","",10862,""
"17708-57-5","",10863,""
"640-15-3","",10864,""
"999025-03-5","",10865,""
"999010-03-6","",10866,""
"999012-03-2","",10867,""
"999021-03-3","",10868,""
"999014-03-8","",10869,""
"999015-03-1","",10870,""
"999011-03-9","",10871,""
"999059-03-9","",10872,""
"999060-03-6","",10873,""
"33089-74-6","",10874,""
"2425-10-7","",10875,""
"3228-03-3","",10876,""
"2314-09-2","",10877,""
"999058-03-6","",10878,""
"7025-06-1","",10879,""
"6876-00-2","",10880,""
"171977-44-9","",10881,""
"147217-71-8","",10882,""
"51930-04-2","",10883,""
"6903-63-5","",10884,""
"189084-59-1","",10885,""
"83694-71-7","",10886,""
"147217-77-4","",10887,""
"155999-95-4","",10888,""
"189084-60-4","",10889,""
"147217-78-5","",10890,""
"147217-80-9","",10891,""
"147217-81-0","",10892,""
"189084-62-6","",10893,""
"93703-48-1","",10894,""
"189084-65-9","",10895,""
"446254-80-4","",10896,""
"189084-66-0","",10897,""
"182677-30-1","",10898,""
"189084-58-0","",10899,""
"26248-87-3","",10900,""
"202-33-5 and 199-54-2","",10901,""
"37853-59-1","",10902,""
"2113-57-7","",10903,""
"92-66-0","",10904,""
"13029-09-9","",10905,""
"53592-10-2","",10906,""
"57422-77-2","",10907,""
"59080-32-9","",10908,""
"59080-34-1","",10909,""
"59080-35-2","",10910,""
"115245-07-3","",10911,""
"59080-33-0","",10912,""
"59080-36-3","",10913,""
"60044-25-9","",10914,""
"77102-82-0","",10915,""
"16400-50-3","",10916,""
"96551-70-1","",10917,""
"13684-56-5","",10918,""
"1825-21-4","",10919,""
"502-55-6","",10920,""
"2686-99-9","",10921,""
"1967-16-4","",10922,""
"4841-20-7","",10923,""
"33693-04-8","",10924,""
"7286-84-2","",10925,""
"5903-13-9","",10926,""
"30979-48-7","",10927,""
"2163-69-1","",10928,""
"131-16-8","",10929,""
"2636-26-2","",10930,""
"57369-32-1","",10931,""
"1912-26-1","",10932,""
"944-22-9","",10933,""
"1928-37-6","",10934,""
"57153-18-1","",10935,""
"26399-36-0","",10936,""
"1420-07-1","",10937,""
"83-26-1","",10938,""
"24691-80-3","",10939,""
"94-79-1","",10940,""
"29091-05-2","",10941,""
"16709-30-1","",10942,""
"38260-54-7","",10943,""
"1715-40-8","",10944,""
"115-31-1","",10945,""
"7286-69-3","",10946,""
"74782-23-3","",10947,""
"3369-52-6","",10948,""
"26087-47-8","",10949,""
"7287-36-7","",10950,""
"3060-89-7","",10951,""
"527-20-8","",10952,""
"2540-82-1","",10953,""
"18625-12-2","",10954,""
"60568-05-0","",10955,""
"6099-79-2","",10956,""
"34681-23-7","",10957,""
"575-36-0","",10958,""
"68505-69-1","",10959,""
"1014-69-3","",10960,""
"1918-13-4","",10961,""
"97-17-6","",10962,""
"50563-36-5","",10963,""
"22936-86-3","",10964,""
"74712-19-9","",10965,""
"2275-18-5","",10966,""
"61592-45-8","",10967,""
"3878-19-1","",10968,""
"21757-82-4","",10969,""
"1918-11-2","",10970,""
"2164-09-2","",10971,""
"57018-04-9","",10972,""
"93-72-1","",10973,""
"34123-59-6","",10974,""
"1216-44-0","",10975,""
"644-64-4","",10976,""
"58138-08-2","",10977,""
"301-12-2","",10978,""
"311-45-5","",10979,""
"2813-95-8","",10980,""
"86-86-2","",10981,""
"17040-19-6","",10982,""
"64529-56-2","",10983,""
"14143-55-6","",10984,""
"1689-83-4","",10985,""
"3204-27-1","",10986,""
"2797-51-5","",10987,""
"2307-68-8","",10988,""
"85785-20-2","",10989,""
"27605-76-1","",10990,""
"15545-48-9","",10991,""
"1085-98-9","",10992,""
"919-76-6","",10993,""
"4147-51-7","",10994,""
"42588-37-4","",10995,""
"87130-20-9","",10996,""
"67628-93-7","",10997,""
"90-98-2","",10998,""
"3244-90-4","",10999,""
"67564-91-4","",11000,""
"57052-04-7","",11001,""
"67888-96-4","",11002,""
"59080-39-6","",11003,""
"81381-52-4","",11004,""
"120991-47-1","",11005,""
"59080-40-9","",11006,""
"60044-24-8","",11007,""
"59261-08-4","",11008,""
"77607-09-1","",11009,""
"120991-48-2","",11010,""
"60044-26-0","",11011,""
"67733-52-2","",11012,""
"88700-06-5","",11013,""
"119264-60-7","",11014,""
"591-20-8","",11015,""
"106-41-2","",11016,""
"57383-80-9","",11017,""
"615-58-7","",11018,""
"28165-52-8","",11019,""
"608-33-3","",11020,""
"626-41-5","",11021,""
"138507-65-0","",11022,""
"578-57-4","",11023,""
"2398-37-0","",11024,""
"104-92-7","",11025,""
"95970-22-2","",11026,""
"21702-84-1","",11027,""
"95970-08-4","",11028,""
"38603-09-7","",11029,""
"74137-36-3","",11030,""
"N/A","",11031,""
"85-22-3","",11032,""
"2463-84-5","",11033,""
"297-78-9","",11034,""
"28730-17-8","",11035,""
"16118-49-3","",11036,""
"36756-79-3","",11037,""
"80-38-6","",11038,""
"500-28-7","",11039,""
"27355-22-2","",11040,""
"10552-74-6","",11041,""
"5707-69-7","",11042,""
"299-86-5","",11043,""
"1593-77-7","",11044,""
"61213-25-0","",11045,""
"10544-50-0","",11046,""
"24691-76-7","",11047,""
"2104-96-3","",11048,""
"81-84-5","",11049,""
"3868-61-9","",11050,""
"29082-74-4","",11051,""
"23505-41-1","",11052,""
"67129-08-2","",11053,""
"40596-69-8","",11054,""
"53780-34-0","",11055,""
"25059-80-7","",11056,""
"13360-45-7","",11057,""
"66246-88-6","",11058,""
"22936-75-0","",11059,""
"947-02-4","",11060,""
"731-27-1","",11061,""
"88283-41-4","",11062,""
"42609-73-4","",11063,""
"950-10-7","",11064,""
"84332-86-5","",11065,""
"25311-71-1","",11066,""
"1086-02-8","",11067,""
"13593-03-8","",11068,""
"2597-03-7","",11069,""
"2595-54-2","",11070,""
"103-17-3","",11071,""
"2439-01-2","",11072,""
"57646-30-7","",11073,""
"973-21-7","",11074,""
"2536-31-4","",11075,""
"4824-78-6","",11076,""
"2275-23-2","",11077,""
"961-11-5","",11078,""
"97-16-5","",11079,""
"76674-21-0","",11080,""
"5131-24-8","",11081,""
"3278-89-5","",11082,""
"87-83-2","",11083,""
"2039-86-3","",11084,""
"1522-92-5","",11085,""
"2039-82-9","",11086,""
"39569-21-6","",11087,""
"3322-93-8","",11088,""
"35109-60-5","",11089,""
"4656-58-0","",11091,""
"602326-13-6","",11092,""
"106-48-9","",11093,""
"16766-30-6","",11094,""
"77102-94-4","",11095,""
"2460-49-3","",11096,""
"16766-31-7","",11097,""
"93952-19-3","",11098,""
"999001-03-5","",11099,""
"1520-96-3","",11100,""
"877-09-8","",11101,""
"93487-20-8","",11102,""
"128008-87-7","",11103,""
"203805-92-9","",11104,""
"137219-34-2","",11105,""
"10439-39-1","",11106,""
"15067-26-2","",11107,""
"93951-97-4","",11108,""
"63466-71-7","",11109,""
"93951-66-7","",11110,""
"1719-03-5","",11111,""
"93951-69-0","",11112,""
"1146-65-2","",11113,""
"39485-83-1","",11114,""
"2051-24-3","",11115,""
"93952-23-9","",11116,""
"1517-22-2","",11117,""
"1718-52-1","",11118,""
