Chemical_ID,End_Point,Dose,Response,CI_Lo,CI_Hi
120-12-7,CC,0.0,114.7412118000354,100.8065233,128.6759003
120-12-7,CC,0.2,108.76170287934987,101.00461892,116.51878684
120-12-7,CC,2.0,115.28881822999475,111.15723123,119.42040523
120-12-7,CC,10.0,113.23087793676035,89.03653861,137.42521726
120-12-7,CC,50.0,105.5378908320087,95.16340243,115.91237923
120-12-7,DCFDA,0.0,106.4621110081675,103.3360991,109.58812291
120-12-7,DCFDA,10.0,108.26683068490576,106.5757367,109.95792467
120-12-7,DCFDA,20.0,105.27790970173095,97.11784982,113.43796958
120-12-7,DCFDA,50.0,108.476265366978,106.45861421,110.49391653
120-12-7,DCFDA,100.0,112.22117548134949,105.81642009,118.62593087
120-12-7,LDH,0.0,99.99999999999964,88.2442809,111.7557191
120-12-7,LDH,10.0,114.70588235294075,103.79703671,125.614728
120-12-7,LDH,20.0,111.76470588235277,84.90032264,138.62908913
120-12-7,LDH,50.0,99.99999999999977,91.23780432,108.76219568
120-12-7,LDH,100.0,127.45098039215662,111.67902817,143.22293261
120-12-7,MMP,0.0,100.00000000000013,95.5882556,104.4117444
120-12-7,MMP,10.0,143.96016232601306,107.90979894,180.01052571
120-12-7,MMP,20.0,127.82618504517768,102.19919235,153.45317774
120-12-7,MMP,50.0,145.8800511390425,130.79108573,160.96901654
120-12-7,MMP,100.0,175.03666242001975,140.73010124,209.3432236
129-00-0,CC,0.0,99.99999999999994,86.82398297,113.17601703
129-00-0,CC,2.0,91.68391683916842,78.30490695,105.06292673
129-00-0,CC,10.0,93.0519305193053,80.91252388,105.19133716
129-00-0,CC,50.0,85.1858518585186,76.7335501,93.63815362
129-00-0,CC,150.0,120.47520475204763,101.75207918,139.19833032
129-00-0,DCFDA,0.0,100.0000000000001,98.58119208,101.41880792
129-00-0,DCFDA,4.0,97.5401584453101,96.70716759,98.3731493
129-00-0,DCFDA,20.0,99.0833432335599,96.51245714,101.65422933
129-00-0,DCFDA,100.0,100.0752417218473,97.94976301,102.20072044
129-00-0,DCFDA,300.0,113.3671816868735,111.22929385,115.50506953
129-00-0,LDH,0.0,99.99999999999997,75.05707236,124.94292764
129-00-0,LDH,4.0,70.11952191235058,59.11153855,81.12750528
129-00-0,LDH,20.0,83.3997343957502,45.93483751,120.86463128
129-00-0,LDH,100.0,80.07968127490048,58.96900906,101.19035349
129-00-0,LDH,300.0,85.65737051792824,53.66026722,117.65447382
14207-77-3,CC,0.0,127.31433728726145,38.93372345,215.69495112
14207-77-3,CC,0.2,205.079938112429,139.69729049,270.46258574
14207-77-3,CC,2.0,217.1093347086125,181.47708641,252.741583
14207-77-3,CC,10.0,219.05621454357933,206.90490509,231.207524
14207-77-3,CC,50.0,256.05982465188254,152.84850052,359.27114878
14207-77-3,DCFDA,0.0,100.0,86.92036342,113.07963658
14207-77-3,DCFDA,10.0,101.90741135129375,81.15624116,122.65858155
14207-77-3,DCFDA,20.0,110.7949100202321,93.04668845,128.54313159
14207-77-3,DCFDA,50.0,92.69646470024493,87.18042253,98.21250687
14207-77-3,DCFDA,100.0,95.26940687892665,88.51844365,102.02037011
14207-77-3,LDH,0.0,100.0,87.00771736,112.99228264
14207-77-3,LDH,10.0,207.5,81.28413674,333.71586326
14207-77-3,LDH,20.0,550.0,8.82814832,1091.17185168
14207-77-3,LDH,50.0,452.5,-17.44991815,922.44991815
14207-77-3,LDH,100.0,352.5,284.52291712,420.47708288
14207-77-3,MMP,0.0,99.9999999999999,77.11643515,122.88356485
14207-77-3,MMP,10.0,95.95998359756537,63.70602254,128.21394466
14207-77-3,MMP,20.0,116.1910058369919,64.30949625,168.07251542
14207-77-3,MMP,50.0,96.08630924297205,83.20234886,108.97026962
14207-77-3,MMP,100.0,99.45139149431327,85.41235222,113.49043077
14250-05-6,CC,0.0,99.99999999999997,93.94701282,106.05298718
14250-05-6,CC,0.2,98.24641311774083,75.03436453,121.45846171
14250-05-6,CC,2.0,95.5590981553178,87.42297741,103.69521891
14250-05-6,CC,10.0,99.77226144386258,74.21617508,125.32834781
14250-05-6,CC,35.0,86.58619904349807,70.6366318,102.53576629
14250-05-6,DCFDA,0.0,100.0,86.92036342,113.07963658
14250-05-6,DCFDA,10.0,96.99978703013534,90.15919607,103.84037799
14250-05-6,DCFDA,20.0,104.03977212224467,97.29358122,110.78596302
14250-05-6,DCFDA,50.0,97.61473751464177,86.70553187,108.52394316
14250-05-6,DCFDA,100.0,104.6533915450965,99.57563912,109.73114397
14250-05-6,LDH,0.0,100.0,87.00771736,112.99228264
14250-05-6,LDH,10.0,155.0,96.17493845,213.82506155
14250-05-6,LDH,20.0,575.0,94.02225748,1055.97774252
14250-05-6,LDH,50.0,532.5,48.5701716,1016.4298284
14250-05-6,LDH,100.0,192.5,125.77605836,259.22394164
14250-05-6,MMP,0.0,110.22298589100279,86.82898119,133.61699059
14250-05-6,MMP,10.0,93.86173703824045,85.41848911,102.30498497
14250-05-6,MMP,20.0,125.92050498549355,97.71474575,154.12626422
14250-05-6,MMP,50.0,736.8984794012205,614.97232204,858.82463676
14250-05-6,MMP,100.0,688.3691199034952,580.02771501,796.7105248
1576-67-6,CC,0.0,100.00000000000013,94.71235766,105.28764234
1576-67-6,CC,2.0,97.21245462794907,86.82691237,107.59799689
1576-67-6,CC,10.0,80.95508166969145,70.90376802,91.00639532
1576-67-6,CC,50.0,95.9193511796733,80.69132599,111.14737637
1576-67-6,CC,150.0,110.4242286751359,93.49788353,127.35057382
1576-67-6,DCFDA,0.0,100.0000000000001,98.58119208,101.41880792
1576-67-6,DCFDA,2.0,95.06343439901448,90.00961941,100.11724938
1576-67-6,DCFDA,10.0,95.69058769829113,94.42752551,96.95364988
1576-67-6,DCFDA,100.0,91.76405363213262,81.28804583,102.24006144
1576-67-6,DCFDA,300.0,92.97125599484772,91.26535592,94.67715607
1576-67-6,LDH,0.0,99.9999999999999,79.9322029,120.0677971
1576-67-6,LDH,4.0,89.34426229508183,60.05217238,118.63635221
1576-67-6,LDH,20.0,65.77868852459025,41.23804188,90.31933517
1576-67-6,LDH,100.0,167.21311475409829,92.45794657,241.96828294
1576-67-6,LDH,300.0,357.7868852459015,290.79212638,424.78164411
1576-67-6,MMP,0.0,105.52682796585066,97.39102041,113.66263552
1576-67-6,MMP,4.0,89.47212905835045,80.34944492,98.59481319
1576-67-6,MMP,20.0,80.90241849912502,77.41010118,84.39473582
1576-67-6,MMP,100.0,83.89033201765292,78.89643636,88.88422768
1576-67-6,MMP,300.0,127.41854718840432,113.21066464,141.62642974
1705-85-7,CC,0.0,99.9999999925,62.26354193,137.73645806
1705-85-7,CC,0.2,75.8086649775,58.50694505,93.11038491
1705-85-7,CC,2.0,114.3109194275,96.99104022,131.63079863
1705-85-7,CC,10.0,100.411683985,62.91184445,137.91152352
1705-85-7,CC,50.0,71.28014114999999,62.72359798,79.83668432
1705-85-7,DCFDA,0.0,100.00000000000017,97.88012856,102.11987144
1705-85-7,DCFDA,10.0,88.7637702638696,87.37827134,90.14926919
1705-85-7,DCFDA,20.0,90.80811013155282,89.93541396,91.68080631
1705-85-7,DCFDA,50.0,90.94103806016898,90.00525722,91.8768189
1705-85-7,DCFDA,100.0,92.41088481107428,91.45480316,93.36696647
1705-85-7,LDH,0.0,277.61194029850753,68.611898,486.61198259
1705-85-7,LDH,10.0,144.77611940298524,128.16862305,161.38361576
1705-85-7,LDH,20.0,211.940298507463,158.24999933,265.63059768
1705-85-7,LDH,50.0,225.37313432835825,203.25213902,247.49412963
1705-85-7,LDH,100.0,468.6567164179105,440.04675761,497.26667523
1705-85-7,MMP,0.0,99.99999999999987,93.26705354,106.73294646
1705-85-7,MMP,10.0,268.660457612253,237.4263247,299.89459053
1705-85-7,MMP,20.0,407.9865343986082,350.68559355,465.28747525
1705-85-7,MMP,50.0,424.0914634287748,355.73724751,492.44567935
1705-85-7,MMP,100.0,387.912097705282,334.48825402,441.33594139
195-19-7,CC,0.0,100.0000000000001,60.48792875,139.51207125
195-19-7,CC,0.2,81.8285513731684,58.80349394,104.85360881
195-19-7,CC,2.0,112.37167675704126,71.34661161,153.3967419
195-19-7,CC,10.0,80.32376941300342,61.38106099,99.26647783
195-19-7,CC,50.0,93.94577520400092,81.24473658,106.64681383
195-19-7,DCFDA,0.0,100.00000000000003,98.16359707,101.83640293
195-19-7,DCFDA,10.0,104.24134769653925,100.09209384,108.39060156
195-19-7,DCFDA,20.0,104.52097180838852,98.38870642,110.6532372
195-19-7,DCFDA,50.0,103.120559248224,101.0816822,105.1594363
195-19-7,DCFDA,100.0,101.03369241347687,97.21716369,104.85022114
195-19-7,LDH,0.0,100.00000000000003,80.20143321,119.79856679
195-19-7,LDH,10.0,116.07843137254888,55.17650919,176.98035356
195-19-7,LDH,20.0,109.41176470588228,43.04738941,175.77614
195-19-7,LDH,50.0,81.17647058823525,34.37440296,127.97853821
195-19-7,LDH,100.0,83.921568627451,31.50480595,136.3383313
195-19-7,MMP,0.0,99.99999999999987,58.8705703,141.1294297
195-19-7,MMP,10.0,84.31344051351975,69.49509777,99.13178325
195-19-7,MMP,20.0,54.20276612744108,29.74826133,78.65727092
195-19-7,MMP,50.0,93.95375844336043,64.25592383,123.65159305
195-19-7,MMP,100.0,362.15417897056847,246.98126678,477.32709117
20291-73-0,CC,0.0,99.99999999999991,41.47403417,158.52596583
20291-73-0,CC,2.0,109.35033394049802,79.2389761,139.46169178
20291-73-0,CC,10.0,104.67516697024897,82.53922798,126.81110596
20291-73-0,CC,50.0,121.8579234972675,83.6797196,160.03612739
20291-73-0,CC,120.0,131.96114146933826,107.77178361,156.15049933
20291-73-0,DCFDA,0.0,100.00000000000017,97.56093606,102.43906394
20291-73-0,DCFDA,10.0,110.84064900753,102.23526401,119.446034
20291-73-0,DCFDA,50.0,109.96505226931825,100.08934496,119.84075958
20291-73-0,DCFDA,100.0,122.16554108071475,100.48659662,143.84448554
20291-73-0,LDH,0.0,99.99999999999997,84.75185022,115.24814978
20291-73-0,LDH,10.0,102.27272727272722,90.21800642,114.32744813
20291-73-0,LDH,20.0,109.09090909090895,72.79305231,145.38876587
20291-73-0,LDH,50.0,104.54545454545443,59.22654421,149.86436488
20291-73-0,LDH,100.0,98.98989898989892,77.91040808,120.0693899
20291-73-0,MMP,0.0,100.00000000000028,82.32408423,117.67591577
20291-73-0,MMP,10.0,130.27709157520476,121.96558448,138.58859867
20291-73-0,MMP,20.0,167.111087405621,129.87241723,204.34975758
20291-73-0,MMP,100.0,184.2090465968155,117.99490075,250.42319245
20291-73-0,MMP,240.0,337.10765199305104,164.48485843,509.73044555
20291-75-2,CC,0.0,139.8789254634887,83.0615347,196.69631623
20291-75-2,CC,0.2,97.13393870601612,50.04269388,144.22518353
20291-75-2,CC,2.0,119.72190692395026,99.32899681,140.11481703
20291-75-2,CC,10.0,107.52932273931143,94.19191418,120.86673129
20291-75-2,CC,55.0,99.0351872871736,72.30668232,125.76369225
20291-75-2,DCFDA,0.0,100.00000000000017,97.56093606,102.43906394
20291-75-2,DCFDA,10.0,113.41261925246849,101.21344929,125.61178922
20291-75-2,DCFDA,20.0,120.42729120824751,112.1656515,128.68893092
20291-75-2,DCFDA,50.0,115.56734861693775,105.66952456,125.46517267
20291-75-2,DCFDA,110.0,122.22721354662374,119.16385779,125.2905693
20291-75-2,LDH,0.0,99.99999999999974,76.13246465,123.86753535
20291-75-2,LDH,10.0,111.11111111111093,76.72239571,145.49982651
20291-75-2,LDH,20.0,160.13071895424827,102.85115183,217.41028608
20291-75-2,LDH,50.0,168.62745098039198,156.61839065,180.63651131
20291-75-2,LDH,100.0,401.9607843137255,358.94554386,444.97602477
20291-75-2,MMP,0.0,100.00000000000013,90.9302006,109.0697994
20291-75-2,MMP,10.0,104.52399841696418,71.93744248,137.11055435
20291-75-2,MMP,20.0,124.40191054839224,105.34681586,143.45700524
20291-75-2,MMP,50.0,124.13052049121075,103.45911969,144.8019213
20291-75-2,MMP,110.0,155.650690815679,113.64215072,197.65923092
204256-39-3,CC,0.0,139.8789254634887,83.0615347,196.69631623
204256-39-3,CC,2.0,124.31895573212248,71.87874113,176.75917033
204256-39-3,CC,10.0,104.29436246689384,63.82045658,144.76826836
204256-39-3,CC,50.0,106.24290578887624,77.83855943,134.64725215
204256-39-3,CC,100.0,85.62239878925462,70.22955935,101.01523823
204256-39-3,DCFDA,0.0,106.4621110081675,100.0355599,112.88866212
204256-39-3,DCFDA,10.0,106.20129086506657,99.39363319,113.00894854
204256-39-3,DCFDA,20.0,111.89028425502725,108.75455767,115.02601084
204256-39-3,DCFDA,50.0,98.74728474552535,88.78747037,108.70709912
204256-39-3,DCFDA,100.0,106.0798343208165,103.95520778,108.20446086
204256-39-3,LDH,0.0,99.99999999999964,75.83223227,124.16776773
204256-39-3,LDH,10.0,140.19607843137226,108.22512686,172.16703001
204256-39-3,LDH,20.0,163.72549019607825,107.13299246,220.31798793
204256-39-3,LDH,50.0,243.137254901961,225.48761284,260.78689697
204256-39-3,LDH,100.0,360.78431372549,193.57782347,527.99080398
204256-39-3,MMP,0.0,107.9685746352411,88.34008638,127.59706289
204256-39-3,MMP,10.0,167.90123456790124,149.11857335,186.68389578
204256-39-3,MMP,20.0,238.8327721661055,216.6609355,261.00460883
204256-39-3,MMP,50.0,357.68799102132425,309.18070091,406.19528113
204256-39-3,MMP,100.0,448.0359147025813,232.66958881,663.4022406
218-01-9,CC,0.0,99.99999999999997,93.94701282,106.05298718
218-01-9,CC,0.2,97.6201320883627,90.91761636,104.32264781
218-01-9,CC,2.0,125.222045092234,97.20309985,153.24099034
218-01-9,CC,10.0,122.79662946936924,95.4297725,150.16348643
218-01-9,CC,50.0,137.66795718515175,106.24996901,169.08594536
218-01-9,DCFDA,0.0,100.00000000000017,97.88012856,102.11987144
218-01-9,DCFDA,10.0,97.5492368103408,94.65218756,100.44628606
218-01-9,DCFDA,20.0,96.1007807605922,94.78617828,97.41538324
218-01-9,DCFDA,50.0,97.4667298201653,96.15512092,98.77833872
218-01-9,DCFDA,100.0,101.55540955553178,98.08165932,105.02915979
218-01-9,LDH,0.0,99.99999999999997,87.2749642,112.7250358
218-01-9,LDH,10.0,104.47761194029847,85.05506198,123.9001619
218-01-9,LDH,20.0,98.50746268656722,87.50746046,109.50746491
218-01-9,LDH,50.0,152.23880597014926,96.723561,207.75405094
218-01-9,LDH,100.0,122.38805970149252,96.9379881,147.8381313
218-01-9,MMP,0.0,99.99999999999987,93.26705354,106.73294646
218-01-9,MMP,10.0,143.10904360359876,119.41132409,166.80676312
218-01-9,MMP,20.0,179.5570592857705,144.07112389,215.04299468
218-01-9,MMP,50.0,158.46692639843627,121.76679371,195.16705909
218-01-9,MMP,100.0,212.9555574735465,183.3502116,242.56090335
2319-96-2,CC,0.0,100.0000000000002,72.31199395,127.68800605
2319-96-2,CC,0.2,107.18855036322253,66.19749406,148.17960667
2319-96-2,CC,2.0,124.99186815569749,94.69267346,155.29106285
2319-96-2,CC,10.0,102.06006722324616,68.21055084,135.90958361
2319-96-2,CC,50.0,135.747587552857,127.02230057,144.47287454
2319-96-2,DCFDA,0.0,100.00000000000009,92.96143199,107.03856801
2319-96-2,DCFDA,10.0,97.6737005308245,91.43521737,103.91218369
2319-96-2,DCFDA,20.0,108.3893940190255,100.7076097,116.07117834
2319-96-2,DCFDA,50.0,107.79615809113368,85.53403776,130.05827842
2319-96-2,DCFDA,100.0,106.02039207442076,102.32412607,109.71665808
2319-96-2,LDH,0.0,99.99999999999997,51.11308683,148.88691317
2319-96-2,LDH,10.0,213.66459627329218,-6.59054813,433.91974068
2319-96-2,LDH,20.0,231.05590062111798,149.07750165,313.03429959
2319-96-2,LDH,50.0,291.30434782608677,107.5302861,475.07840955
2319-96-2,LDH,100.0,257.76397515527975,26.08791556,489.44003475
2319-96-2,MMP,0.0,100.00000000000003,-11.11891666,211.11891666
2319-96-2,MMP,10.0,208.56924719019224,73.06835464,344.07013975
2319-96-2,MMP,20.0,319.33728065718134,264.53311762,374.14144369
2319-96-2,MMP,50.0,185.0436447549095,145.45454298,224.63274653
2319-96-2,MMP,100.0,275.25693060425203,248.5126153,302.00124591
2381-15-9,CC,0.0,99.99999999999993,69.33734772,130.66265228
2381-15-9,CC,0.2,104.89306545690235,85.45880515,124.32732577
2381-15-9,CC,2.0,151.2880751782245,119.18061269,183.39553767
2381-15-9,CC,10.0,103.95333765392093,47.92254421,159.9841311
2381-15-9,CC,50.0,109.50259235256004,54.13544755,164.86973716
2381-15-9,DCFDA,0.0,100.00000000000009,92.96143199,107.03856801
2381-15-9,DCFDA,10.0,97.322883271141,94.74318607,99.90258048
2381-15-9,DCFDA,20.0,101.94329111262948,98.19279697,105.69378525
2381-15-9,DCFDA,50.0,95.75208913649026,94.90114193,96.60303634
2381-15-9,DCFDA,100.0,100.65564723813526,95.38973349,105.92156098
2381-15-9,LDH,0.0,100.00000000000003,66.56533423,133.43466577
2381-15-9,LDH,10.0,198.66666665,62.06702653,335.26630677
2381-15-9,LDH,20.0,192.66666665,133.93414007,251.39919323
2381-15-9,LDH,50.0,244.0,136.8488888,351.1511112
2381-15-9,LDH,100.0,576.66666665,456.83051425,696.50281905
2381-15-9,MMP,0.0,99.9999875,85.93600102,114.06397398
2381-15-9,MMP,10.0,156.709775,100.32235339,213.09719661
2381-15-9,MMP,20.0,207.6889,146.61096737,268.76683263
2381-15-9,MMP,50.0,,,
2381-15-9,MMP,100.0,198.402075,111.65175171,285.15239829
2381-16-0,CC,0.0,99.99999999999991,67.2474114,132.7525886
2381-16-0,CC,0.2,90.46341826851437,74.12946738,106.79736915
2381-16-0,CC,2.0,130.24884517955576,95.22997897,165.26771139
2381-16-0,CC,10.0,143.5851586946805,97.98952746,189.18078993
2381-16-0,CC,50.0,199.1506481895395,179.54375324,218.75754314
2381-16-0,DCFDA,0.0,100.0,98.2044016,101.7955984
2381-16-0,DCFDA,10.0,99.15539810774618,95.16386637,103.14692984
2381-16-0,DCFDA,20.0,106.1498250313215,101.67101361,110.62863645
2381-16-0,DCFDA,50.0,99.39949021471448,85.6825379,113.11644253
2381-16-0,DCFDA,100.0,107.24067913768499,105.10243458,109.3789237
2381-16-0,LDH,0.0,100.00000000000003,66.56533423,133.43466577
2381-16-0,LDH,10.0,142.0,101.09780338,182.90219662
2381-16-0,LDH,20.0,221.333333325,130.8546276,311.81203905
2381-16-0,LDH,50.0,236.666666675,178.96506748,294.36826587
2381-16-0,LDH,100.0,760.66666665,439.14099226,1082.19234104
2381-16-0,MMP,0.0,99.9999875,85.93600102,114.06397398
2381-16-0,MMP,10.0,209.599675,166.72040016,252.47894984
2381-16-0,MMP,20.0,220.48205000000002,146.9001191,294.0639809
2381-16-0,MMP,50.0,183.662825,161.39784627,205.92780373
2381-16-0,MMP,100.0,226.55689999999998,187.41988125,265.69391875
2381-19-3,CC,0.0,100.0000000000001,60.48792875,139.51207125
2381-19-3,CC,0.2,97.9731508291656,90.7802497,105.16605196
2381-19-3,CC,2.0,103.76414846012099,98.5979155,108.93038142
2381-19-3,CC,10.0,108.5548828639115,98.76864672,118.341119
2381-19-3,CC,50.0,102.4216899183996,65.11114324,139.7322366
2381-19-3,DCFDA,0.0,100.00000000000007,97.51041744,102.48958256
2381-19-3,DCFDA,10.0,100.12076926980265,97.53257872,102.70895982
2381-19-3,DCFDA,20.0,96.13538336631655,94.08779641,98.18297032
2381-19-3,DCFDA,50.0,105.656873192267,99.28060495,112.03314143
2381-19-3,DCFDA,100.0,97.56634698330538,94.18010843,100.95258554
2381-19-3,LDH,0.0,100.0,73.48750357,126.51249643
2381-19-3,LDH,10.0,109.7560975609755,64.71828515,154.79390998
2381-19-3,LDH,20.0,84.14634146341464,76.71473083,91.5779521
2381-19-3,LDH,50.0,99.99999999999994,79.46350857,120.53649143
2381-19-3,LDH,100.0,189.0243902439025,161.85716569,216.1916148
2381-19-3,MMP,0.0,105.52682796585066,92.31434746,118.73930847
2381-19-3,MMP,10.0,75.45300590629083,68.48267311,82.4233387
2381-19-3,MMP,20.0,91.90198933471672,81.33728848,102.46669019
2381-19-3,MMP,50.0,888.7968556733713,743.35585224,1034.23785911
2381-19-3,MMP,100.0,785.4578231290137,681.39800855,889.5176377
2381-21-7,CC,0.0,99.99999999999994,86.82398297,113.17601703
2381-21-7,CC,2.0,98.26298262982638,82.2083713,114.31759396
2381-21-7,CC,10.0,100.35100351003504,80.81034852,119.8916585
2381-21-7,CC,50.0,125.06525065250675,114.87216441,135.25833689
2381-21-7,CC,150.0,134.00234002340017,103.34003644,164.66464361
2381-21-7,DCFDA,0.0,100.0000000000001,98.58119208,101.41880792
2381-21-7,DCFDA,4.0,100.85350374228557,93.80189576,107.90511172
2381-21-7,DCFDA,20.0,97.56204315665077,96.37136889,98.75271743
2381-21-7,DCFDA,100.0,91.4286964840648,90.43128563,92.42610734
2381-21-7,DCFDA,300.0,92.74553082930552,92.16500523,93.32605642
2381-21-7,LDH,0.0,99.99999999999997,75.05707236,124.94292764
2381-21-7,LDH,4.0,91.23505976095628,69.90927183,112.5608477
2381-21-7,LDH,20.0,103.18725099601593,82.9098228,123.46467919
2381-21-7,LDH,100.0,76.49402390438247,52.30199471,100.6860531
2381-21-7,LDH,300.0,252.324037184595,167.80759846,336.84047591
2381-21-7,MMP,0.0,99.99999999999994,93.28998206,106.71001794
2381-21-7,MMP,4.0,96.34752871719598,87.58647788,105.10857955
2381-21-7,MMP,20.0,100.77653573517163,91.52261001,110.03046146
2381-21-7,MMP,100.0,85.88135124775022,78.74951699,93.01318551
2381-21-7,MMP,300.0,309.5335148386613,193.29242382,425.77460586
2381-31-9,CC,0.0,99.99999999999991,67.2474114,132.7525886
2381-31-9,CC,0.2,110.74355535687664,48.14350325,173.34360746
2381-31-9,CC,2.0,130.3084488153775,102.49054597,158.12635166
2381-31-9,CC,10.0,118.40262255997618,88.82452547,147.98071965
2381-31-9,CC,50.0,141.7225450752495,103.8165941,179.62849605
2381-31-9,DCFDA,0.0,99.9999999999999,92.79601731,107.20398269
2381-31-9,DCFDA,10.0,96.19569239878618,94.05350738,98.33787741
2381-31-9,DCFDA,20.0,101.25885081291774,99.45449725,103.06320438
2381-31-9,DCFDA,50.0,98.56968396121687,94.07429889,103.06506903
2381-31-9,DCFDA,100.0,105.380800828954,103.42632794,107.33527372
2381-31-9,LDH,0.0,100.00000000000003,66.56533423,133.43466577
2381-31-9,LDH,10.0,131.1258278145695,93.03358464,169.21807099
2381-31-9,LDH,20.0,113.90728476821201,91.86988084,135.9446887
2381-31-9,LDH,50.0,155.62913907284775,130.72161712,180.53666102
2381-31-9,LDH,100.0,211.2582781456955,188.07489446,234.44166183
2381-31-9,MMP,0.0,100.00000000000007,52.56827565,147.43172435
2381-31-9,MMP,10.0,179.8891292071235,137.69100867,222.08724975
2381-31-9,MMP,20.0,230.58465822330402,73.61856935,387.5507471
2381-31-9,MMP,50.0,490.27055318051976,79.46573704,901.07536932
2381-31-9,MMP,100.0,755.6577992941325,643.51862994,867.79696865
2381-39-7,CC,0.0,99.99999999999997,67.76804845,132.23195155
2381-39-7,CC,0.2,158.78836833602577,132.63317794,184.94355873
2381-39-7,CC,2.0,165.0403877221325,136.90465594,193.1761195
2381-39-7,CC,10.0,172.76252019386075,147.40033286,198.12470753
2381-39-7,CC,25.0,168.33602584814224,154.90428299,181.76776871
2381-39-7,DCFDA,0.0,99.999995,90.99306188,109.00692812
2381-39-7,DCFDA,2.0,97.6767775,94.46935678,100.88419822
2381-39-7,DCFDA,10.0,107.850275,100.39254437,115.30800563
2381-39-7,DCFDA,25.0,101.900795,97.91213691,105.88945309
2381-39-7,DCFDA,50.0,119.3909,114.77298937,124.00881063
2381-39-7,LDH,0.0,100.0,90.74729506,109.25270494
2381-39-7,LDH,2.0,144.230769225,102.40127657,186.06026188
2381-39-7,LDH,25.0,129.3956044,96.11479395,162.67641485
2381-39-7,LDH,50.0,193.68131870000002,75.96230205,311.40033535
2381-39-7,MMP,0.0,100.00000000000013,84.70146969,115.29853031
2381-39-7,MMP,2.0,102.0420832175,79.39860357,124.68556287
2381-39-7,MMP,10.0,125.237271225,105.01167293,145.46286952
2381-39-7,MMP,25.0,110.989208425,95.9508883,126.02752855
2381-39-7,MMP,50.0,93.9121077975,76.39194522,111.43227038
2498-75-1,CC,0.0,100.0000000000002,72.31199395,127.68800605
2498-75-1,CC,0.2,117.04434565759524,99.18256832,134.90612299
2498-75-1,CC,2.0,114.138566626911,107.65902328,120.61810997
2498-75-1,CC,10.0,137.82933969424278,94.73844965,180.92022974
2498-75-1,CC,50.0,148.3356825327985,121.20988423,175.46148084
2498-75-1,DCFDA,0.0,100.00000000000006,96.0653953,103.9346047
2498-75-1,DCFDA,10.0,96.9464403830994,94.84114779,99.05173298
2498-75-1,DCFDA,20.0,108.02805288004126,104.60095558,111.45515018
2498-75-1,DCFDA,50.0,111.61893025742324,101.99843057,121.23942994
2498-75-1,DCFDA,100.0,123.61932894176475,116.59003101,130.64862687
2498-75-1,LDH,0.0,100.0000000075,65.55334844,134.44665158
2498-75-1,LDH,10.0,105.95238094749999,70.75007985,141.15468205
2498-75-1,LDH,20.0,120.2380952225,56.12927965,184.34691079
2498-75-1,LDH,50.0,128.571428575,93.03096123,164.11189592
2498-75-1,LDH,100.0,146.4285714,110.15523376,182.70190904
2498-75-1,MMP,0.0,100.00000000000007,52.56827565,147.43172435
2498-75-1,MMP,10.0,203.72262225250074,117.01588082,290.42936368
2498-75-1,MMP,20.0,205.236484603085,79.39200704,331.08096216
2498-75-1,MMP,50.0,198.23734117642576,112.79472827,283.67995408
2498-75-1,MMP,100.0,571.402832314462,305.9698668,836.83579782
2498-77-3,CC,0.0,100.00000000000004,91.28569323,108.71430677
2498-77-3,CC,0.2,93.29755023396638,55.03514579,131.55995468
2498-77-3,CC,2.0,82.7552986512524,63.28739311,102.22320419
2498-77-3,CC,10.0,98.05945499587125,77.020736,119.09817399
2498-77-3,CC,50.0,201.3900357830995,161.76981193,241.01025964
2498-77-3,DCFDA,0.0,100.00000000000003,92.62653639,107.37346361
2498-77-3,DCFDA,10.0,99.36687026928303,96.4255973,102.30814324
2498-77-3,DCFDA,20.0,110.1219586436413,90.15480434,130.08911295
2498-77-3,DCFDA,50.0,99.17611964528496,90.64932338,107.70291591
2498-77-3,DCFDA,100.0,105.37145640130674,99.58416489,111.15874792
2498-77-3,LDH,0.0,100.0000000075,87.94367196,112.05632806
2498-77-3,LDH,10.0,82.22222222222223,73.3820936,91.06235085
2498-77-3,LDH,20.0,99.5833333333334,80.65946922,118.50719745
2498-77-3,LDH,50.0,119.58333333333326,101.80939789,137.35726878
2498-77-3,LDH,100.0,236.66666666666677,133.72565574,339.60767759
2498-77-3,MMP,0.0,99.99999999999994,81.70251468,118.29748532
2498-77-3,MMP,10.0,92.12245410967545,72.50041266,111.74449556
2498-77-3,MMP,20.0,64.545669490468,51.21174049,77.87959849
2498-77-3,MMP,50.0,208.552652445272,185.61714193,231.48816296
2498-77-3,MMP,100.0,257.33814579935773,215.01620456,299.66008704
2531-84-2,CC,0.0,153.36005907796175,131.58921526,175.13090289
2531-84-2,CC,0.2,128.60006329781623,118.83164814,138.36847845
2531-84-2,CC,2.0,110.80282730245823,97.94080682,123.66484778
2531-84-2,CC,10.0,99.02943348454463,82.99351606,115.06535091
2531-84-2,CC,50.0,119.04209304778972,105.48411957,132.60006653
2531-84-2,DCFDA,0.0,105.649998446095,95.20281437,116.09718252
2531-84-2,DCFDA,10.0,106.47434502905804,96.36409605,116.58459401
2531-84-2,DCFDA,20.0,121.31258352239175,111.13834949,131.48681755
2531-84-2,DCFDA,50.0,99.8477173136092,86.49016205,113.20527258
2531-84-2,DCFDA,100.0,100.13363582683283,94.88306046,105.38421119
2531-84-2,LDH,0.0,100.00000000000003,78.95602625,121.04397375
2531-84-2,LDH,10.0,115.90909090909075,110.36696243,121.45121939
2531-84-2,LDH,20.0,85.9848484848484,65.55153593,106.41816104
2531-84-2,LDH,50.0,68.93939393939392,61.18987336,76.68891452
2531-84-2,LDH,100.0,62.878787878787875,56.78507907,68.97249669
2531-84-2,MMP,0.0,99.99999999999997,88.76047761,111.23952239
2531-84-2,MMP,10.0,111.44858567056846,81.67523852,141.22193282
2531-84-2,MMP,20.0,111.26549319733147,83.17306059,139.35792581
2531-84-2,MMP,50.0,112.25200564494112,92.69124407,131.81276722
2531-84-2,MMP,100.0,217.99326733569725,199.1257182,236.86081647
2541-69-7,CC,0.0,99.99999999999993,69.33734772,130.66265228
2541-69-7,CC,2.0,116.95560596241106,63.16855443,170.7426575
2541-69-7,CC,10.0,125.91542449773155,74.63499378,177.19585522
2541-69-7,CC,20.0,144.79099157485425,111.09811865,178.4838645
2541-69-7,CC,50.0,115.9024627349318,36.46266985,195.34225562
2541-69-7,DCFDA,0.0,100.0,98.2044016,101.7955984
2541-69-7,DCFDA,10.0,80.94569490646737,45.69989584,116.19149397
2541-69-7,DCFDA,20.0,104.652870782391,101.61612775,107.68961382
2541-69-7,DCFDA,50.0,84.41266686827655,43.41614059,125.40919314
2541-69-7,DCFDA,100.0,105.7782866030155,99.092081,112.4644922
2541-69-7,LDH,0.0,100.0000000075,65.6147404,134.38525961
2541-69-7,LDH,10.0,136.66666665,92.24732932,181.08600398
2541-69-7,LDH,20.0,244.66666665,67.68737985,421.64595345
2541-69-7,LDH,50.0,304.0,215.12755286,392.87244714
2541-69-7,LDH,100.0,656.666666675,210.56045616,1102.77287719
2541-69-7,MMP,0.0,99.9999875,85.93600102,114.06397398
2541-69-7,MMP,10.0,224.72665,146.54498724,302.90831276
2541-69-7,MMP,20.0,176.852625,168.3505769,185.3546731
2541-69-7,MMP,50.0,210.29825,137.06009033,283.53640967
2541-69-7,MMP,100.0,186.642325,139.91756358,233.36708642
2606-85-1,CC,0.0,100.0000000000001,60.48792875,139.51207125
2606-85-1,CC,0.2,84.66701763622005,79.7826917,89.55134357
2606-85-1,CC,2.0,89.86575414582785,76.46489658,103.26661171
2606-85-1,CC,10.0,82.3242958673335,62.82085976,101.82773197
2606-85-1,CC,50.0,101.46091076599087,92.69219545,110.22962608
2606-85-1,DCFDA,0.0,100.00000000000003,98.16359707,101.83640293
2606-85-1,DCFDA,10.0,101.6032546413021,98.20648171,105.00002758
2606-85-1,DCFDA,20.0,100.52372220948898,96.38523635,104.66220807
2606-85-1,DCFDA,50.0,107.52463900985575,101.92335769,113.12592033
2606-85-1,DCFDA,100.0,101.8782947513178,94.08151893,109.67507057
2606-85-1,LDH,0.0,100.00000000000003,80.20143321,119.79856679
2606-85-1,LDH,10.0,155.68627450980406,-4.46741137,315.83996039
2606-85-1,LDH,20.0,149.01960784313718,20.90054933,277.13866635
2606-85-1,LDH,50.0,178.0392156862746,14.71246311,341.36596826
2606-85-1,LDH,100.0,127.05882352941194,84.35787417,169.75977289
2606-85-1,MMP,0.0,99.99999999999987,58.8705703,141.1294297
2606-85-1,MMP,10.0,76.10120466433803,56.97851612,95.2238932
2606-85-1,MMP,20.0,57.76104691710893,21.91183521,93.61025862
2606-85-1,MMP,50.0,284.6237192521135,92.99487257,476.25256594
2606-85-1,MMP,100.0,377.60339263572627,340.85845024,414.34833503
2732-58-3,CC,0.0,99.999999995,72.91234025,127.08765974
2732-58-3,CC,0.2,88.5518855275,52.50994638,124.59382468
2732-58-3,CC,2.0,76.3297632975,40.15018049,112.5093461
2732-58-3,CC,10.0,88.3358833725,50.09680667,126.57496007
2732-58-3,CC,50.0,64.8096481,50.30691927,79.31237693
2732-58-3,DCFDA,0.0,100.0,86.92036342,113.07963658
2732-58-3,DCFDA,10.0,90.7624321158556,88.57873113,92.9461331
2732-58-3,DCFDA,20.0,102.76195293366,86.59863136,118.92527451
2732-58-3,DCFDA,50.0,89.54717282504527,86.90776213,92.18658352
2732-58-3,DCFDA,100.0,93.39926525396655,90.79243451,96.006096
2732-58-3,LDH,0.0,100.0,87.00771736,112.99228264
2732-58-3,LDH,10.0,195.0,68.70057773,321.29942227
2732-58-3,LDH,20.0,252.5,162.13589558,342.86410442
2732-58-3,LDH,50.0,425.0,287.19603267,562.80396733
2732-58-3,LDH,100.0,715.0,365.77575635,1064.22424365
2732-58-3,MMP,0.0,100.00000000000004,61.76331255,138.23668745
2732-58-3,MMP,10.0,135.29380815854574,95.76005929,174.82755703
2732-58-3,MMP,20.0,180.00744178996501,52.19519752,307.81968606
2732-58-3,MMP,50.0,330.5127201108365,141.50121514,519.52422508
2732-58-3,MMP,100.0,270.20479923010424,158.89503923,381.51455923
316-14-3,CC,0.0,99.99999999999993,69.33734772,130.66265228
316-14-3,CC,2.0,119.6208684381075,100.18115949,139.06057739
316-14-3,CC,10.0,147.42384964355176,132.13748989,162.7102094
316-14-3,CC,20.0,129.3826960466625,105.24963947,153.51575262
316-14-3,CC,50.0,124.74076474400515,94.63122766,154.85030183
316-14-3,DCFDA,0.0,99.9999999999999,92.79601731,107.20398269
316-14-3,DCFDA,10.0,95.96501615967234,94.75287956,97.17715275
316-14-3,DCFDA,20.0,100.8511583154466,97.26176846,104.44054817
316-14-3,DCFDA,50.0,95.68253028396614,94.15733493,97.20772563
316-14-3,DCFDA,100.0,99.45538203439162,98.15498799,100.75577607
316-14-3,LDH,0.0,100.00000000000003,66.56533423,133.43466577
316-14-3,LDH,10.0,159.6026490066225,83.23375508,235.97154294
316-14-3,LDH,20.0,170.19867549668874,99.88630826,240.51104274
316-14-3,LDH,50.0,243.70860927152324,182.81935257,304.59786598
316-14-3,LDH,100.0,312.5827814569535,182.20774158,442.95782134
316-49-4,CC,0.0,100.0000000000002,72.31199395,127.68800605
316-49-4,CC,0.2,142.70844627561524,106.93573173,178.48116082
316-49-4,CC,2.0,129.8709747370705,102.40615136,157.33579811
316-49-4,CC,10.0,166.38837688387724,120.72303919,212.05371458
316-49-4,CC,50.0,164.40420687411898,92.87230594,235.93610781
316-49-4,DCFDA,0.0,101.1561380362538,81.81824289,120.49403318
316-49-4,DCFDA,10.0,93.18385033358553,91.90583309,94.46186758
316-49-4,DCFDA,20.0,95.9325700779721,93.97489581,97.89024435
316-49-4,DCFDA,50.0,90.7944567068303,87.3769817,94.21193172
316-49-4,DCFDA,100.0,94.07987294361872,90.84504494,97.31470095
316-49-4,LDH,0.0,100.0000000075,65.55334844,134.44665158
316-49-4,LDH,10.0,109.5238095125,73.44886903,145.59875
316-49-4,LDH,20.0,196.42857145000002,46.48636619,346.37077671
316-49-4,LDH,50.0,240.476190475,168.99252758,311.95985337
316-49-4,LDH,100.0,355.952380925,157.93849325,553.9662686
316-49-4,MMP,0.0,100.00000000000006,72.93423305,127.06576695
316-49-4,MMP,10.0,214.243005428798,174.71387162,253.77213923
316-49-4,MMP,20.0,274.50683911449397,206.12691822,342.88676001
316-49-4,MMP,50.0,333.814706998124,264.25129602,403.37811797
316-49-4,MMP,100.0,502.42381496148454,456.59243269,548.25519723
316-51-8,CC,0.0,99.9999999999999,74.50051785,125.49948215
316-51-8,CC,2.0,131.8407358102385,94.91900658,168.76246504
316-51-8,CC,10.0,124.13167130582124,73.96291585,174.30042676
316-51-8,CC,20.0,161.50308604623,124.64403741,198.36213468
316-51-8,CC,50.0,122.15902214691998,55.02915505,189.28888924
316-51-8,DCFDA,0.0,100.00000000000006,96.0653953,103.9346047
316-51-8,DCFDA,10.0,98.94258039379137,97.73682841,100.14833238
316-51-8,DCFDA,20.0,103.521107617589,100.86880947,106.17340576
316-51-8,DCFDA,50.0,99.52157878999297,97.00165438,102.0415032
316-51-8,DCFDA,100.0,105.806293775994,100.99148936,110.62109819
316-51-8,LDH,0.0,100.00000000000007,34.29246522,165.70753478
316-51-8,LDH,10.0,189.32584269662925,22.74465251,355.90703289
316-51-8,LDH,20.0,103.37078651685397,-8.18751067,214.9290837
316-51-8,LDH,50.0,123.0337078651685,44.88970399,201.17771174
316-51-8,LDH,100.0,145.50561797752832,59.568971,231.44226496
316-51-8,MMP,0.0,99.99999999999983,56.33284909,143.66715091
316-51-8,MMP,10.0,156.5947585690766,33.1308108,280.05870634
316-51-8,MMP,20.0,182.12437027491566,74.39354225,289.8551983
316-51-8,MMP,50.0,130.47164248620925,85.09060173,175.85268325
316-51-8,MMP,100.0,185.87168019464434,135.71239455,236.03096584
317-64-6,CC,0.0,99.9999999999999,74.50051785,125.49948215
317-64-6,CC,2.0,179.741014159506,111.58658492,247.8954434
317-64-6,CC,10.0,197.44644802129952,83.02680342,311.86609262
317-64-6,CC,20.0,145.225704949776,108.1480212,182.3033887
317-64-6,CC,50.0,160.70434466900647,84.3991965,237.00949284
317-64-6,DCFDA,0.0,99.9999999999999,92.79601731,107.20398269
317-64-6,DCFDA,10.0,95.35686971109958,91.95421366,98.75952576
317-64-6,DCFDA,20.0,100.9214713936794,96.51300517,105.32993762
317-64-6,DCFDA,50.0,96.48866355808845,92.80140467,100.17592245
317-64-6,DCFDA,100.0,101.65790837095713,99.38177151,103.93404523
317-64-6,LDH,0.0,100.00000000000003,66.56533423,133.43466577
317-64-6,LDH,10.0,121.85430463576151,78.73037488,164.97823439
317-64-6,LDH,20.0,226.93156732891802,212.06187817,241.80125648
317-64-6,LDH,50.0,288.07947019867527,150.95711253,425.20182786
317-64-6,LDH,100.0,378.80794701986775,294.29423839,463.32165565
317-64-6,MMP,0.0,99.99999999999983,56.33284909,143.66715091
317-64-6,MMP,10.0,233.27633222473924,8.76367791,457.78898654
317-64-6,MMP,20.0,388.23532614274905,102.53020395,673.94044833
317-64-6,MMP,50.0,576.2975194412752,172.17306045,980.42197843
317-64-6,MMP,100.0,472.6672357850825,370.90145848,574.43301309
3351-28-8,CC,0.0,99.9999999999999,55.60000885,144.39999115
3351-28-8,CC,0.2,182.5164438786335,69.56937131,295.46351645
3351-28-8,CC,2.0,178.14555484829174,91.99188696,264.29922274
3351-28-8,CC,10.0,142.75408444727324,96.17492097,189.33324793
3351-28-8,CC,50.0,151.41099087629968,100.90866047,201.91332128
3351-28-8,DCFDA,0.0,99.99999999999984,97.89473106,102.10526894
3351-28-8,DCFDA,10.0,97.41413729537797,93.15601075,101.67226384
3351-28-8,DCFDA,20.0,101.57496368408982,96.04554357,107.1043838
3351-28-8,DCFDA,50.0,130.6863069904945,120.02552025,141.34709373
3351-28-8,DCFDA,100.0,109.8923689866375,99.67117373,120.11356424
3351-28-8,LDH,0.0,99.9999999975,47.91577376,152.08422623
3351-28-8,LDH,10.0,165.573770485,60.40846799,270.73907298
3351-28-8,LDH,20.0,170.491803275,91.02692139,249.95668516
3351-28-8,LDH,50.0,186.88524587499998,132.00201565,241.7684761
3351-28-8,LDH,100.0,183.606557375,120.42403488,246.78907987
3351-28-8,LDH,300.0,407.96812749004,,
3351-28-8,MMP,0.0,105.52682796585066,92.31434746,118.73930847
3351-28-8,MMP,10.0,105.68557461050659,97.92368043,113.44746879
3351-28-8,MMP,20.0,109.30715017076648,100.80060773,117.81369261
3351-28-8,MMP,50.0,115.66988770348428,98.92632394,132.41345147
3351-28-8,MMP,100.0,118.36653112631126,115.31568128,121.41738097
3351-31-3,CC,0.0,99.9999999999999,55.60000885,144.39999115
3351-31-3,CC,0.2,175.17504774029277,86.71999936,263.63009612
3351-31-3,CC,2.0,238.0437088903035,101.87407147,374.21334631
3351-31-3,CC,10.0,159.85571822618283,23.06463238,296.64680407
3351-31-3,CC,50.0,161.744112030554,95.62790159,227.86032247
3351-31-3,DCFDA,0.0,100.00000000000017,95.64190329,104.35809671
3351-31-3,DCFDA,10.0,95.1106968784855,89.29049465,100.9308991
3351-31-3,DCFDA,20.0,97.2803251386575,93.08746727,101.47318301
3351-31-3,DCFDA,50.0,92.68438020443398,86.15134862,99.21741178
3351-31-3,DCFDA,100.0,100.34836284740787,92.24947933,108.44724637
3351-31-3,LDH,0.0,277.61194029850753,-152.05675405,707.28063465
3351-31-3,LDH,10.0,115.42288557213946,49.30205995,181.54371119
3351-31-3,LDH,20.0,105.47263681592034,99.13941034,111.80586329
3351-31-3,LDH,50.0,107.46268656716403,84.19292662,130.73244651
3351-31-3,LDH,100.0,117.91044776119425,98.32602647,137.49486905
3351-31-3,MMP,0.0,99.99999999999987,86.15820225,113.84179775
3351-31-3,MMP,10.0,186.47569714811075,115.30103692,257.65035737
3351-31-3,MMP,20.0,215.29835979646225,145.12622949,285.47049011
3351-31-3,MMP,50.0,218.15440067178776,144.63319183,291.67560951
3351-31-3,MMP,100.0,439.0504124650705,327.31166611,550.78915882
3351-32-4,CC,0.0,99.9999999999999,55.60000885,144.39999115
3351-32-4,CC,0.2,154.50880543178445,75.60236254,233.41524833
3351-32-4,CC,2.0,95.82007214088692,42.19519153,149.44495275
3351-32-4,CC,10.0,148.27074050498624,99.98850339,196.55297762
3351-32-4,CC,50.0,165.98769361340976,78.26681099,253.70857623
3351-32-4,DCFDA,0.0,99.99999999999984,97.89473106,102.10526894
3351-32-4,DCFDA,10.0,124.3380310405465,118.11113023,130.56493185
3351-32-4,DCFDA,20.0,112.92676503818463,73.78370342,152.06982665
3351-32-4,DCFDA,50.0,109.75644979059948,97.37276367,122.14013591
3351-32-4,DCFDA,100.0,102.07531622450452,91.73066785,112.4199646
3351-32-4,LDH,0.0,99.9999999975,47.91577376,152.08422623
3351-32-4,LDH,10.0,134.4262295,101.98482733,166.86763167
3351-32-4,LDH,20.0,167.21311475,111.67257686,222.75365264
3351-32-4,LDH,50.0,157.3770492,140.33799,174.4161084
3351-32-4,LDH,100.0,193.44262295,100.70097874,286.18426716
3351-32-4,MMP,0.0,105.52682796585066,92.31434746,118.73930847
3351-32-4,MMP,10.0,171.38557379304024,158.2703249,184.50082269
3351-32-4,MMP,20.0,171.3122835479403,119.95199671,222.67257039
3351-32-4,MMP,50.0,129.57614149360026,122.81935523,136.33292776
3351-32-4,MMP,100.0,128.77086996629026,111.39023255,146.15150738
3674-74-6,CC,0.0,99.99999999999991,41.47403417,158.52596583
3674-74-6,CC,0.2,160.66788099575,124.32882533,197.00693666
3674-74-6,CC,2.0,142.55009107468123,108.61206888,176.48811327
3674-74-6,CC,10.0,180.995749848209,136.05260112,225.93889858
3674-74-6,CC,50.0,197.98421372191876,162.28788244,233.68054501
3674-74-6,DCFDA,0.0,100.00000000000017,97.56093606,102.43906394
3674-74-6,DCFDA,10.0,106.92406672808522,95.58787035,118.26026311
3674-74-6,DCFDA,20.0,119.82655570698725,111.88651585,127.76659556
3674-74-6,DCFDA,50.0,105.74543737960575,99.43751398,112.05336078
3674-74-6,DCFDA,100.0,109.92698284591775,105.79281448,114.06115121
3674-74-6,LDH,0.0,100.00000001250001,84.75185021,115.24814981
3674-74-6,LDH,10.0,83.33333333333331,51.71409696,114.9525697
3674-74-6,LDH,20.0,83.3333333333333,45.87954003,120.78712664
3674-74-6,LDH,50.0,89.89898989898985,54.5384754,125.2595044
3674-74-6,LDH,100.0,107.57575757575749,84.7884023,130.36311285
3674-74-6,MMP,0.0,100.00000000000004,61.76331255,138.23668745
3674-74-6,MMP,10.0,128.0156371915256,66.49757618,189.5336982
3674-74-6,MMP,20.0,107.08791259272432,90.13974229,124.03608289
3674-74-6,MMP,50.0,103.5512260346329,84.04764575,123.05480632
3674-74-6,MMP,100.0,108.61123877633581,58.171036,159.05144155
3697-24-3,CC,0.0,99.99999999999993,89.38895674,110.61104326
3697-24-3,CC,0.2,246.52527075812299,230.7748484,262.27569312
3697-24-3,CC,2.0,217.07065497679199,195.08694058,239.05436937
3697-24-3,CC,10.0,219.2947395564725,199.39651455,239.19296456
3697-24-3,CC,50.0,248.53017019081997,223.07829463,273.98204575
3697-24-3,DCFDA,0.0,100.00000000000017,97.88012856,102.11987144
3697-24-3,DCFDA,10.0,89.83636113615182,87.68891775,91.98380452
3697-24-3,DCFDA,20.0,89.75232623875083,88.41915847,91.08549401
3697-24-3,DCFDA,50.0,90.30237283992113,88.93100733,91.67373835
3697-24-3,DCFDA,100.0,94.42466653424805,91.79514243,97.05419064
3697-24-3,LDH,0.0,277.61194029850753,68.611898,486.61198259
3697-24-3,LDH,10.0,113.43283582089566,108.27797794,118.5876937
3697-24-3,LDH,20.0,123.8805970149255,108.15360317,139.60759086
3697-24-3,LDH,50.0,158.2089552238805,103.46837956,212.94953089
3697-24-3,LDH,100.0,250.74626865671627,147.62610084,353.86643647
3697-24-3,MMP,0.0,99.99999999999987,93.26705354,106.73294646
3697-24-3,MMP,10.0,258.28190360674176,220.87013578,295.69367143
3697-24-3,MMP,20.0,374.2478003518253,346.52221028,401.97339042
3697-24-3,MMP,50.0,423.91097066531125,379.62949262,468.19244871
3697-24-3,MMP,100.0,538.360877179626,476.18628655,600.53546781
4076-40-8,CC,0.0,99.9999999999999,71.94257329,128.05742671
4076-40-8,CC,0.2,162.17342968315725,155.11455373,169.23230564
4076-40-8,CC,2.0,155.53085047248467,59.35674884,251.7049521
4076-40-8,CC,10.0,186.77042801556428,61.00988917,312.53096686
4076-40-8,CC,50.0,178.62701500833776,140.34677859,216.90725142
4076-40-8,DCFDA,0.0,100.00000000000003,98.16359707,101.83640293
4076-40-8,DCFDA,10.0,108.85399954159975,104.982183,112.72581608
4076-40-8,DCFDA,20.0,101.89892275956933,98.54093447,105.25691105
4076-40-8,DCFDA,50.0,105.8491863396745,96.6351936,115.06317908
4076-40-8,DCFDA,100.0,100.6967682787074,96.05057484,105.34296171
4076-40-8,LDH,0.0,100.00000000000003,80.20143321,119.79856679
4076-40-8,LDH,10.0,138.8235294117646,-8.14617508,285.79323391
4076-40-8,LDH,20.0,138.03921568627436,-15.40781859,291.48624997
4076-40-8,LDH,50.0,142.35294117647075,108.28867475,176.4172076
4076-40-8,LDH,100.0,245.8823529411765,152.45865555,339.30605033
4076-40-8,MMP,0.0,99.99999999999987,58.8705703,141.1294297
4076-40-8,MMP,10.0,101.31346522016938,44.71620076,157.91072968
4076-40-8,MMP,20.0,147.98243330480224,124.81185934,171.15300727
4076-40-8,MMP,50.0,305.377730623994,144.55954399,466.19591726
4076-40-8,MMP,100.0,311.55263799222973,258.2528557,364.85242028
4076-43-1,CC,0.0,100.00000000666667,84.40093882,115.5990612
4076-43-1,CC,0.2,109.45369619,85.9835143,132.92387808
4076-43-1,CC,2.0,131.021527225,118.17041316,143.87264129
4076-43-1,CC,10.0,155.087327375,113.2429384,196.93171635
4076-43-1,CC,50.0,206.7221771,159.8119905,253.6323637
4076-43-1,DCFDA,0.0,100.00000000000003,98.16359707,101.83640293
4076-43-1,DCFDA,10.0,103.6729314691726,96.70898826,110.63687468
4076-43-1,DCFDA,20.0,98.38413935365575,96.9460652,99.8222135
4076-43-1,DCFDA,50.0,104.3937657575065,97.88004213,110.90748938
4076-43-1,DCFDA,100.0,100.86064634425837,91.96938864,109.75190405
4076-43-1,LDH,0.0,100.0,73.48750357,126.51249643
4076-43-1,LDH,10.0,96.34146341463412,69.17423886,123.50868797
4076-43-1,LDH,20.0,96.34146341463408,73.1633281,119.51959873
4076-43-1,LDH,50.0,130.48780487804873,109.1127469,151.86286285
4076-43-1,LDH,100.0,131.7073170731705,109.75288426,153.66174989
4076-43-1,MMP,0.0,99.99999999999987,58.8705703,141.1294297
4076-43-1,MMP,10.0,98.19586743301718,26.70511375,169.68662112
4076-43-1,MMP,20.0,234.6432204390645,149.38086206,319.90557882
4076-43-1,MMP,50.0,285.72169432721427,186.20301064,385.24037802
4076-43-1,MMP,100.0,188.917334010427,84.85289763,292.98177039
483-65-8,CC,0.0,153.36005907796175,131.58921526,175.13090289
483-65-8,CC,2.0,114.02046629391285,95.80690467,132.23402792
483-65-8,CC,10.0,114.29475683088924,112.32554051,116.26397315
483-65-8,CC,50.0,112.1848296233781,98.1781361,126.19152315
483-65-8,CC,200.0,106.00274290536973,96.29316839,115.71231742
483-65-8,DCFDA,0.0,99.9999999999999,89.00467608,110.99532392
483-65-8,DCFDA,10.0,103.13574554548278,98.19195819,108.0795329
483-65-8,DCFDA,50.0,106.32033447952475,104.04037994,108.60028901
483-65-8,DCFDA,200.0,102.3054079399813,100.45124803,104.15956785
483-65-8,DCFDA,400.0,112.14051266020626,108.20254607,116.07847925
483-65-8,LDH,0.0,99.9999999999999,85.92718231,114.07281769
483-65-8,LDH,10.0,151.5151515151515,115.17929248,187.85101055
483-65-8,LDH,50.0,145.45454545454524,107.15318702,183.75590389
483-65-8,LDH,200.0,233.3333333333332,118.07869701,348.58796965
483-65-8,LDH,400.0,236.36363636363626,163.89406532,308.8332074
483-65-8,MMP,0.0,99.99999999999997,90.52381882,109.47618118
483-65-8,MMP,10.0,107.05505975985643,86.81691704,127.29320248
483-65-8,MMP,50.0,422.8693858397547,394.25120932,451.48756236
483-65-8,MMP,200.0,496.1448131080972,394.3070018,597.98262442
483-65-8,MMP,400.0,399.283943541716,317.36406674,481.20382035
50-32-8,CC,0.0,99.99999999999983,91.59436312,108.40563688
50-32-8,CC,0.02,110.34034251029692,102.64958376,118.03110126
50-32-8,CC,0.2,148.081508779536,130.51688343,165.64613413
50-32-8,CC,2.0,202.8398005636245,178.7370736,226.94252753
50-32-8,CC,10.0,201.69087361803577,185.24607447,218.13567277
50-32-8,DCFDA,0.0,99.9999999999999,89.00467608,110.99532392
50-32-8,DCFDA,2.0,127.66489527977518,108.28005063,147.04973993
50-32-8,DCFDA,10.0,231.67200687714924,216.71137085,246.6326429
50-32-8,DCFDA,100.0,162.2616442638325,136.38345725,188.13983127
50-32-8,DCFDA,300.0,279.5287589871835,264.19185386,294.86566411
50-32-8,LDH,0.0,168.68686868686873,121.37095243,216.00278495
50-32-8,LDH,2.0,150.5050505050505,120.90570167,180.10439934
50-32-8,LDH,100.0,343.43434343434353,150.80732118,536.06136569
50-32-8,LDH,300.0,281.81818181818176,226.3215826,337.31478104
50-32-8,MMP,0.0,99.99999999999997,89.68240544,110.31759456
50-32-8,MMP,2.0,144.70233625544125,129.03295489,160.37171762
50-32-8,MMP,10.0,293.6072131294995,251.91738795,335.2970383
50-32-8,MMP,100.0,292.4212073353475,281.24099744,303.60141723
50-32-8,MMP,300.0,276.065861079354,269.53151867,282.60020348
52689-26-6,CC,0.0,99.99999999999997,75.6791091,124.3208909
52689-26-6,CC,0.2,125.805857432308,121.69469213,129.91702273
52689-26-6,CC,2.0,109.17909989562227,81.74232472,136.61587507
52689-26-6,CC,10.0,86.6580708540555,62.82681559,110.48932612
52689-26-6,CC,50.0,109.89746423527976,94.28653811,125.50839036
52689-26-6,DCFDA,0.0,100.00000000000017,97.56093606,102.43906394
52689-26-6,DCFDA,10.0,103.09580551092947,96.31342228,109.87818874
52689-26-6,DCFDA,50.0,102.95647142128385,96.70862747,109.20431538
52689-26-6,DCFDA,100.0,109.583596646845,106.41283647,112.75435682
52689-26-6,LDH,0.0,100.00000001250001,84.75185021,115.24814981
52689-26-6,LDH,10.0,124.24242424242398,91.06820625,157.41664224
52689-26-6,LDH,50.0,125.75757575757575,82.53953813,168.97561339
52689-26-6,LDH,100.0,295.4545454545455,262.39734446,328.51174644
52689-26-6,MMP,0.0,100.00000000000004,81.40085745,118.59914255
52689-26-6,MMP,10.0,176.38821555043003,38.61085841,314.16557269
52689-26-6,MMP,20.0,512.0454972670274,178.9610433,845.12995123
52689-26-6,MMP,50.0,497.8284778342495,230.38840721,765.26854846
52689-26-6,MMP,100.0,534.1243601137256,202.45550559,865.79321464
53-70-3,CC,0.0,100.00000000000003,85.18493269,114.81506731
53-70-3,CC,0.02,124.14856341976176,115.90510935,132.39201749
53-70-3,CC,0.2,160.95304835318834,155.65112004,166.25497666
53-70-3,CC,2.0,147.82060266292925,142.09632377,153.54488156
53-70-3,CC,5.0,224.3587946741415,156.76829554,291.94929381
53-70-3,LDH,0.0,99.99999999999993,97.80070634,102.19929366
53-70-3,LDH,0.2,123.52941176470577,86.54090514,160.51791839
53-70-3,LDH,2.0,170.955882352941,127.1927114,214.71905331
53-70-3,LDH,5.0,162.1323529411765,133.51171845,190.75298743
53-70-3,LDH,10.0,287.86764705882354,195.71743483,380.01785928
53-70-3,MMP,0.0,100.0,93.49138768,106.50861232
53-70-3,MMP,0.2,141.751336358478,132.43868019,151.06399252
53-70-3,MMP,2.0,159.833133887394,146.3538115,173.31245627
53-70-3,MMP,5.0,170.74617714777776,155.51279949,185.9795548
53-70-3,MMP,10.0,172.41359501730875,151.64916325,193.17802679
54986-63-9,CC,0.0,99.9999999999999,71.94257329,128.05742671
54986-63-9,CC,0.2,156.05892162312375,80.93659491,231.18124833
54986-63-9,CC,2.0,239.271817676487,103.84867032,374.69496503
54986-63-9,CC,10.0,214.28571428571425,146.15545715,282.41597142
54986-63-9,CC,50.0,186.047804335742,125.12016197,246.97544671
54986-63-9,DCFDA,0.0,100.00000000000007,97.51041744,102.48958256
54986-63-9,DCFDA,10.0,102.98777084284775,98.29007109,107.6854706
54986-63-9,DCFDA,20.0,95.1722738113361,92.57225563,97.77229199
54986-63-9,DCFDA,50.0,102.49150048206239,98.64682057,106.33618039
54986-63-9,DCFDA,100.0,98.616735170244,90.12858387,107.10488647
54986-63-9,LDH,0.0,100.0,73.48750357,126.51249643
54986-63-9,LDH,10.0,113.41463414634157,86.24740959,140.5818587
54986-63-9,LDH,20.0,115.85365853658527,82.09388429,149.61343278
54986-63-9,LDH,50.0,132.9268292682925,91.67089236,174.18276618
54986-63-9,LDH,100.0,154.87804878048775,110.34472062,199.41137694
54986-63-9,MMP,0.0,100.00000000000009,68.55598347,131.44401653
54986-63-9,MMP,10.0,111.97250627974222,72.39502595,151.54998661
54986-63-9,MMP,20.0,145.25212429798648,132.28330805,158.22094055
54986-63-9,MMP,50.0,294.969253410278,130.42105148,459.51745534
54986-63-9,MMP,100.0,535.4126695236237,475.70047775,595.1248613
56-49-5,CC,0.0,100.00000000000004,91.28569323,108.71430677
56-49-5,CC,0.2,60.66611615744565,26.12897434,95.20325797
56-49-5,CC,2.0,89.41646022570887,66.22000923,112.61291122
56-49-5,CC,10.0,109.49628406275785,92.81683743,126.1757307
56-49-5,CC,50.0,310.56977704376527,271.3851267,349.75442739
56-49-5,DCFDA,0.0,100.00000000000003,96.4133896,103.5866104
56-49-5,DCFDA,2.0,107.59349824468825,101.36175651,113.82523998
56-49-5,DCFDA,10.0,104.83978976846124,102.30818133,107.37139821
56-49-5,DCFDA,50.0,109.24937600194801,103.58970741,114.9090446
56-49-5,DCFDA,100.0,146.196148460805,132.71894026,159.67335666
56-49-5,LDH,0.0,100.00000000000009,75.65065744,124.34934256
56-49-5,LDH,2.0,92.04545454545442,33.47141831,150.61949079
56-49-5,LDH,10.0,78.40909090909092,50.47437231,106.34380951
56-49-5,LDH,50.0,252.27272727272725,118.57940557,385.96604897
56-49-5,LDH,100.0,210.22727272727275,155.02507437,265.42947108
56-49-5,MMP,0.0,99.99999999999994,81.70251468,118.29748532
56-49-5,MMP,2.0,192.72703369866176,132.68281635,252.77125105
56-49-5,MMP,10.0,203.36490162203523,122.46147808,284.26832516
56-49-5,MMP,50.0,262.7963630702105,204.16331142,321.42941472
56-49-5,MMP,100.0,290.6868273614443,221.03694931,360.33670541
56-55-3,CC,0.0,99.99999999999987,85.67376212,114.32623788
56-55-3,CC,2.0,71.89322566173173,60.07937859,83.70707274
56-55-3,CC,10.0,73.48586810228805,63.3592106,83.6125256
56-55-3,CC,50.0,93.94347240915219,77.15998591,110.7269589
56-55-3,CC,200.0,184.09600717810702,172.56187899,195.63013536
56-55-3,DCFDA,0.0,100.00000000000004,97.33687314,102.66312686
56-55-3,DCFDA,10.0,109.38533655309574,105.72288293,113.04779017
56-55-3,DCFDA,50.0,107.19982142494801,106.32789595,108.0717469
56-55-3,DCFDA,200.0,104.93313581850312,102.27528998,107.59098166
56-55-3,DCFDA,400.0,131.2546926682765,126.71848863,135.79089671
56-55-3,LDH,0.0,100.00000000749999,95.64552933,104.35447069
56-55-3,LDH,10.0,83.74999999999997,81.35536039,86.14463961
56-55-3,LDH,50.0,99.16666666666667,92.69375308,105.63958025
56-55-3,LDH,200.0,170.41666666666674,151.189833,189.64350034
56-55-3,LDH,400.0,269.16666666666674,242.98722054,295.34611279
56-55-3,MMP,0.0,99.99999999999994,93.39136568,106.60863432
56-55-3,MMP,10.0,86.29802651273998,83.71050307,88.88554996
56-55-3,MMP,50.0,75.46454263398333,74.27915409,76.64993118
56-55-3,MMP,200.0,110.8542727748814,90.97524298,130.73330257
56-55-3,MMP,400.0,130.17893447198125,122.47210183,137.88576712
57-97-6,CC,0.0,99.99999999999987,80.70590086,119.29409914
57-97-6,CC,0.2,98.00358905338727,87.5911765,108.4160016
57-97-6,CC,2.0,106.84163301929107,90.86197025,122.82129579
57-97-6,CC,10.0,101.30103185284891,80.35185926,122.25020444
57-97-6,CC,50.0,116.73396141767623,105.16219971,128.30572313
57-97-6,DCFDA,0.0,100.00000000000004,98.22991421,101.77008579
57-97-6,DCFDA,4.0,81.59662330810285,76.45845045,86.73479617
57-97-6,DCFDA,10.0,96.14539294420823,93.18994876,99.10083712
57-97-6,DCFDA,20.0,102.82703442276875,101.41654215,104.2375267
57-97-6,DCFDA,50.0,90.6301227169043,86.36671349,94.89353195
57-97-6,DCFDA,100.0,100.00913545736952,95.80335431,104.2149166
57-97-6,LDH,0.0,100.0000000037499,93.78214158,106.21785842
57-97-6,LDH,4.0,102.23520248762856,76.61125547,127.85914951
57-97-6,LDH,10.0,97.08917445899537,92.13195673,102.04639219
57-97-6,LDH,50.0,237.26440810385512,197.79220626,276.73660995
57-97-6,LDH,100.0,221.82632397920563,173.88483665,269.7678113
57-97-6,MMP,0.0,99.99999999999994,91.09971181,108.90028819
57-97-6,MMP,4.0,66.0878874144232,51.26806416,80.90771067
57-97-6,MMP,10.0,48.0997870533047,38.08488596,58.11468815
57-97-6,MMP,50.0,181.72276166013302,171.46293055,191.98259277
57-97-6,MMP,100.0,163.29966273878125,122.51662136,204.08270412
571-58-4,DCFDA,0.0,100.00000000000028,98.10197286,101.89802714
571-58-4,DCFDA,4.0,107.0552147239265,102.55439591,111.55603353
571-58-4,DCFDA,20.0,108.4837861524976,102.44722984,114.52034247
571-58-4,DCFDA,100.0,111.15541922290375,105.95274188,116.35809656
571-58-4,DCFDA,300.0,94.81449021326323,92.39839881,97.23058161
571-58-4,LDH,0.0,100.00000000000003,62.69156269,137.30843731
571-58-4,LDH,4.0,65.88235294117635,31.1575161,100.60718978
571-58-4,LDH,20.0,111.76470588235298,76.61268132,146.91673044
571-58-4,LDH,100.0,87.84313725490195,68.80032369,106.88595082
571-58-4,LDH,300.0,182.35294117647075,145.91063332,218.79524903
571-58-4,MMP,0.0,107.9685746352411,98.42085815,117.51629112
571-58-4,MMP,4.0,146.4646464646465,117.56150235,175.36779058
571-58-4,MMP,20.0,147.811447811448,124.54973034,171.07316528
571-58-4,MMP,100.0,154.208754208754,122.53620683,185.88130159
571-58-4,MMP,300.0,234.00673400673398,170.77141287,297.24205515
572-89-4,CC,0.0,100.000000005,73.72598235,126.27401766
572-89-4,CC,0.2,104.331646315,49.15120906,159.51208357
572-89-4,CC,2.0,211.98273295,14.97526604,408.99019986
572-89-4,CC,10.0,139.5802322225,-31.89428084,311.05474529
572-89-4,CC,60.0,157.4278059,24.5363539,290.3192579
572-89-4,DCFDA,0.0,100.0,98.2044016,101.7955984
572-89-4,DCFDA,10.0,83.7041517259257,50.12628387,117.28201958
572-89-4,DCFDA,20.0,109.68808052879425,107.67484401,111.70131705
572-89-4,DCFDA,50.0,102.22923056983632,97.89847377,106.55998737
572-89-4,DCFDA,100.0,110.44411802825425,107.76626991,113.12196614
572-89-4,LDH,0.0,100.0000000075,65.6147404,134.38525961
572-89-4,LDH,10.0,149.33333335,73.19072368,225.47594302
572-89-4,LDH,20.0,141.33333335,95.23971245,187.42695425
572-89-4,LDH,50.0,160.66666665,129.41309235,191.92024095
572-89-4,LDH,100.0,358.2222222333333,352.56453995,363.87990452
572-89-4,MMP,0.0,99.9999875,85.93600102,114.06397398
572-89-4,MMP,10.0,189.172575,178.57310175,199.77204825
572-89-4,MMP,20.0,219.06995,153.05119389,285.08870611
572-89-4,MMP,50.0,225.57167499999997,165.74416637,285.39918363
572-89-4,MMP,100.0,258.645225,228.0070233,289.2834267
57380-68-4,CC,0.0,114.7412118000354,86.09385198,143.38857162
57380-68-4,CC,0.2,78.7140081257728,51.93419715,105.4938191
57380-68-4,CC,2.0,85.1792969440029,37.4134503,132.94514359
57380-68-4,CC,10.0,85.29411764705873,57.97293304,112.61530226
57380-68-4,CC,50.0,98.97544603426971,47.66146639,150.28942568
57380-68-4,DCFDA,0.0,106.4621110081675,100.0355599,112.88866212
57380-68-4,DCFDA,10.0,112.51080262533,107.73058133,117.29102392
57380-68-4,DCFDA,20.0,103.40000467140543,70.70388417,136.09612517
57380-68-4,DCFDA,50.0,102.03361854859418,98.99684391,105.07039319
57380-68-4,DCFDA,100.0,108.229459440521,106.60838055,109.85053833
57380-68-4,LDH,0.0,99.99999999999964,75.83223227,124.16776773
57380-68-4,LDH,10.0,144.11764705882337,72.71926371,215.51603041
57380-68-4,LDH,20.0,152.941176470588,81.24799149,224.63436145
57380-68-4,LDH,100.0,159.80392156862723,108.50470734,211.1031358
57380-68-4,MMP,0.0,100.00000000000013,90.9302006,109.0697994
57380-68-4,MMP,10.0,130.10136944892673,106.20924538,153.99349352
57380-68-4,MMP,20.0,169.188346343502,108.99872562,229.37796707
57380-68-4,MMP,50.0,247.50479260895673,191.60779833,303.40178689
57380-68-4,MMP,100.0,467.2733917333417,276.34790103,658.19888243
581-42-0,DCFDA,0.0,105.649998446095,95.20281437,116.09718252
581-42-0,DCFDA,10.0,103.0052521987756,95.86494284,110.14556155
581-42-0,DCFDA,20.0,104.90179320632755,100.42501141,109.378575
581-42-0,DCFDA,50.0,97.3979861391678,91.74673078,103.0492415
581-42-0,DCFDA,100.0,114.96099698542425,111.2404307,118.68156327
581-42-0,LDH,0.0,100.00000000000003,78.95602625,121.04397375
581-42-0,LDH,10.0,156.81818181818184,118.10608917,195.53027447
581-42-0,LDH,20.0,108.33333333333333,86.86876203,129.79790464
581-42-0,LDH,50.0,114.01515151515144,92.96301011,135.06729292
581-42-0,LDH,100.0,92.80303030303025,55.10032058,130.50574002
581-42-0,MMP,0.0,99.99999999999997,88.76047761,111.23952239
581-42-0,MMP,10.0,114.92700889311104,85.27345645,144.58056134
581-42-0,MMP,20.0,134.523980459606,107.00422113,162.04373979
581-42-0,MMP,50.0,130.80687336273726,118.32618693,143.28755979
581-42-0,MMP,100.0,140.01524308727042,85.1005772,194.92990898
604-83-1,CC,0.0,99.99999999999991,41.47403417,158.52596583
604-83-1,CC,2.0,139.69641772920448,92.99195591,186.40087955
604-83-1,CC,10.0,159.404978749241,133.55707979,185.2528777
604-83-1,CC,50.0,114.48694596235578,62.27534771,166.69854421
604-83-1,CC,120.0,157.49848208864614,43.22476248,271.77220169
604-83-1,DCFDA,0.0,100.00000000000017,97.56093606,102.43906394
604-83-1,DCFDA,10.0,106.79615346545975,99.95668121,113.63562572
604-83-1,DCFDA,50.0,104.509703896025,102.79349635,106.22591144
604-83-1,DCFDA,100.0,115.13640274404375,109.89646383,120.37634165
604-83-1,LDH,0.0,100.00000001250001,84.75185021,115.24814981
604-83-1,LDH,10.0,101.5151515151514,57.23421651,145.79608652
604-83-1,LDH,20.0,180.8080808080807,94.49164031,267.1245213
604-83-1,LDH,50.0,148.4848484848485,86.23453767,210.7351593
604-83-1,LDH,100.0,186.36363636363626,126.72017152,246.0071012
63041-76-9,CC,0.0,99.9999999999999,82.72934444,117.27065556
63041-76-9,CC,0.2,113.81381381381372,80.20768346,147.41994417
63041-76-9,CC,2.0,116.84411684411693,88.59015125,145.09808244
63041-76-9,CC,10.0,168.987168987169,130.81425447,207.1600835
63041-76-9,CC,50.0,254.982254982255,152.04635044,357.91815952
63041-76-9,DCFDA,0.0,99.999995,90.99306188,109.00692812
63041-76-9,DCFDA,10.0,111.932875,107.6608003,116.2049497
63041-76-9,DCFDA,20.0,118.7705,112.76797538,124.77302462
63041-76-9,DCFDA,50.0,111.401075,106.96857742,115.83357258
63041-76-9,DCFDA,100.0,124.77655,117.52110736,132.03199264
63041-76-9,LDH,0.0,100.00000000000017,90.74729507,109.25270493
63041-76-9,LDH,10.0,183.79120879120876,139.61533906,227.96707853
63041-76-9,LDH,20.0,158.24175824175825,69.94194457,246.54157191
63041-76-9,LDH,50.0,186.26373626373623,31.98040576,340.54706676
63041-76-9,LDH,100.0,295.60439560439596,-26.13742867,617.34621987
63041-76-9,MMP,0.0,100.00000000000009,84.70495786,115.29504214
63041-76-9,MMP,10.0,148.26242688977692,85.06214582,211.46270796
63041-76-9,MMP,20.0,376.6613687507057,290.60928719,462.71345031
63041-76-9,MMP,50.0,418.8280348382865,323.9842357,513.67183398
63041-76-9,MMP,100.0,412.06638589998624,366.33732834,457.79544346
63041-77-0,CC,0.0,99.99999999999983,82.719434,117.280566
63041-77-0,CC,0.2,87.03663559505735,63.57336097,110.49991022
63041-77-0,CC,2.0,120.76739648818572,81.46584104,160.06895194
63041-77-0,CC,10.0,173.07608931281175,105.89706181,240.25511682
63041-77-0,CC,50.0,183.4381096900065,144.47578745,222.40043193
63041-77-0,DCFDA,0.0,100.0,98.2044016,101.7955984
63041-77-0,DCFDA,10.0,111.66241845595525,106.44894621,116.8758907
63041-77-0,DCFDA,20.0,116.29584827407425,114.3226927,118.26900385
63041-77-0,DCFDA,50.0,110.098500885644,105.25791141,114.93909036
63041-77-0,DCFDA,100.0,120.0565948071025,115.44429278,124.66889683
63041-77-0,LDH,0.0,100.0000000075,65.6147404,134.38525961
63041-77-0,LDH,10.0,118.666666675,102.23258461,135.10074874
63041-77-0,LDH,20.0,128.666666675,57.88555033,199.44778302
63041-77-0,LDH,50.0,135.9999999925,81.77029599,190.22970399
63041-77-0,LDH,100.0,152.666666675,70.06825895,235.2650744
63041-77-0,MMP,0.0,99.9999875,85.93600102,114.06397398
63041-77-0,MMP,10.0,191.16039999999998,150.0620055,232.2587945
63041-77-0,MMP,20.0,217.13232499999998,177.82206909,256.44258091
63041-77-0,MMP,50.0,212.39507500000002,189.83555592,234.95459408
63041-77-0,MMP,100.0,233.66362500000002,158.57974806,308.74750194
63041-84-9,CC,0.0,99.99999999999987,60.33459948,139.66540052
63041-84-9,CC,0.02,102.69179004037684,59.16784972,146.21573036
63041-84-9,CC,0.2,98.0933153880665,74.82079667,121.36583411
63041-84-9,CC,2.0,88.02153432032293,55.84493646,120.19813219
63041-84-9,CC,10.0,123.79991027366505,73.34200779,174.25781276
63041-84-9,DCFDA,0.0,100.00000000000004,61.53335872,138.46664128
63041-84-9,DCFDA,0.02,164.425150845005,150.71048643,178.13981526
63041-84-9,DCFDA,0.2,199.89898162557648,177.76225339,222.03570986
63041-84-9,DCFDA,2.0,175.46072569416,172.64289232,178.27855907
63041-84-9,DCFDA,10.0,181.25426597864924,150.46094432,212.04758764
63041-84-9,LDH,0.0,99.99999999999993,95.3199319,104.6800681
63041-84-9,LDH,0.2,119.11764705882325,92.23270269,146.00259143
63041-84-9,LDH,2.0,144.48529411764724,87.63402365,201.33656459
63041-84-9,LDH,10.0,255.88235294117652,-134.01254438,645.77725026
63041-84-9,LDH,20.0,873.529411764706,759.89913174,987.15969178
63041-84-9,MMP,0.0,100.0,86.61939526,113.38060474
63041-84-9,MMP,0.02,133.012400680192,114.3508204,151.67398096
63041-84-9,MMP,0.2,148.686267437892,126.62026562,170.75226925
63041-84-9,MMP,2.0,172.66762810883026,137.99358301,207.34167321
63041-84-9,MMP,10.0,170.79406823478126,141.39029891,200.19783756
63104-32-5,CC,0.0,99.99999999999997,67.76804845,132.23195155
63104-32-5,CC,0.2,77.88368336025835,36.54928778,119.21807894
63104-32-5,CC,2.0,122.2455573505655,114.55292722,129.93818749
63104-32-5,CC,10.0,211.32471728594524,127.61934755,295.03008702
63104-32-5,CC,50.0,249.87075928917602,202.08512038,297.6563982
63104-32-5,DCFDA,0.0,99.999995,90.99306188,109.00692812
63104-32-5,DCFDA,10.0,109.2872,103.7832609,114.7911391
63104-32-5,DCFDA,20.0,120.33565,111.92270538,128.74859462
63104-32-5,DCFDA,50.0,115.36115,110.57532189,120.14697811
63104-32-5,DCFDA,100.0,102.14595249999999,99.04094626,105.25095874
63104-32-5,LDH,0.0,100.00000000000017,90.74729507,109.25270493
63104-32-5,LDH,10.0,104.67032967032969,63.72739041,145.61326893
63104-32-5,LDH,20.0,160.71428571428575,133.83760664,187.59096478
63104-32-5,LDH,50.0,101.37362637362625,78.15939762,124.58785513
63104-32-5,MMP,0.0,100.00000000000009,68.55598347,131.44401653
63104-32-5,MMP,10.0,152.29555227965014,35.02722469,269.56387987
63104-32-5,MMP,20.0,171.91299826338533,126.54414947,217.28184705
63104-32-5,MMP,50.0,262.98232197780067,218.05295564,307.91168832
63104-32-5,MMP,100.0,283.1041415522355,105.216892,460.9913911
63104-33-6,CC,0.0,99.99999999999997,67.76804845,132.23195155
63104-33-6,CC,0.2,79.75767366720527,50.60800109,108.90734624
63104-33-6,CC,2.0,147.9321486268175,105.36289638,190.50140087
63104-33-6,CC,10.0,153.004846526656,123.13394819,182.87574486
63104-33-6,CC,50.0,184.313408723748,124.52874682,244.09807063
63104-33-6,DCFDA,0.0,99.999995,90.99306188,109.00692812
63104-33-6,DCFDA,10.0,124.983975,122.51734095,127.45060905
63104-33-6,DCFDA,20.0,128.93835,120.05558588,137.82111412
63104-33-6,DCFDA,50.0,171.546275,155.15594779,187.93660221
63104-33-6,DCFDA,100.0,370.594,348.3972873,392.7907127
63104-33-6,LDH,0.0,100.00000000000017,90.74729507,109.25270493
63104-33-6,LDH,10.0,143.40659341868124,110.64664153,176.1665453
63104-33-6,LDH,50.0,136.81318681318692,79.26867298,194.35770064
63104-33-6,LDH,100.0,245.6043956043955,126.78984377,364.41894744
63104-33-6,MMP,0.0,100.00000000000013,84.70146969,115.29853031
63104-33-6,MMP,10.0,169.995260766473,153.82829558,186.16222595
63104-33-6,MMP,20.0,188.21238889566825,117.19447637,259.23030142
63104-33-6,MMP,50.0,192.784598874533,186.68497708,198.88422067
63104-33-6,MMP,100.0,309.163558012422,240.95877767,377.36833836
652-04-0,CC,0.0,99.9999999999999,71.94257329,128.05742671
652-04-0,CC,0.2,208.53251806559174,79.51293534,337.55210079
652-04-0,CC,2.0,221.37298499166175,186.72829585,256.01767414
652-04-0,CC,10.0,236.2979433018345,208.65363579,263.94225082
652-04-0,CC,50.0,226.73707615341874,191.61241845,261.86173385
652-04-0,DCFDA,0.0,100.00000000000003,98.16359707,101.83640293
652-04-0,DCFDA,10.0,104.05569562227825,99.51151806,108.59987319
652-04-0,DCFDA,20.0,97.64038505615414,77.29782597,117.98294414
652-04-0,DCFDA,50.0,107.6564290625715,106.74374652,108.56911161
652-04-0,DCFDA,100.0,99.6894338757737,96.24135922,103.13750853
652-04-0,LDH,0.0,100.00000000000003,80.20143321,119.79856679
652-04-0,LDH,10.0,89.80392156862747,41.86204404,137.74579909
652-04-0,LDH,20.0,208.23529411764702,76.60832306,339.86226517
652-04-0,LDH,50.0,165.09803921568636,14.4596108,315.73646763
652-04-0,LDH,100.0,174.90196078431376,94.60093834,255.20298323
652-04-0,MMP,0.0,99.99999999999987,58.8705703,141.1294297
652-04-0,MMP,10.0,73.81565017809977,50.60750308,97.02379727
652-04-0,MMP,20.0,132.54501799252168,129.52100905,135.56902693
652-04-0,MMP,50.0,200.596835858183,84.51878204,316.67488968
65819-04-7,CC,0.0,114.7412118000354,86.09385198,143.38857162
65819-04-7,CC,0.2,108.1081081081081,62.26659524,153.94962098
65819-04-7,CC,2.0,108.73520579402926,80.5486787,136.92173289
65819-04-7,CC,10.0,119.91697579932887,86.1456989,153.6882527
65819-04-7,CC,39.25,111.05811694046977,66.2698608,155.84637308
65819-04-7,DCFDA,0.0,106.4621110081675,100.0355599,112.88866212
65819-04-7,DCFDA,10.0,109.628545402169,102.76462278,116.49246802
65819-04-7,DCFDA,20.0,116.05328516595151,101.69409735,130.41247298
65819-04-7,DCFDA,50.0,111.95568393270075,106.34879509,117.56257277
65819-04-7,DCFDA,80.0,115.29106749402457,89.09757284,141.48456215
65819-04-7,LDH,0.0,99.99999999999964,75.83223227,124.16776773
65819-04-7,LDH,10.0,86.27450980392155,60.79944581,111.7495738
65819-04-7,LDH,20.0,113.72549019607817,57.21906475,170.23191564
65819-04-7,LDH,50.0,104.90196078431352,69.10065775,140.70326382
65819-04-7,LDH,80.0,157.84313725490176,99.8908661,215.79540841
65819-04-7,MMP,0.0,100.00000000000013,90.9302006,109.0697994
65819-04-7,MMP,10.0,138.170778435905,110.70167178,165.63988509
65819-04-7,MMP,20.0,194.07068398271826,148.92987128,239.21149668
65819-04-7,MMP,50.0,348.580769361601,237.69988368,459.46165504
65819-04-7,MMP,80.0,414.54785137543774,274.90030754,554.19539521
66292-19-1,CC,0.0,139.8789254634887,83.0615347,196.69631623
66292-19-1,CC,0.2,134.44003026863425,113.98541873,154.8946418
66292-19-1,CC,2.0,104.28490351872888,70.34261618,138.22719086
66292-19-1,CC,10.0,75.65266742338252,70.40076386,80.90457099
66292-19-1,CC,50.0,143.66250472947425,124.89907993,162.42592952
66292-19-1,DCFDA,0.0,106.4621110081675,100.0355599,112.88866212
66292-19-1,DCFDA,10.0,103.94266628257324,99.69880205,108.18653052
66292-19-1,DCFDA,20.0,111.27132301990801,107.8927179,114.64992814
66292-19-1,DCFDA,50.0,130.43265001051074,107.92250695,152.94279307
66292-19-1,DCFDA,110.0,136.0103082349095,105.02225154,166.99836493
66292-19-1,LDH,0.0,99.99999999999964,75.83223227,124.16776773
66292-19-1,LDH,10.0,232.3529411764705,65.42808249,399.27779986
66292-19-1,LDH,20.0,182.3529411764705,127.83392344,236.87195892
66292-19-1,LDH,50.0,484.31372549019574,177.91319421,790.71425677
66292-19-1,LDH,110.0,371.5686274509805,256.35203532,486.78521958
66292-19-1,MMP,0.0,100.00000000000013,90.9302006,109.0697994
66292-19-1,MMP,10.0,184.78295199694298,108.05095145,261.51495254
66292-19-1,MMP,20.0,240.89461053586524,125.15500416,356.63421691
66292-19-1,MMP,50.0,304.417182389919,215.83170283,393.00266195
66292-19-1,MMP,110.0,463.90385463879875,334.9660023,592.84170698
70644-19-8,CC,0.0,99.9999999999999,82.72934444,117.27065556
70644-19-8,CC,0.2,107.6713076713077,93.54913454,121.7934808
70644-19-8,CC,2.0,102.04750204750209,86.81681206,117.27819204
70644-19-8,CC,10.0,140.37674037674049,103.67542487,177.07805588
70644-19-8,CC,50.0,138.6295386295385,95.21447975,182.04459751
70644-19-8,DCFDA,0.0,99.999995,90.99306188,109.00692812
70644-19-8,DCFDA,10.0,110.115,107.56478188,112.66521812
70644-19-8,DCFDA,20.0,117.697525,111.14938584,124.24566416
70644-19-8,DCFDA,50.0,110.48085,106.45203418,114.50966582
70644-19-8,DCFDA,100.0,116.584975,108.40431761,124.76563239
70644-19-8,LDH,0.0,100.00000000000017,90.74729507,109.25270493
70644-19-8,LDH,10.0,151.648351648352,99.36559761,203.93110568
70644-19-8,LDH,20.0,151.6483516483515,76.72347522,226.57322808
70644-19-8,LDH,100.0,239.835164835165,92.68006304,386.99026663
74845-58-2,CC,0.0,100.00000000000004,91.28569323,108.71430677
74845-58-2,CC,0.2,83.93889347646572,54.96610552,112.91168143
74845-58-2,CC,2.0,80.63583815028898,32.93244982,128.33922648
74845-58-2,CC,10.0,77.07129094412328,25.63599284,128.50658905
74845-58-2,CC,25.0,153.289292595651,137.72380313,168.85478206
74845-58-2,DCFDA,0.0,100.00000000000009,92.96143199,107.03856801
74845-58-2,DCFDA,0.2,93.21884690177117,89.44299943,96.99469437
74845-58-2,DCFDA,2.0,99.33515530561843,95.16761848,103.50269213
74845-58-2,DCFDA,10.0,92.91533084564043,90.50113599,95.3295257
74845-58-2,DCFDA,25.0,99.2996794029537,96.42675625,102.17260256
74845-58-2,LDH,0.0,99.9999999925,75.65065746,124.34934253
74845-58-2,LDH,2.0,205.68181818250002,49.50454681,361.85908955
74845-58-2,LDH,10.0,149.9999999925,30.859345,269.14065499
74845-58-2,LDH,50.0,419.3181818,-184.56558301,1023.20194661
74845-58-2,MMP,0.0,99.99999999999994,81.70251468,118.29748532
74845-58-2,MMP,2.0,99.8994972030487,70.80832862,128.99066579
74845-58-2,MMP,10.0,132.38204008735,115.90628735,148.85779282
74845-58-2,MMP,25.0,118.44058539429525,96.72769455,140.15347624
74845-58-2,MMP,50.0,134.46087458902224,109.83984057,159.08190861
832-69-9,CC,0.0,100.00000000000013,94.71235766,105.28764234
832-69-9,CC,2.0,101.02370689655193,87.23431955,114.81309424
832-69-9,CC,10.0,107.58280399274032,96.51460681,118.65100117
832-69-9,CC,50.0,92.20167876588027,83.08486719,101.31849034
832-69-9,CC,150.0,95.20474137931012,87.10732139,103.30216137
832-69-9,DCFDA,0.0,100.0000000000001,98.58119208,101.41880792
832-69-9,DCFDA,2.0,91.92891845756553,88.1171679,95.74066902
832-69-9,DCFDA,10.0,94.50005940135938,92.68889575,96.31122305
832-69-9,DCFDA,100.0,90.95786255150722,89.90795251,92.00777259
832-69-9,DCFDA,300.0,99.47038998555607,98.24851868,100.69226129
832-69-9,LDH,0.0,99.9999999999999,79.9322029,120.0677971
832-69-9,LDH,4.0,60.860655737704924,46.33441825,75.38689322
832-69-9,LDH,20.0,67.62295081967213,51.73683623,83.50906541
832-69-9,LDH,100.0,106.96721311475387,77.70766158,136.22676465
832-69-9,LDH,300.0,135.86065573770497,90.25111732,181.47019415
832-69-9,MMP,0.0,105.52682796585066,97.39102041,113.66263552
832-69-9,MMP,4.0,74.6725899941807,70.67809784,78.66708215
832-69-9,MMP,20.0,84.11363306225564,78.34444799,89.88281813
832-69-9,MMP,100.0,83.10705304240507,78.65299664,87.56110944
832-69-9,MMP,300.0,127.96448879613125,121.79592661,134.13305098
85-01-8,CC,0.0,153.36005907796175,131.58921526,175.13090289
85-01-8,CC,2.0,154.594366494356,139.19848885,169.99024414
85-01-8,CC,10.0,124.70724759995787,107.25421777,142.16027743
85-01-8,CC,50.0,140.96423673383276,128.60254461,153.32592886
85-01-8,CC,150.0,106.25593417027105,88.29172035,124.22014799
85-01-8,DCFDA,0.0,99.9999999999999,89.00467608,110.99532392
85-01-8,DCFDA,2.0,109.02625820568927,92.91086817,125.14164825
85-01-8,DCFDA,10.0,111.04446702094425,98.63546039,123.45347365
85-01-8,DCFDA,50.0,103.90551734917176,102.5435074,105.2675273
85-01-8,DCFDA,150.0,114.30329790559526,109.67997893,118.92661689
85-01-8,LDH,0.0,100.0,,
85-01-8,LDH,2.0,177.5,137.34363536,217.65636464
85-01-8,LDH,10.0,252.5,118.68068071,386.31931929
85-01-8,LDH,50.0,172.5,144.68244361,200.31755639
85-01-8,LDH,150.0,207.5,142.93511738,272.06488262
85-01-8,MMP,0.0,99.99999999999997,89.68240544,110.31759456
85-01-8,MMP,10.0,84.93174795532138,65.69540592,104.16808999
85-01-8,MMP,50.0,65.27238686565887,55.44482137,75.09995236
85-01-8,MMP,150.0,74.7456290761408,66.33395986,83.15729829
85-01-8,MMP,300.0,206.68856316885126,155.84080227,257.53632407
857535-92-3,CC,0.0,99.9999999999999,74.50051785,125.49948215
857535-92-3,CC,2.0,111.95691637419824,72.42586776,151.48796499
857535-92-3,CC,10.0,136.560571221106,100.00954367,173.11159878
857535-92-3,CC,20.0,146.92000484085673,85.89608506,207.94392462
857535-92-3,CC,50.0,107.0555488321434,72.64497706,141.4661206
857535-92-3,LDH,0.0,100.0,77.66691925,122.33308075
857535-92-3,LDH,10.0,99.52830188679248,55.85701929,143.19958448
857535-92-3,LDH,20.0,100.47169811320758,50.33076027,150.61263596
857535-92-3,LDH,50.0,153.301886792453,84.95403406,221.64973953
857535-92-3,LDH,100.0,187.26415094339626,87.46657743,287.06172445
857535-92-3,MMP,0.0,99.99999999999983,56.33284909,143.66715091
857535-92-3,MMP,10.0,405.6131506676465,185.36248904,625.8638123
857535-92-3,MMP,20.0,895.118814324165,806.71554918,983.52207947
857535-92-3,MMP,50.0,621.590674237024,473.65225857,769.5290899
857535-92-3,MMP,100.0,624.9112286847212,496.8514762,752.97098116
90-12-0,DCFDA,0.0,100.00000000000028,98.10197286,101.89802714
90-12-0,DCFDA,4.0,109.95228357191566,106.09210147,113.81246567
90-12-0,DCFDA,20.0,96.2474437627812,91.2210242,101.27386333
90-12-0,DCFDA,100.0,104.7229525757135,99.34563104,110.10027411
90-12-0,DCFDA,300.0,110.7449605609115,97.47663836,124.01328276
90-12-0,LDH,0.0,100.00000000000003,62.69156269,137.30843731
90-12-0,LDH,4.0,85.88235294117655,63.79605724,107.96864865
90-12-0,LDH,20.0,79.607843137255,59.25841003,99.95727625
90-12-0,LDH,100.0,169.0196078431371,105.87438403,232.16483166
90-12-0,LDH,300.0,127.05882352941175,110.03218405,144.08546301
90-12-0,MMP,0.0,107.9685746352411,98.42085815,117.51629112
90-12-0,MMP,20.0,135.46576879910182,115.29538606,155.63615153
90-12-0,MMP,100.0,117.84511784511793,107.318993,128.37124269
90-12-0,MMP,300.0,152.52525252525248,119.29635637,185.75414868
91-20-3,DCFDA,0.0,100.00000000000028,98.10197286,101.89802714
91-20-3,DCFDA,4.0,102.42672119972734,101.35836008,103.49508232
91-20-3,DCFDA,20.0,103.6590709903592,98.30057369,109.01756829
91-20-3,DCFDA,100.0,115.40753724802802,99.21414308,131.60093142
91-20-3,DCFDA,300.0,120.18112766579033,112.84280617,127.51944916
91-20-3,LDH,0.0,100.00000000000003,62.69156269,137.30843731
91-20-3,LDH,4.0,104.70588235294095,96.21423423,113.19753048
91-20-3,LDH,100.0,116.47058823529416,92.40404101,140.53713546
91-20-3,LDH,300.0,147.05882352941174,119.70505052,174.41259654
91-20-3,MMP,0.0,107.9685746352411,98.42085815,117.51629112
91-20-3,MMP,4.0,114.0291806958473,98.42492356,129.63343784
91-20-3,MMP,100.0,127.27272727272725,118.63691644,135.90853811
91-20-3,MMP,300.0,129.85409652076314,102.18891274,157.5192803
91-57-6,DCFDA,0.0,100.00000000000028,98.10197286,101.89802714
91-57-6,DCFDA,4.0,106.04586619924049,104.20834675,107.88338565
91-57-6,DCFDA,20.0,100.14753140519991,97.41964303,102.87541978
91-57-6,DCFDA,100.0,104.74291557113658,98.8445334,110.64129774
91-57-6,DCFDA,300.0,95.80192813321655,91.38434112,100.21951515
91-57-6,LDH,0.0,100.00000000000003,62.69156269,137.30843731
91-57-6,LDH,4.0,96.73202614379086,69.49742046,123.96663182
91-57-6,LDH,20.0,139.607843137255,128.97702099,150.23866529
91-57-6,LDH,100.0,87.4509803921568,55.42974039,119.4722204
91-57-6,LDH,300.0,118.82352941176482,85.28823578,152.35882304
91-57-6,MMP,0.0,107.9685746352411,98.42085815,117.51629112
91-57-6,MMP,4.0,152.07631874298525,123.46708764,180.68554985
91-57-6,MMP,20.0,168.2379349046015,127.87535131,208.60051849
91-57-6,MMP,100.0,175.53310886644223,128.01380556,223.05241217
91-57-6,MMP,300.0,178.97493453049,142.46317857,215.48669049
