Chemical_ID,End_Point,Model,BMD10,BMDL,BMD50,AUC,Min_Dose,Max_Dose,AUC_Norm,Modeled_Flag,DataQC_Flag,BMD10_Flag,BMD50_Flag,NumConc,Spearman_Correlation,bmdrc.Endpoint.ID
2695,TOT_MORT,Log Logistic,1.0992505880089412,0.165478005997635,44.870838583804215,16.040808,0.0,50.0,0.32081615999999996,Pass,Good,Pass,Pass,9.0,0.8440722199302098,2695 TOT_MORT
1520,TOT_MORT,Gamma,0.0012572554601540554,0.0006914905030847305,0.00197096985189952,0.007778125,0.0,0.01,0.7778125,Pass,Good,Pass,Pass,5.0,0.8827348295047495,1520 TOT_MORT
1520,AXIS,Logistic,0.0007084631070737894,0.00038965470889058417,0.0012224117836990033,0.00106,0.0,0.01,0.106,Pass,Good,Pass,Pass,5.0,0.9486832980505138,1520 AXIS
1520,ANY24,Probit,0.002294745261091489,0.0018527995093307419,0.00541496547953464,0.00423125,0.0,0.01,0.423125,Pass,Good,Pass,Pass,5.0,0.898645105261295,1520 ANY24
1520,ANY120,Log Logistic,0.0002953072522076081,0.00016241898871418447,0.00036083521191784416,0.009453125,0.0,0.01,0.9453125,Pass,Good,Pass,Pass,5.0,0.7775419143502352,1520 ANY120
1519,TOT_MORT,Log Logistic,0.00030089538980307537,0.00016549246439169146,0.00036930445082427536,0.009453125,0.0,0.01,0.9453125,Pass,Good,Pass,Pass,5.0,0.7775419143502352,1519 TOT_MORT
1519,MO24,Probit,0.0030216851548903233,0.0024815663106147008,0.00852594422028471,0.002215625,0.0,0.01,0.22156250000000002,Pass,Good,Pass,Pass,5.0,0.8406680016960503,1519 MO24
1519,ANY24,Gamma,0.0005517875990922537,0.0003066354817025849,0.001551224433875606,0.008146875,0.0,0.01,0.8146874999999999,Pass,Good,Pass,Pass,5.0,0.9276336570439175,1519 ANY24
1519,ANY120,Gamma,8.911717485401002e-07,4.901444616970552e-07,5.462013163696133e-05,0.009690625000000001,0.0,0.01,0.9690625000000002,Pass,Good,Pass,Pass,5.0,0.8451542547285166,1519 ANY120
1517,ANY120,Gamma,0.002181502151466722,0.001199826183306697,0.0030060338772814684,0.006990625,0.0,0.01,0.6990625,Pass,Good,Pass,Pass,5.0,0.9856107606091623,1517 ANY120
1516,AXIS,Log Logistic,0.0019629574413934673,0.0013181431744513506,0.004063621324446958,0.0013125,0.0,0.01,0.13125,Pass,Good,Pass,Pass,5.0,0.8944271909999159,1516 AXIS
1516,ANY120,Log Logistic,0.0010727252970005466,0.0005899989133503007,0.0012239814085548753,0.0084,0.0,0.01,0.84,Pass,Good,Pass,Pass,5.0,0.7589709258986453,1516 ANY120
1515,TOT_MORT,Log Logistic,0.0006747107876519006,0.00037109093320854535,0.0007877438272682313,0.009409375000000001,0.0,0.01,0.9409375000000001,Pass,Good,Pass,Pass,5.0,0.8804062740424285,1515 TOT_MORT
1515,AXIS,Quantal Linear,0.0001852860980521959,6.880827239921757e-05,0.0012189626793297989,0.000478125,0.0,0.01,0.047812499999999994,Pass,Good,Pass,Pass,5.0,1.0,1515 AXIS
1515,ANY24,Gamma,0.0005999748443654586,0.0002843728424929447,0.002940421529988861,0.0060593750000000005,0.0,0.01,0.6059375,Pass,Good,Pass,Pass,5.0,0.9428571428571428,1515 ANY24
1515,ANY120,Quantal Linear,2.907857988149055e-05,1.5993218934819805e-05,0.00019130255327338213,0.009603125,0.0,0.01,0.9603125,Pass,Good,Pass,Pass,5.0,0.8451542547285166,1515 ANY120
1037,LTRK,Gamma,0.0035985059358280185,0.0025516358984421133,0.009360740179358791,0.0020499999999999997,0.0,0.01,0.20499999999999996,Pass,Good,Pass,Pass,5.0,0.898645105261295,1037 LTRK
1037,CRAN,Gamma,0.005176993618069774,0.0038369915101895066,0.008305874123355532,0.0023156250000000004,0.0,0.01,0.23156250000000003,Pass,Good,Pass,Pass,5.0,0.8533103351879245,1037 CRAN
1521,ANY120,Logistic,0.0009631613384958088,0.0007409476019531968,0.0020611369561781617,0.00775,0.0,0.01,0.775,Pass,Good,Pass,Pass,5.0,0.9710083124552245,1521 ANY120
1037,ANY120,Gamma,0.002579830765859795,0.0018723927980341794,0.004686218112386567,0.00548125,0.0,0.01,0.548125,Pass,Good,Pass,Pass,5.0,0.7142857142857143,1037 ANY120
1521,ANY24,Weibull,0.0037475936348085625,0.002419375451299874,0.008387055299377189,0.002496875,0.0,0.01,0.24968749999999998,Pass,Good,Pass,Pass,5.0,0.898645105261295,1521 ANY24
1521,TOT_MORT,Log Logistic,0.0048980052743194035,0.002693902900875672,0.0052591127798362995,0.003484375,0.0,0.01,0.3484375,Pass,Good,Pass,Pass,5.0,0.9411239481143202,1521 TOT_MORT
796,ANY120,Log Logistic,0.8095169970161398,0.4452343483588769,0.9375834213455464,9.165625,0.0,10.0,0.9165625000000001,Pass,Good,Pass,Pass,5.0,0.753702346348183,796 ANY120
795,TOT_MORT,Logistic,0.6658677084787528,0.5376280254139421,1.7342762701592878,6.81875,0.0,10.0,0.681875,Pass,Good,Pass,Pass,5.0,0.898645105261295,795 TOT_MORT
795,ANY120,Gamma,0.8713355755850004,0.28318406206512514,1.7631479980673586,6.9,0.0,10.0,0.6900000000000001,Pass,Good,Pass,Pass,5.0,0.9428571428571428,795 ANY120
794,TOT_MORT,Log Logistic,0.5225364796105896,0.23228379445189487,1.7879833735451058,7.578125,0.0,10.0,0.7578125,Pass,Good,Pass,Pass,5.0,0.9856107606091623,794 TOT_MORT
794,ANY120,Logistic,0.13955820422265527,0.0767570123224604,0.5263095986040827,9.521875,0.0,10.0,0.9521875,Pass,Good,Pass,Pass,5.0,0.9856107606091623,794 ANY120
793,TOT_MORT,Logistic,0.7003482786482004,0.5453859629892981,2.3868375930255534,7.2125,0.0,10.0,0.7212500000000001,Pass,Good,Pass,Pass,5.0,0.9276336570439175,793 TOT_MORT
793,NC24,Logistic,1.8491992402266901,1.0170595821246795,2.31121068319053,0.13636363636363635,0.0,10.0,0.013636363636363636,Pass,Good,Pass,Pass,5.0,0.7071067811865475,793 NC24
793,AXIS,Logistic,0.9276166581521638,0.51018916198369,1.6133999873699059,0.47864219114219114,0.0,10.0,0.04786421911421911,Pass,Good,Pass,Pass,5.0,1.0,793 AXIS
669,ANY120,Log Logistic,17.509957343581384,9.630476538969761,19.4058287638433,84.375,0.0,100.0,0.84375,Pass,Good,Pass,Pass,7.0,0.8624886920341297,669 ANY120
2697,ANY120,Gamma,3.6518450388212953,0.7912628105356199,16.355356758561893,26.888872,0.0,50.0,0.5377774399999999,Pass,Good,Pass,Pass,9.0,0.731720919982925,2697 ANY120
2696,ANY120,Gamma,1.5792806609005123,0.5826681969611461,7.940705874929169,28.653152,0.0,50.0,0.57306304,Pass,Good,Pass,Pass,9.0,0.7077760731311632,2696 ANY120
2695,ANY120,Gamma,0.1354886825620814,,4.881565933303267,42.912968,0.0,50.0,0.85825936,Pass,Good,Pass,Pass,9.0,0.8510677611520904,2695 ANY120
2679,EDEM,Gamma,7.346760755507738,4.347431327929604,20.691707366914663,25.5,0.0,50.0,0.51,Pass,Good,Pass,Pass,9.0,0.812776759390954,2679 EDEM
2679,CRAN,Logistic,17.917601550230813,12.850717303250258,30.777596239131345,23.0,0.0,50.0,0.46,Pass,Good,Pass,Pass,9.0,0.8090398349558906,2679 CRAN
2679,ANY120,Quantal Linear,0.9266679681742422,0.6373330891464009,6.096375719545723,40.444072,0.0,50.0,0.80888144,Pass,Good,Pass,Pass,9.0,0.7840850741269398,2679 ANY120
2679,ALL_BUT_MORT,Log Logistic,1.8167094251444127,0.7117810755546274,6.443383738069635,40.444072,0.0,50.0,0.80888144,Pass,Good,Pass,Pass,9.0,0.7840850741269398,2679 ALL_BUT_MORT
2677,TOT_MORT,Logistic,17.900458384440775,14.132446856348775,34.463840721307704,20.6,0.0,50.0,0.41200000000000003,Pass,Good,Pass,Pass,9.0,0.7402645090373985,2677 TOT_MORT
1521,AXIS,Log Logistic,0.0026591263644490004,0.0018376277068382178,0.005665287727004529,0.0008348214285714286,0.0,0.01,0.08348214285714285,Pass,Good,Pass,Pass,5.0,0.8944271909999159,1521 AXIS
1037,ALL_BUT_MORT,Probit,0.001944964724186834,0.001582563093937959,0.005285043638173734,0.004634375,0.0,0.01,0.46343749999999995,Pass,Good,Pass,Pass,5.0,0.7714285714285715,1037 ALL_BUT_MORT
796,TOT_MORT,Weibull,1.1093862184211636,0.7115672541591995,3.561754981896313,5.29375,0.0,10.0,0.529375,Pass,Good,Pass,Pass,5.0,0.7356123579206245,796 TOT_MORT
102,ANY120,Log Logistic,0.00011525446645486392,6.338995655017515e-05,0.0001517130437102558,0.00956875,0.0,0.01,0.956875,Pass,Good,Pass,Pass,5.0,0.8451542547285166,102 ANY120
102,TOT_MORT,Logistic,0.0004369421996301491,0.00024031820979658202,0.0010378441404825136,0.008871875,0.0,0.01,0.8871874999999999,Pass,Good,Pass,Pass,5.0,0.8804062740424285,102 TOT_MORT
102,ANY24,Probit,0.0015783275317066082,0.0013055689517948595,0.005282926066328961,0.004903125,0.0,0.01,0.49031250000000004,Pass,Good,Pass,Pass,5.0,0.9428571428571428,102 ANY24
102,AXIS,Log Logistic,0.0006018143573393403,0.0002652773003359812,0.0008111627701465503,0.00036,0.0,0.01,0.036000000000000004,Pass,Good,Pass,Pass,5.0,0.8660254037844387,102 AXIS
103,AXIS,Gamma,0.004500809132287719,0.0035440026010524813,0.007583133784671013,0.002708333333333333,0.0,0.01,0.2708333333333333,Pass,Good,Pass,Pass,5.0,0.8451542547285166,103 AXIS
103,ANY120,Gamma,0.0018071704071577785,0.000993943723936778,0.0024902177897392257,0.007443750000000001,0.0,0.01,0.744375,Pass,Good,Pass,Pass,5.0,0.7944613465542745,103 ANY120
2697,NC24,Log Logistic,33.25083482174964,3.6355923766895946,142953.2244251938,0.5725714285714286,0.0,50.0,0.011451428571428572,Pass,Moderate,Pass,Fail,9.0,0.5620526827876544,2697 NC24
2680,TOT_MORT,Gamma,26.633344497073363,12.787386544908319,61.99802122857444,15.02016,0.0,50.0,0.30040320000000004,Pass,Moderate,Pass,Fail,9.0,0.6038596398555418,2680 TOT_MORT
3330,ALL_BUT_MORT,Weibull,inf,,inf,328.125,0.0,7500.0,0.04375,Pass,Moderate,Fail,Fail,4.0,0.35909242322980395,3330 ALL_BUT_MORT
3329,TOT_MORT,Log Logistic,10638.97788882164,7187.413980725783,25342.053985210932,265.625,0.0,7500.0,0.035416666666666666,Pass,Moderate,Fail,Fail,4.0,0.28867513459481287,3329 TOT_MORT
2681,ANY24,Quantal Linear,136.14240412222617,33.74643137336334,895.6554832974006,1.1000320000000001,0.0,50.0,0.022000640000000002,Pass,Moderate,Fail,Fail,9.0,0.5339390499775317,2681 ANY24
2681,AXIS,Quantal Linear,24.473907635136257,13.250924063096113,161.00927343287077,0.6722285714285714,0.0,50.0,0.013444571428571427,Pass,Moderate,Pass,Fail,9.0,0.3674494044360248,2681 AXIS
2681,EDEM,Gamma,41.84621899193035,20.422507755094912,59.430274629069544,5.220832,0.0,50.0,0.10441663999999999,Pass,Moderate,Pass,Fail,9.0,0.26046343836501057,2681 EDEM
2681,LTRK,Quantal Linear,17.939344183513867,10.824484655652961,118.01959931821419,10.620832,0.0,50.0,0.21241664,Pass,Moderate,Pass,Fail,9.0,0.3674494044360248,2681 LTRK
2681,MO24,Quantal Linear,100.85101778561882,32.577143953162164,663.4800351749228,0.5,0.0,50.0,0.01,Pass,Moderate,Fail,Fail,9.0,0.6876740673426787,2681 MO24
3329,LTRK,Log Logistic,7628.94138462159,7504.215596557735,7920.868139196653,0.0,0.0,7500.0,0.0,Pass,Moderate,Fail,Fail,4.0,0.22360679774997896,3329 LTRK
3329,CRAN,Logistic,7751.295348383563,7503.195365706275,8197.744233623083,0.0,0.0,7500.0,0.0,Pass,Moderate,Fail,Fail,4.0,0.7071067811865475,3329 CRAN
3330,ANY120,Quantal Linear,10536.051565782627,5702.226345465559,69314.71805599453,687.5,0.0,7500.0,0.09166666666666666,Pass,Moderate,Fail,Fail,4.0,0.5642880936468347,3330 ANY120
2682,ANY24,Probit,22.480209230637076,17.960567555483358,58.62361506491184,15.024864,0.0,50.0,0.30049728000000003,Pass,Moderate,Pass,Fail,9.0,0.27875472060663953,2682 ANY24
3329,BRN_,Logistic,7751.295348383563,7503.195365706275,8197.744233623083,0.0,0.0,7500.0,0.0,Pass,Moderate,Fail,Fail,4.0,0.7071067811865475,3329 BRN_
3329,ANY24,Log Logistic,10638.97788882164,7187.413980725783,25342.053985210932,226.5625,0.0,7500.0,0.030208333333333334,Pass,Moderate,Fail,Fail,4.0,0.28867513459481287,3329 ANY24
2682,NC24,Quantal Linear,121.68478538596244,33.357851872711905,800.5415062815957,0.0,0.0,50.0,0.0,Pass,Moderate,Fail,Fail,9.0,0.5222329678670935,2682 NC24
2682,TOT_MORT,Log Probit,17.25791736474163,8.987515510432221,51.98371915489432,20.504864,0.0,50.0,0.41009728,Pass,Moderate,Pass,Fail,9.0,0.22057470084576486,2682 TOT_MORT
2695,ALL_BUT_MORT,Log Probit,0.1952195153668099,,65.53953485382678,29.37216,0.0,50.0,0.5874432,Pass,Moderate,Pass,Fail,9.0,0.871967429646319,2695 ALL_BUT_MORT
2695,ANY24,Gamma,30.501825726006597,9.698627398816159,98.93513069465988,7.52,0.0,50.0,0.15039999999999998,Pass,Moderate,Pass,Fail,9.0,0.26178515720236806,2695 ANY24
2695,AXIS,Gamma,34.381032005744515,10.569481323640991,47.37586294640105,0.8956190476190478,0.0,50.0,0.017912380952380954,Pass,Moderate,Pass,Pass,9.0,0.5106406566912542,2695 AXIS
2695,BRN_,Logistic,105481.88662591472,,288161.65933099197,5.844,0.0,50.0,0.11688000000000001,Pass,Moderate,Fail,Fail,9.0,0.20340535237239302,2695 BRN_
2695,CRAN,Log Probit,29.101951613215373,4.5887440061999865,1.5046162555868463e+26,7.344,0.0,50.0,0.14688,Pass,Moderate,Pass,Fail,9.0,0.3167667279620904,2695 CRAN
2695,EDEM,Log Probit,3.9490005238126993,2.37369061026686,10108.451431483345,9.744,0.0,50.0,0.19488,Pass,Moderate,Pass,Fail,9.0,0.8062492659146293,2695 EDEM
2695,LTRK,Gamma,0.2636001349819678,0.04159296075167134,402.7984006782282,23.868000000000002,0.0,50.0,0.47736000000000006,Pass,Moderate,Pass,Fail,9.0,0.8868874774629015,2695 LTRK
2681,TOT_MORT,Quantal Linear,30.910099647008824,16.165167102992577,203.35178019375647,10.5,0.0,50.0,0.21,Pass,Moderate,Pass,Fail,9.0,0.3975494585571214,2681 TOT_MORT
3330,ANY24,Gamma,9801.942000538409,6854.539201475143,26285.877671000224,234.375,0.0,7500.0,0.03125,Pass,Moderate,Fail,Fail,4.0,0.6324555320336759,3330 ANY24
2680,CRAN,Gamma,10.268268454517228,3.2695009078079513,94.35914794299404,6.0008,0.0,50.0,0.120016,Pass,Moderate,Pass,Fail,9.0,0.7348988088720496,2680 CRAN
2680,EDEM,Gamma,14.671355439719894,5.396809385016105,86.39952565223165,6.000808,0.0,50.0,0.12001616,Pass,Moderate,Pass,Fail,9.0,0.6419981434253654,2680 EDEM
2677,CRAN,Gamma,48.81006705787985,8.634710593295836,806.8720630687682,10.104800000000001,0.0,50.0,0.20209600000000003,Pass,Moderate,Pass,Fail,9.0,0.40909641069340386,2677 CRAN
2677,EDEM,Gamma,55.45790828903128,11.931032418040616,790.1835387273685,12.604800000000001,0.0,50.0,0.25209600000000004,Pass,Moderate,Fail,Fail,9.0,0.2920156045463855,2677 EDEM
2677,MO24,Gamma,62.34551942898555,48.975327957691384,93.55786579814678,0.0,0.0,50.0,0.0,Pass,Moderate,Fail,Fail,9.0,0.26111648393354675,2677 MO24
2677,NC24,Log Logistic,18.740487625373,10.270208147625677,36.22471456224075,13.334133333333332,0.0,50.0,0.2666826666666666,Pass,Moderate,Pass,Pass,9.0,0.26347957720344434,2677 NC24
2678,ALL_BUT_MORT,Gamma,1.7496528619883218,0.27722771177500505,33.124167689250726,12.150568,0.0,50.0,0.24301136,Pass,Moderate,Pass,Pass,9.0,0.6158651076522952,2678 ALL_BUT_MORT
2678,ANY120,Gamma,1.0477513025762615,0.28388535048807007,10.679845958488114,26.850735999999998,0.0,50.0,0.53701472,Pass,Moderate,Pass,Pass,9.0,0.5714312110592606,2678 ANY120
2678,AXIS,Log Logistic,52.24052022622122,10.676401240568794,555.0088739780334,20.02978285714286,0.0,50.0,0.40059565714285716,Pass,Moderate,Fail,Fail,9.0,0.2727272727272727,2678 AXIS
2678,EDEM,Weibull,45.96360798769388,13.544451865514285,204.60900477351407,5.050568,0.0,50.0,0.10101136000000001,Pass,Moderate,Pass,Fail,9.0,0.21745842891752112,2678 EDEM
2678,LTRK,Gamma,1.296826324449984,0.2197259446211643,48.62395064593268,9.648168,0.0,50.0,0.19296336,Pass,Moderate,Pass,Pass,9.0,0.6400757530925302,2678 LTRK
3324,LTRK,Gamma,4966.67483041324,4062.5241743347165,7156.430486219313,1007.8125,0.0,7500.0,0.134375,Pass,Moderate,Pass,Pass,4.0,0.6668859288553503,3324 LTRK
3330,TOT_MORT,Quantal Linear,10536.051565782627,7207.0091008324625,69314.71805599453,359.375,0.0,7500.0,0.04791666666666667,Pass,Moderate,Fail,Fail,4.0,0.7826237921249264,3330 TOT_MORT
2678,TOT_MORT,Log Logistic,5.87804000865125,1.7605418658724008,113.69961950394772,17.200168,0.0,50.0,0.34400336000000004,Pass,Moderate,Pass,Fail,9.0,0.5600662839559639,2678 TOT_MORT
3330,MO24,Log Logistic,12679.342328837078,7399.894491475839,43111.54798609458,234.375,0.0,7500.0,0.03125,Pass,Moderate,Fail,Fail,4.0,0.5642880936468347,3330 MO24
3330,LTRK,Weibull,inf,,inf,328.125,0.0,7500.0,0.04375,Pass,Moderate,Fail,Fail,4.0,0.35909242322980395,3330 LTRK
2679,AXIS,Logistic,14.853401036485765,9.726149150380488,25.54649710087174,20.5,0.0,50.0,0.41,Pass,Moderate,Pass,Pass,9.0,0.4719399037242695,2679 AXIS
2679,BRN_,Logistic,20.40607847032301,14.574951872278682,32.65267355794722,20.5,0.0,50.0,0.41,Pass,Moderate,Pass,Pass,9.0,0.6227991553292184,2679 BRN_
2679,LTRK,Quantal Linear,1.3879320384104392,1.0004733251974467,9.130946002175838,39.100008,0.0,50.0,0.78200016,Pass,Moderate,Pass,Pass,9.0,0.6621705251876221,2679 LTRK
3330,EDEM,Logistic,34508.82978410965,9403.15061573359,65541.46343395131,125.0,0.0,7500.0,0.016666666666666666,Pass,Moderate,Fail,Fail,4.0,0.31622776601683794,3330 EDEM
3330,CRAN,Logistic,34508.82978410965,9403.15061573359,65541.46343395131,125.0,0.0,7500.0,0.016666666666666666,Pass,Moderate,Fail,Fail,4.0,0.31622776601683794,3330 CRAN
2679,TOT_MORT,Quantal Linear,185.26548384203525,35.29814052498152,1218.827062286136,0.7,0.0,50.0,0.013999999999999999,Pass,Moderate,Fail,Fail,9.0,0.7817359599705717,2679 TOT_MORT
3330,BRN_,Logistic,187858.3425636967,,392982.4635350661,203.125,0.0,7500.0,0.027083333333333334,Pass,Moderate,Fail,Fail,4.0,0.22360679774997896,3330 BRN_
2680,ANY120,Logistic,11.099201945148174,8.893316851532973,33.06665892210539,21.024968,0.0,50.0,0.42049936000000004,Pass,Moderate,Pass,Pass,9.0,0.5292934112111307,2680 ANY120
2680,AXIS,Quantal Linear,24.776274130798353,12.298613418637501,162.99848621011864,10.5048,0.0,50.0,0.21009599999999998,Pass,Moderate,Pass,Fail,9.0,0.40004734568283135,2680 AXIS
2680,BRN_,Gamma,19.759078123137936,3.6517632175818893,356.41871356482886,6.0008,0.0,50.0,0.120016,Pass,Moderate,Pass,Fail,9.0,0.7309879850882874,2680 BRN_
2695,MO24,Quantal Linear,41.91846311159285,20.872242557640043,275.77375013585913,5.0,0.0,50.0,0.1,Pass,Moderate,Pass,Fail,9.0,0.30572336821127627,2695 MO24
2680,LTRK,Gamma,11.587395631171633,3.1293889275395657,132.9983940550177,6.0008,0.0,50.0,0.120016,Pass,Moderate,Pass,Fail,9.0,0.6462041250426643,2680 LTRK
3331,EDEM,Logistic,7897.390234379687,7507.436557665489,8346.102864411694,0.0,0.0,7500.0,0.0,Pass,Moderate,Fail,Fail,4.0,0.7071067811865475,3331 EDEM
3328,NC24,Logistic,7862.060427760953,7505.729088116401,8306.052521586576,48.07692307692308,0.0,7500.0,0.006410256410256411,Pass,Moderate,Fail,Fail,4.0,0.7071067811865475,3328 NC24
2696,ALL_BUT_MORT,Log Logistic,1.6485798974838535,0.19927048516705462,51.94273655697211,9.132192,0.0,50.0,0.18264384,Pass,Moderate,Pass,Fail,9.0,0.8155320246773278,2696 ALL_BUT_MORT
3328,AXIS,Logistic,7284.336081108636,6147.936970798963,11854.539237319264,149.72527472527474,0.0,7500.0,0.019963369963369965,Pass,Moderate,Pass,Fail,4.0,0.4472135954999579,3328 AXIS
2699,ANY120,Gamma,15.944824825137733,7.585470130435397,33.69353399438024,23.231624,0.0,50.0,0.46463248,Pass,Moderate,Pass,Pass,9.0,0.24078203063740675,2699 ANY120
3328,ALL_BUT_MORT,Gamma,6855.915643201062,5536.285786487264,10881.597756425936,281.25,0.0,7500.0,0.0375,Pass,Moderate,Pass,Fail,4.0,0.7378647873726218,3328 ALL_BUT_MORT
2699,EDEM,Quantal Linear,9.707233900109783,6.5675504355430245,63.86208122546536,10.500224,0.0,50.0,0.21000448,Pass,Moderate,Pass,Fail,9.0,0.40681070474478603,2699 EDEM
2699,LTRK,Gamma,35.208174298745455,13.19103131807978,50.67513422515977,8.024864,0.0,50.0,0.16049728000000002,Pass,Moderate,Pass,Fail,9.0,0.24738513830453135,2699 LTRK
2699,MO24,Quantal Linear,177.15236749462002,46.208395857239275,1165.452383103385,2.5008,0.0,50.0,0.050016,Pass,Moderate,Fail,Fail,9.0,0.21320071635561044,2699 MO24
2699,TOT_MORT,Quantal Linear,28.743158266227354,15.35401130041637,189.09587702975386,12.606408,0.0,50.0,0.25212816,Pass,Moderate,Pass,Fail,9.0,0.21624335800309785,2699 TOT_MORT
2700,ALL_BUT_MORT,Log Logistic,21.067697075249583,9.147680480549655,93.09695834815093,8.112352,0.0,50.0,0.16224703999999998,Pass,Moderate,Pass,Fail,9.0,0.24545784641604232,2700 ALL_BUT_MORT
2700,ANY24,Logistic,35.51137090648814,26.655202600585397,83.02143648144006,2.52896,0.0,50.0,0.050579200000000005,Pass,Moderate,Pass,Fail,9.0,0.494156095620861,2700 ANY24
2700,NC24,Quantal Linear,116.32236290873801,31.875053742374888,765.2631290085504,0.0,0.0,50.0,0.0,Pass,Moderate,Fail,Fail,9.0,0.5222329678670935,2700 NC24
2700,TOT_MORT,Log Probit,18.14555036992902,9.254407891304133,49.013724781865996,5.52496,0.0,50.0,0.1104992,Pass,Moderate,Pass,Pass,9.0,0.4972094837658293,2700 TOT_MORT
2806-2,AXIS,Log Logistic,54.56879012941976,29.79701074303228,767.2363090864827,9.702916666666667,0.0,100.0,0.09702916666666667,Pass,Moderate,Pass,Fail,7.0,0.7488186396138604,2806-2 AXIS
2806-2,BRN_,Probit,51.55006306028977,43.59856651695699,123.77932004526643,12.96,0.0,100.0,0.12960000000000002,Pass,Moderate,Pass,Fail,7.0,0.48196269271187986,2806-2 BRN_
2806-2,CRAN,Probit,40.88813695900133,35.60766766020062,106.90400713809241,22.88,0.0,100.0,0.2288,Pass,Moderate,Pass,Fail,7.0,0.43915503282683993,2806-2 CRAN
2806-2,EDEM,Probit,45.45133445716117,38.540423544094764,109.22722994031497,19.209999999999997,0.0,100.0,0.19209999999999997,Pass,Moderate,Pass,Fail,7.0,0.4096682888050979,2806-2 EDEM
2806-2,LTRK,Quantal Linear,99.51829564954012,57.227879290265335,654.7123048223791,3.505,0.0,100.0,0.03505,Pass,Moderate,Pass,Fail,7.0,0.35756661096715786,2806-2 LTRK
3322,ANY120,Quantal Linear,10536.051565782627,4901.218909531792,69314.71805599453,1078.125,0.0,7500.0,0.14375,Pass,Moderate,Fail,Fail,4.0,0.21081851067789195,3322 ANY120
3322,ANY24,Weibull,inf,,inf,679.6875,0.0,7500.0,0.090625,Pass,Moderate,Fail,Fail,4.0,0.35909242322980395,3322 ANY24
3322,MO24,Quantal Linear,10536.051565782627,4847.972750495732,69314.71805599453,531.25,0.0,7500.0,0.07083333333333333,Pass,Moderate,Fail,Fail,4.0,0.6155870112510925,3322 MO24
3322,TOT_MORT,Quantal Linear,7039.220601004154,3480.255282981814,46309.719371263156,679.6875,0.0,7500.0,0.090625,Pass,Moderate,Pass,Fail,4.0,0.8944271909999159,3322 TOT_MORT
3324,ALL_BUT_MORT,Gamma,4368.903538383502,3624.9313171866047,6190.554910838163,1562.5,0.0,7500.0,0.20833333333333334,Pass,Moderate,Pass,Pass,4.0,0.7,3324 ALL_BUT_MORT
3324,ANY120,Gamma,3968.1481499323813,3186.047075361968,5467.96974770276,2554.6875,0.0,7500.0,0.340625,Pass,Moderate,Pass,Pass,4.0,0.7,3324 ANY120
3324,TOT_MORT,Log Logistic,7941.614918382914,2233.7730828781623,73711.99510235408,1156.25,0.0,7500.0,0.15416666666666667,Pass,Moderate,Fail,Fail,4.0,0.7181848464596079,3324 TOT_MORT
3324,AXIS,Gamma,5542.6776251483325,4300.446653496436,8240.492163612787,764.8809523809523,0.0,7500.0,0.10198412698412697,Pass,Moderate,Pass,Fail,4.0,0.6668859288553503,3324 AXIS
3324,BRN_,Gamma,5238.168875480738,4322.000862200855,7327.8421906999065,773.4375,0.0,7500.0,0.103125,Pass,Moderate,Pass,Pass,4.0,0.6668859288553503,3324 BRN_
3324,CRAN,Gamma,4731.680888982167,4005.4672193389442,6520.091231265817,1242.1875,0.0,7500.0,0.165625,Pass,Moderate,Pass,Pass,4.0,0.6668859288553503,3324 CRAN
3324,EDEM,Gamma,4579.873686408338,3805.0073620233334,6450.264690652062,1281.25,0.0,7500.0,0.17083333333333334,Pass,Moderate,Pass,Pass,4.0,0.6668859288553503,3324 EDEM
2698,TOT_MORT,Gamma,9.606426918630635,2.0308117843853193,47.252248575139404,8.012167999999999,0.0,50.0,0.16024335999999997,Pass,Moderate,Pass,Pass,9.0,0.6523752867525634,2698 TOT_MORT
796,NC24,Quantal Linear,2.0026147069877447,1.0393941908167104,13.174828627495678,0.21666666666666667,0.0,10.0,0.021666666666666667,Pass,Moderate,Pass,Fail,5.0,0.4394802124588286,796 NC24
3328,BRN_,Logistic,7897.390234379687,7507.436557665489,8346.102864411694,39.0625,0.0,7500.0,0.005208333333333333,Pass,Moderate,Fail,Fail,4.0,0.7071067811865475,3328 BRN_
2698,LTRK,Log Logistic,43.85481065085856,18.4155943162785,347.40011861748866,6.004168,0.0,50.0,0.12008336,Pass,Moderate,Pass,Fail,9.0,0.26880189636329216,2698 LTRK
2696,ANY24,Quantal Linear,28.318299489593237,14.710167437501838,186.30081038337863,10.04496,0.0,50.0,0.2008992,Pass,Moderate,Pass,Fail,9.0,0.46574052909710595,2696 ANY24
2696,AXIS,Quantal Linear,9.831548956567792,5.461358237519213,64.67992679452905,9.145548190476191,0.0,50.0,0.18291096380952382,Pass,Moderate,Pass,Fail,9.0,0.731720919982925,2696 AXIS
2696,BRN_,Quantal Linear,20.976135277879198,11.82724229107959,137.9980815026123,1.012192,0.0,50.0,0.02024384,Pass,Moderate,Pass,Fail,9.0,0.7426673301818716,2696 BRN_
2696,CRAN,Log Logistic,8.225228536197204,1.592433161426851,127.22645695572453,3.0121919999999998,0.0,50.0,0.06024383999999999,Pass,Moderate,Pass,Fail,9.0,0.7465254687430923,2696 CRAN
2696,EDEM,Gamma,6.740189056368586,0.7865747971055137,89.07358115754501,1.512192,0.0,50.0,0.03024384,Pass,Moderate,Pass,Fail,9.0,0.7465254687430923,2696 EDEM
2696,LTRK,Log Probit,2.2602139730726356,1.9027652166255833,120.28668902939458,4.112192,0.0,50.0,0.08224384000000001,Pass,Moderate,Pass,Fail,9.0,0.7308217967859612,2696 LTRK
2696,MO24,Log Logistic,59.66540059763206,10.738606767718348,2112.65078466528,7.52096,0.0,50.0,0.1504192,Pass,Moderate,Fail,Fail,9.0,0.48617243480439776,2696 MO24
3328,LTRK,Logistic,7751.295348383563,7503.195365706275,8197.744233623083,78.125,0.0,7500.0,0.010416666666666666,Pass,Moderate,Fail,Fail,4.0,0.7071067811865475,3328 LTRK
2696,TOT_MORT,Gamma,3.6418328196939194,1.0555624813331594,36.06405307321553,22.04096,0.0,50.0,0.44081919999999997,Pass,Moderate,Pass,Pass,9.0,0.6850441205230688,2696 TOT_MORT
2697,ALL_BUT_MORT,Log Probit,0.49620649482034584,,1517.1167355191371,9.268832,0.0,50.0,0.18537663999999998,Pass,Moderate,Pass,Fail,9.0,0.7976060548818035,2697 ALL_BUT_MORT
101,TOT_MORT,Weibull,0.01644378155219173,0.0066160527338896425,0.0682125609196266,0.000828125,0.0,0.01,0.0828125,Pass,Moderate,Fail,Fail,5.0,0.6172133998483676,101 TOT_MORT
3328,EDEM,Logistic,7897.390234379687,7507.436557665489,8346.102864411694,39.0625,0.0,7500.0,0.005208333333333333,Pass,Moderate,Fail,Fail,4.0,0.7071067811865475,3328 EDEM
2697,AXIS,Gamma,33.22641804095537,6.6700249595155165,153.6822819043147,20.118285714285715,0.0,50.0,0.4023657142857143,Pass,Moderate,Pass,Fail,9.0,0.7676817130758207,2697 AXIS
2697,BRN_,Quantal Linear,51.03935252032772,24.292289486908906,335.7783803181529,0.004,0.0,50.0,8e-05,Pass,Moderate,Fail,Fail,9.0,0.46709936649691375,2697 BRN_
2697,CRAN,Log Logistic,42.60122694761357,20.510161020677238,230.53070110652004,0.004,0.0,50.0,8e-05,Pass,Moderate,Pass,Fail,9.0,0.4993502271458874,2697 CRAN
2697,EDEM,Gamma,25.815630600030193,12.11116107446729,92.91814173436522,2.504,0.0,50.0,0.05008,Pass,Moderate,Pass,Fail,9.0,0.6741998624632421,2697 EDEM
2697,LTRK,Log Logistic,6.8974185391939775,2.7296668584066017,287.18878573458716,5.504,0.0,50.0,0.11008,Pass,Moderate,Pass,Fail,9.0,0.8293704221622705,2697 LTRK
2697,MO24,Gamma,262.8504411999843,38.87568292943127,6291.01059043668,0.100008,0.0,50.0,0.00200016,Pass,Moderate,Fail,Fail,9.0,0.20770781515357048,2697 MO24
3328,CRAN,Logistic,7897.390234379687,7507.436557665489,8346.102864411694,39.0625,0.0,7500.0,0.005208333333333333,Pass,Moderate,Fail,Fail,4.0,0.7071067811865475,3328 CRAN
2697,TOT_MORT,Log Logistic,16.331857883806496,8.724146740666166,41.06720290318612,17.62004,0.0,50.0,0.3524008,Pass,Moderate,Pass,Pass,9.0,0.28322059201851035,2697 TOT_MORT
2698,ALL_BUT_MORT,Quantal Linear,14.945630036057057,9.113331439955104,98.32451233277034,13.744208,0.0,50.0,0.27488416,Pass,Moderate,Pass,Fail,9.0,0.43859279105297244,2698 ALL_BUT_MORT
2698,ANY120,Weibull,8.712311391776783,4.148557651006211,25.43714505009362,21.756376,0.0,50.0,0.43512752,Pass,Moderate,Pass,Pass,9.0,0.6524256197418622,2698 ANY120
2698,ANY24,Gamma,47.966779669616415,5.471210806065622,647.6990754738093,5.012168,0.0,50.0,0.10024336,Pass,Moderate,Pass,Fail,9.0,0.5485022341382949,2698 ANY24
2698,AXIS,Log Logistic,21.19732722194885,8.742862453310643,108.34641953665262,9.243034285714286,0.0,50.0,0.1848606857142857,Pass,Moderate,Pass,Fail,9.0,0.27513437577151784,2698 AXIS
2698,BRN_,Log Logistic,43.85481065085856,18.4155943162785,347.40011861748866,6.004168,0.0,50.0,0.12008336,Pass,Moderate,Pass,Fail,9.0,0.26880189636329216,2698 BRN_
2698,CRAN,Log Logistic,19.86542253703149,8.581998334784476,87.16418147326166,11.02416,0.0,50.0,0.2204832,Pass,Moderate,Pass,Fail,9.0,0.5728918992315463,2698 CRAN
2698,EDEM,Log Probit,18.488527142245438,9.088086071337152,84.25134491635092,13.52416,0.0,50.0,0.2704832,Pass,Moderate,Pass,Fail,9.0,0.40681070474478603,2698 EDEM
2698,MO24,Log Logistic,41.64147122044633,6.817570947370925,1844.4472848682506,5.012168,0.0,50.0,0.10024336,Pass,Moderate,Pass,Fail,9.0,0.49083473955669055,2698 MO24
2677,ANY120,Gamma,4.727793225981085,2.6002862742895965,7.517059524138121,43.724808,0.0,50.0,0.8744961600000001,Pass,Moderate,Pass,Pass,9.0,0.31805619881428193,2677 ANY120
2678,MO24,Log Logistic,200.22026231696046,28.0068845933844,13515.98180633179,0.10016,0.0,50.0,0.0020032,Pass,Moderate,Fail,Fail,9.0,0.3092372966310914,2678 MO24
3324,NC24,Logistic,25700.36331549743,8891.911589979782,41448.344270630034,104.16666666666666,0.0,7500.0,0.013888888888888888,Pass,Moderate,Fail,Fail,4.0,0.35355339059327373,3324 NC24
1037,AXIS,Quantal Linear,0.007555688060056232,0.004298404374400155,0.049707462452319495,0.0004635416666666667,0.0,0.01,0.04635416666666667,Pass,Moderate,Pass,Fail,5.0,0.9411239481143202,1037 AXIS
1037,BRN_,Gamma,0.005414076104614544,0.00422921823836052,0.00808217790344247,0.0027125,0.0,0.01,0.27125,Pass,Moderate,Pass,Pass,5.0,0.550782483869826,1037 BRN_
1037,EDEM,Logistic,0.0041266782945230986,0.003361389028771208,0.007404278749603839,0.003021875,0.0,0.01,0.3021875,Pass,Moderate,Pass,Pass,5.0,0.6982532518267537,1037 EDEM
669,NC24,Log Logistic,55.38388060937057,35.194995810090504,299.26320637276933,6.764912280701754,0.0,100.0,0.06764912280701754,Pass,Moderate,Pass,Fail,7.0,0.4364357804719847,669 NC24
669,TOT_MORT,Quantal Linear,29.83276875621154,21.956874104226834,196.26422120807868,18.35,0.0,100.0,0.18350000000000002,Pass,Moderate,Pass,Fail,7.0,0.5663061639364588,669 TOT_MORT
101,ANY24,Quantal Linear,0.013926352919821932,0.005808200364485304,0.09161887830168662,0.000809375,0.0,0.01,0.0809375,Pass,Moderate,Fail,Fail,5.0,0.6172133998483676,101 ANY24
1038,ALL_BUT_MORT,Quantal Linear,0.005477143129835948,0.0031255552616402697,0.0360331030487611,0.0012156250000000001,0.0,0.01,0.1215625,Pass,Moderate,Pass,Fail,5.0,0.49280538030458115,1038 ALL_BUT_MORT
1038,ANY120,Gamma,0.006913983391960296,0.005537601053629137,0.009527227965014973,0.0025375,0.0,0.01,0.25375,Pass,Moderate,Pass,Pass,5.0,0.4058397249567139,1038 ANY120
1038,ANY24,Gamma,0.007192372625705823,0.005618338733693445,0.009910838619328028,0.002225,0.0,0.01,0.2225,Pass,Moderate,Pass,Pass,5.0,0.4058397249567139,1038 ANY24
1038,AXIS,Quantal Linear,0.013069605413449122,0.00586153934192042,0.08598249625869532,0.0006324305555555556,0.0,0.01,0.06324305555555555,Pass,Moderate,Fail,Fail,5.0,0.5768179036829705,1038 AXIS
1038,BRN_,Log Logistic,0.0106175899991945,0.0062176150810712705,0.05849604471681921,0.000359375,0.0,0.01,0.0359375,Pass,Moderate,Fail,Fail,5.0,0.9258200997725515,1038 BRN_
1038,CRAN,Quantal Linear,0.010991145366359947,0.0055548754938724906,0.07230869528542398,0.000434375,0.0,0.01,0.0434375,Pass,Moderate,Fail,Fail,5.0,0.6375355777548621,1038 CRAN
1038,EDEM,Quantal Linear,0.006573033683897455,0.003974791780186915,0.04324276259728653,0.000746875,0.0,0.01,0.0746875,Pass,Moderate,Pass,Fail,5.0,0.6375355777548621,1038 EDEM
1517,AXIS,Logistic,0.006627375184579412,0.005401246054971434,0.010475587018488122,0.0022343750000000002,0.0,0.01,0.2234375,Pass,Moderate,Pass,Fail,5.0,0.9258200997725515,1517 AXIS
1038,LTRK,Log Logistic,0.018028173775794864,0.008192343713107174,0.12166885476185967,0.000359375,0.0,0.01,0.0359375,Pass,Moderate,Fail,Fail,5.0,0.6761234037828133,1038 LTRK
1038,MO24,Log Logistic,0.009333816067833721,0.008262740165176603,0.010260979407081351,0.0013218750000000001,0.0,0.01,0.1321875,Pass,Moderate,Pass,Fail,5.0,0.3530939318018998,1038 MO24
101,MO24,Log Logistic,0.012526623841519438,0.005640038986457556,0.10110665913603227,0.000778125,0.0,0.01,0.07781249999999999,Pass,Moderate,Fail,Fail,5.0,0.819688599970537,101 MO24
1514,ANY24,Quantal Linear,0.07158946296236676,0.008779147276854693,0.47097372388836806,0.000871875,0.0,0.01,0.0871875,Pass,Moderate,Fail,Fail,5.0,0.6546536707079772,1514 ANY24
101,LTRK,Gamma,0.014223204489840071,0.009922907507364988,0.024884948570761227,2.8125e-05,0.0,0.01,0.0028125,Pass,Moderate,Fail,Fail,5.0,0.20701966780270628,101 LTRK
103,TOT_MORT,Log Logistic,0.00644956491559927,0.004734824634083741,0.008690591700423765,0.002240625,0.0,0.01,0.2240625,Pass,Moderate,Pass,Pass,5.0,0.50709255283711,103 TOT_MORT
1514,MO24,Logistic,129928.57756867024,,321887.9509721057,0.000609375,0.0,0.01,0.0609375,Pass,Moderate,Fail,Fail,5.0,0.20701966780270628,1514 MO24
1515,MO24,Quantal Linear,0.002011809330122206,0.0014455459080768222,0.013235318338106632,0.001959375,0.0,0.01,0.19593750000000001,Pass,Moderate,Pass,Fail,5.0,0.9276336570439175,1515 MO24
1515,ALL_BUT_MORT,Gamma,3.0978587082333764e-05,4.227790571050921e-06,0.011718818496797874,0.004293750000000001,0.0,0.01,0.42937500000000006,Pass,Moderate,Pass,Fail,5.0,0.8406680016960503,1515 ALL_BUT_MORT
1037,ANY24,Gamma,0.0030982087708542544,0.0006842381968053611,0.01808145811824789,0.002321875,0.0,0.01,0.23218750000000002,Pass,Moderate,Pass,Fail,5.0,0.7714285714285715,1037 ANY24
1036,TOT_MORT,Probit,0.025932750095083036,0.008205917333553987,0.07512971172370307,0.000575,0.0,0.01,0.057499999999999996,Pass,Moderate,Fail,Fail,5.0,0.44136741475237473,1036 TOT_MORT
794,EDEM,Quantal Linear,22.400276595211245,8.446588672193304,147.36724159702104,0.5,0.0,10.0,0.05,Pass,Moderate,Fail,Fail,5.0,0.6546536707079772,794 EDEM
1521,MO24,Weibull,0.0038948347156949562,0.0013282945835825892,0.016386822787615635,0.00155625,0.0,0.01,0.15562499999999999,Pass,Moderate,Pass,Fail,5.0,0.9856107606091623,1521 MO24
3332,CRAN,Logistic,7751.295348383563,7503.195365706275,8197.744233623083,39.0625,0.0,7500.0,0.005208333333333333,Pass,Moderate,Fail,Fail,4.0,0.7071067811865475,3332 CRAN
103,ANY24,Gamma,0.009218675457862167,0.005542233475338278,0.017969326036533766,0.000334375,0.0,0.01,0.033437499999999995,Pass,Moderate,Pass,Fail,5.0,0.44136741475237473,103 ANY24
3332,EDEM,Logistic,7751.295348383563,7503.195365706275,8197.744233623083,39.0625,0.0,7500.0,0.005208333333333333,Pass,Moderate,Fail,Fail,4.0,0.7071067811865475,3332 EDEM
1036,ALL_BUT_MORT,Quantal Linear,0.01709458383130061,0.005198907001623822,0.11246207852658215,0.0010656250000000002,0.0,0.01,0.10656250000000002,Pass,Moderate,Fail,Fail,5.0,0.44136741475237473,1036 ALL_BUT_MORT
102,MO24,Log Logistic,0.005733658730181989,0.0020158793792321972,0.0551302429359447,0.00121875,0.0,0.01,0.121875,Pass,Moderate,Pass,Fail,5.0,0.7944613465542745,102 MO24
1036,ANY120,Quantal Linear,0.015826914291441452,0.004248266825616529,0.10412231707088893,0.0015625,0.0,0.01,0.15625,Pass,Moderate,Fail,Fail,5.0,0.550782483869826,1036 ANY120
1036,EDEM,Quantal Linear,0.026734931182405112,0.007132143384524918,0.1758841256218904,0.0006249999999999999,0.0,0.01,0.062499999999999986,Pass,Moderate,Fail,Fail,5.0,0.39466488146729556,1036 EDEM
1036,AXIS,Quantal Linear,0.011371597324500087,0.005902070007850277,0.07481161775573329,0.0005,0.0,0.01,0.05,Pass,Moderate,Fail,Fail,5.0,0.7775419143502352,1036 AXIS
1036,MO24,Quantal Linear,1.671453535967877,,10.9961810518818,0.000496875,0.0,0.01,0.0496875,Pass,Moderate,Fail,Fail,5.0,0.26482044885142486,1036 MO24
1036,ANY24,Quantal Linear,0.008853544753388095,0.003547578204711477,0.058245819560170366,0.001453125,0.0,0.01,0.14531249999999998,Pass,Moderate,Pass,Fail,5.0,0.5797710356524485,1036 ANY24
3332,ALL_BUT_MORT,Log Logistic,7628.94138462159,7504.215596557735,7920.868139196653,39.0625,0.0,7500.0,0.005208333333333333,Pass,Moderate,Fail,Fail,4.0,0.22360679774997896,3332 ALL_BUT_MORT
1036,LTRK,Log Logistic,0.015512422810306735,0.004765449614797111,1.1991623550293171,0.0005625000000000001,0.0,0.01,0.05625000000000001,Pass,Moderate,Fail,Fail,5.0,0.802377419802878,1036 LTRK
1520,MO24,Quantal Linear,0.007213498042711528,0.004032408805760886,0.047456258153846395,0.00054375,0.0,0.01,0.05437499999999999,Pass,Moderate,Pass,Fail,5.0,0.6982532518267537,1520 MO24
795,MO24,,,,,0.596875,0.0,10.0,0.059687500000000004,Fail - correlation score filter,Not Fit,Fail,Fail,,,795 MO24
3325,MO24,,,,,914.0625,0.0,7500.0,0.121875,Fail - correlation score filter,Not Fit,Fail,Fail,,,3325 MO24
796,EDEM,,,,,0.621875,0.0,10.0,0.06218749999999999,Fail - correlation score filter,Not Fit,Fail,Fail,,,796 EDEM
3325,ALL_BUT_MORT,,,,,351.5625,0.0,7500.0,0.046875,Fail - correlation score filter,Not Fit,Fail,Fail,,,3325 ALL_BUT_MORT
796,LTRK,,,,,2.125,0.0,10.0,0.2125,Fail - GOF check,Not Fit,Fail,Fail,5.0,0.4394802124588286,796 LTRK
795,LTRK,,,,,0.025,0.0,10.0,0.0025,Fail - correlation score filter,Not Fit,Fail,Fail,,,795 LTRK
795,BRN_,,,,,0.0,0.0,10.0,0.0,Fail - correlation score filter,Not Fit,Fail,Fail,,,795 BRN_
795,CRAN,,,,,0.0,0.0,10.0,0.0,Fail - correlation score filter,Not Fit,Fail,Fail,,,795 CRAN
795,AXIS,,,,,0.02738095238095238,0.0,10.0,0.0027380952380952383,Fail - correlation score filter,Not Fit,Fail,Fail,,,795 AXIS
795,ANY24,,,,,1.1875,0.0,10.0,0.11875,Fail - GOF check,Not Fit,Fail,Fail,5.0,0.26482044885142486,795 ANY24
101,AXIS,,,,,5.625e-05,0.0,0.01,0.005625,Fail - correlation score filter,Not Fit,Fail,Fail,,,101 AXIS
795,ALL_BUT_MORT,,,,,0.640625,0.0,10.0,0.0640625,Fail - correlation score filter,Not Fit,Fail,Fail,,,795 ALL_BUT_MORT
101,BRN_,,,,,5.625e-05,0.0,0.01,0.005625,Fail - correlation score filter,Not Fit,Fail,Fail,,,101 BRN_
794,NC24,,,,,,0.0,10.0,,Fail - GOF check,Not Fit,Fail,Fail,5.0,0.39466488146729556,794 NC24
796,MO24,,,,,0.0875,0.0,10.0,0.008749999999999999,Fail - correlation score filter,Not Fit,Fail,Fail,,,796 MO24
794,MO24,,,,,0.075,0.0,10.0,0.0075,Fail - correlation score filter,Not Fit,Fail,Fail,,,794 MO24
795,EDEM,,,,,0.01875,0.0,10.0,0.001875,Fail - correlation score filter,Not Fit,Fail,Fail,,,795 EDEM
3325,ANY120,,,,,1343.75,0.0,7500.0,0.17916666666666667,Fail - correlation score filter,Not Fit,Fail,Fail,,,3325 ANY120
3328,ANY120,,,,,835.9375,0.0,7500.0,0.11145833333333334,Fail - correlation score filter,Not Fit,Fail,Fail,,,3328 ANY120
3328,ANY24,,,,,632.8125,0.0,7500.0,0.084375,Fail - correlation score filter,Not Fit,Fail,Fail,,,3328 ANY24
3325,NC24,,,,,0.0,0.0,7500.0,0.0,Fail - correlation score filter,Not Fit,Fail,Fail,,,3325 NC24
796,BRN_,,,,,0.0,0.0,10.0,0.0,Fail - correlation score filter,Not Fit,Fail,Fail,,,796 BRN_
796,AXIS,,,,,4.913095238095238,0.0,10.0,0.4913095238095238,Fail - correlation score filter,Not Fit,Fail,Fail,,,796 AXIS
3325,EDEM,,,,,0.0,0.0,7500.0,0.0,Fail - correlation score filter,Not Fit,Fail,Fail,,,3325 EDEM
796,CRAN,,,,,0.0,0.0,10.0,0.0,Fail - correlation score filter,Not Fit,Fail,Fail,,,796 CRAN
3325,TOT_MORT,,,,,1070.3125,0.0,7500.0,0.14270833333333333,Fail - correlation score filter,Not Fit,Fail,Fail,,,3325 TOT_MORT
3326,ALL_BUT_MORT,,,,,148.4375,0.0,7500.0,0.019791666666666666,Fail - correlation score filter,Not Fit,Fail,Fail,,,3326 ALL_BUT_MORT
3326,ANY120,,,,,625.0,0.0,7500.0,0.08333333333333333,Fail - correlation score filter,Not Fit,Fail,Fail,,,3326 ANY120
796,ANY24,,,,,0.821875,0.0,10.0,0.0821875,Fail - GOF check,Not Fit,Fail,Fail,5.0,0.5002164033860247,796 ANY24
3326,ANY24,,,,,398.4375,0.0,7500.0,0.053125,Fail - correlation score filter,Not Fit,Fail,Fail,,,3326 ANY24
3326,AXIS,,,,,159.77011494252875,0.0,7500.0,0.021302681992337168,Fail - correlation score filter,Not Fit,Fail,Fail,,,3326 AXIS
3326,BRN_,,,,,109.375,0.0,7500.0,0.014583333333333334,Fail - correlation score filter,Not Fit,Fail,Fail,,,3326 BRN_
3326,CRAN,,,,,109.375,0.0,7500.0,0.014583333333333334,Fail - correlation score filter,Not Fit,Fail,Fail,,,3326 CRAN
794,LTRK,,,,,0.34375,0.0,10.0,0.034375,Fail - GOF check,Not Fit,Fail,Fail,5.0,0.3718678720805473,794 LTRK
3326,LTRK,,,,,148.4375,0.0,7500.0,0.019791666666666666,Fail - correlation score filter,Not Fit,Fail,Fail,,,3326 LTRK
3325,CRAN,,,,,0.0,0.0,7500.0,0.0,Fail - correlation score filter,Not Fit,Fail,Fail,,,3325 CRAN
3325,BRN_,,,,,0.0,0.0,7500.0,0.0,Fail - correlation score filter,Not Fit,Fail,Fail,,,3325 BRN_
3326,MO24,,,,,398.4375,0.0,7500.0,0.053125,Fail - correlation score filter,Not Fit,Fail,Fail,,,3326 MO24
101,ANY120,,,,,0.000884375,0.0,0.01,0.08843749999999999,Fail - correlation score filter,Not Fit,Fail,Fail,,,101 ANY120
796,ALL_BUT_MORT,,,,,4.184375,0.0,10.0,0.4184375,Fail - GOF check,Not Fit,Fail,Fail,5.0,0.7247137945655605,796 ALL_BUT_MORT
3326,NC24,,,,,0.0,0.0,7500.0,0.0,Fail - correlation score filter,Not Fit,Fail,Fail,,,3326 NC24
3325,AXIS,,,,,228.57142857142856,0.0,7500.0,0.030476190476190473,Fail - GOF check,Not Fit,Fail,Fail,4.0,0.4472135954999579,3325 AXIS
795,NC24,,,,,0.0,0.0,10.0,0.0,Fail - correlation score filter,Not Fit,Fail,Fail,,,795 NC24
3326,TOT_MORT,,,,,476.5625,0.0,7500.0,0.06354166666666666,Fail - correlation score filter,Not Fit,Fail,Fail,,,3326 TOT_MORT
3325,LTRK,,,,,0.0,0.0,7500.0,0.0,Fail - correlation score filter,Not Fit,Fail,Fail,,,3325 LTRK
3325,ANY24,,,,,1070.3125,0.0,7500.0,0.14270833333333333,Fail - correlation score filter,Not Fit,Fail,Fail,,,3325 ANY24
3326,EDEM,,,,,109.375,0.0,7500.0,0.014583333333333334,Fail - correlation score filter,Not Fit,Fail,Fail,,,3326 EDEM
3331,NC24,,,,,0.0,0.0,7500.0,0.0,Fail - correlation score filter,Not Fit,Fail,Fail,,,3331 NC24
794,BRN_,,,,,0.0,0.0,10.0,0.0,Fail - correlation score filter,Not Fit,Fail,Fail,,,794 BRN_
3334,ANY24,,,,,328.125,0.0,7500.0,0.04375,Fail - correlation score filter,Not Fit,Fail,Fail,,,3334 ANY24
3334,AXIS,,,,,121.42857142857143,0.0,7500.0,0.01619047619047619,Fail - correlation score filter,Not Fit,Fail,Fail,,,3334 AXIS
3334,BRN_,,,,,125.0,0.0,7500.0,0.016666666666666666,Fail - correlation score filter,Not Fit,Fail,Fail,,,3334 BRN_
3334,CRAN,,,,,46.875,0.0,7500.0,0.00625,Fail - correlation score filter,Not Fit,Fail,Fail,,,3334 CRAN
3334,EDEM,,,,,125.0,0.0,7500.0,0.016666666666666666,Fail - correlation score filter,Not Fit,Fail,Fail,,,3334 EDEM
3334,LTRK,,,,,109.375,0.0,7500.0,0.014583333333333334,Fail - correlation score filter,Not Fit,Fail,Fail,,,3334 LTRK
3334,ANY120,,,,,617.1875,0.0,7500.0,0.08229166666666667,Fail - correlation score filter,Not Fit,Fail,Fail,,,3334 ANY120
3334,MO24,,,,,289.0625,0.0,7500.0,0.03854166666666667,Fail - correlation score filter,Not Fit,Fail,Fail,,,3334 MO24
3334,NC24,,,,,0.0,0.0,7500.0,0.0,Fail - correlation score filter,Not Fit,Fail,Fail,,,3334 NC24
3334,TOT_MORT,,,,,429.6875,0.0,7500.0,0.057291666666666664,Fail - correlation score filter,Not Fit,Fail,Fail,,,3334 TOT_MORT
669,ALL_BUT_MORT,,,,,66.15,0.0,100.0,0.6615000000000001,Fail - GOF check,Not Fit,Fail,Fail,7.0,0.6107893935757621,669 ALL_BUT_MORT
101,NC24,,,,,0.0,0.0,0.01,0.0,Fail - correlation score filter,Not Fit,Fail,Fail,,,101 NC24
669,ANY24,,,,,10.525,0.0,100.0,0.10525000000000001,Fail - correlation score filter,Not Fit,Fail,Fail,,,669 ANY24
669,AXIS,,,,,61.18959899749373,0.0,100.0,0.6118959899749373,Fail - GOF check,Not Fit,Fail,Fail,7.0,0.8313856449279928,669 AXIS
3330,AXIS,,,,,213.54166666666666,0.0,7500.0,0.02847222222222222,Fail - GOF check,Not Fit,Fail,Fail,4.0,0.22360679774997896,3330 AXIS
3334,ALL_BUT_MORT,,,,,226.5625,0.0,7500.0,0.030208333333333334,Fail - correlation score filter,Not Fit,Fail,Fail,,,3334 ALL_BUT_MORT
3332,TOT_MORT,,,,,156.25,0.0,7500.0,0.020833333333333332,Fail - correlation score filter,Not Fit,Fail,Fail,,,3332 TOT_MORT
3332,NC24,,,,,0.0,0.0,7500.0,0.0,Fail - correlation score filter,Not Fit,Fail,Fail,,,3332 NC24
3331,LTRK,,,,,0.0,0.0,7500.0,0.0,Fail - correlation score filter,Not Fit,Fail,Fail,,,3331 LTRK
3331,TOT_MORT,,,,,187.5,0.0,7500.0,0.025,Fail - correlation score filter,Not Fit,Fail,Fail,,,3331 TOT_MORT
3331,CRAN,,,,,0.0,0.0,7500.0,0.0,Fail - correlation score filter,Not Fit,Fail,Fail,,,3331 CRAN
3331,BRN_,,,,,0.0,0.0,7500.0,0.0,Fail - correlation score filter,Not Fit,Fail,Fail,,,3331 BRN_
3332,ANY120,,,,,195.3125,0.0,7500.0,0.026041666666666668,Fail - correlation score filter,Not Fit,Fail,Fail,,,3332 ANY120
3332,ANY24,,,,,109.375,0.0,7500.0,0.014583333333333334,Fail - correlation score filter,Not Fit,Fail,Fail,,,3332 ANY24
3331,AXIS,,,,,0.0,0.0,7500.0,0.0,Fail - correlation score filter,Not Fit,Fail,Fail,,,3331 AXIS
3332,AXIS,,,,,0.0,0.0,7500.0,0.0,Fail - correlation score filter,Not Fit,Fail,Fail,,,3332 AXIS
3331,ANY24,,,,,187.5,0.0,7500.0,0.025,Fail - correlation score filter,Not Fit,Fail,Fail,,,3331 ANY24
3332,BRN_,,,,,0.0,0.0,7500.0,0.0,Fail - correlation score filter,Not Fit,Fail,Fail,,,3332 BRN_
3331,ANY120,,,,,187.5,0.0,7500.0,0.025,Fail - correlation score filter,Not Fit,Fail,Fail,,,3331 ANY120
3331,ALL_BUT_MORT,,,,,39.0625,0.0,7500.0,0.005208333333333333,Fail - correlation score filter,Not Fit,Fail,Fail,,,3331 ALL_BUT_MORT
3332,LTRK,,,,,39.0625,0.0,7500.0,0.005208333333333333,Fail - correlation score filter,Not Fit,Fail,Fail,,,3332 LTRK
3332,MO24,,,,,109.375,0.0,7500.0,0.014583333333333334,Fail - correlation score filter,Not Fit,Fail,Fail,,,3332 MO24
3330,NC24,,,,,0.0,0.0,7500.0,0.0,Fail - correlation score filter,Not Fit,Fail,Fail,,,3330 NC24
669,BRN_,,,,,35.58,0.0,100.0,0.3558,Fail - GOF check,Not Fit,Fail,Fail,7.0,0.797921501227884,669 BRN_
794,CRAN,,,,,0.0,0.0,10.0,0.0,Fail - correlation score filter,Not Fit,Fail,Fail,,,794 CRAN
669,CRAN,,,,,38.205000000000005,0.0,100.0,0.38205000000000006,Fail - GOF check,Not Fit,Fail,Fail,7.0,0.8434347122457898,669 CRAN
669,LTRK,,,,,52.23,0.0,100.0,0.5223,Fail - GOF check,Not Fit,Fail,Fail,7.0,0.6988459044322258,669 LTRK
793,ALL_BUT_MORT,,,,,2.921875,0.0,10.0,0.2921875,Fail - GOF check,Not Fit,Fail,Fail,5.0,0.42857142857142855,793 ALL_BUT_MORT
793,ANY120,,,,,8.953125,0.0,10.0,0.8953125,Fail - GOF check,Not Fit,Fail,Fail,5.0,0.9428571428571428,793 ANY120
793,ANY24,,,,,2.175,0.0,10.0,0.21749999999999997,Fail - GOF check,Not Fit,Fail,Fail,5.0,0.37142857142857144,793 ANY24
793,BRN_,,,,,0.0,0.0,10.0,0.0,Fail - correlation score filter,Not Fit,Fail,Fail,,,793 BRN_
793,CRAN,,,,,0.0,0.0,10.0,0.0,Fail - correlation score filter,Not Fit,Fail,Fail,,,793 CRAN
793,EDEM,,,,,0.0875,0.0,10.0,0.008749999999999999,Fail - correlation score filter,Not Fit,Fail,Fail,,,793 EDEM
792,TOT_MORT,,,,,6.715625,0.0,10.0,0.6715625000000001,Fail - GOF check,Not Fit,Fail,Fail,5.0,0.8285714285714286,792 TOT_MORT
793,LTRK,,,,,0.546875,0.0,10.0,0.0546875,Fail - GOF check,Not Fit,Fail,Fail,5.0,0.2704493615131253,793 LTRK
3328,MO24,,,,,476.5625,0.0,7500.0,0.06354166666666666,Fail - correlation score filter,Not Fit,Fail,Fail,,,3328 MO24
101,EDEM,,,,,5.625e-05,0.0,0.01,0.005625,Fail - correlation score filter,Not Fit,Fail,Fail,,,101 EDEM
3331,MO24,,,,,148.4375,0.0,7500.0,0.019791666666666666,Fail - correlation score filter,Not Fit,Fail,Fail,,,3331 MO24
101,CRAN,,,,,5.625e-05,0.0,0.01,0.005625,Fail - correlation score filter,Not Fit,Fail,Fail,,,101 CRAN
794,ANY24,,,,,2.45625,0.0,10.0,0.24562499999999998,Fail - correlation score filter,Not Fit,Fail,Fail,,,794 ANY24
794,AXIS,,,,,,0.0,10.0,,Fail - GOF check,Not Fit,Fail,Fail,5.0,0.9856107606091623,794 AXIS
793,MO24,,,,,0.825,0.0,10.0,0.08249999999999999,Fail - GOF check,Not Fit,Fail,Fail,5.0,0.2704493615131253,793 MO24
792,NC24,,,,,,0.0,10.0,,Fail - GOF check,Not Fit,Fail,Fail,5.0,0.4394802124588286,792 NC24
792,MO24,,,,,0.79375,0.0,10.0,0.079375,Fail - correlation score filter,Not Fit,Fail,Fail,,,792 MO24
3328,TOT_MORT,,,,,671.875,0.0,7500.0,0.08958333333333333,Fail - correlation score filter,Not Fit,Fail,Fail,,,3328 TOT_MORT
669,MO24,,,,,3.225,0.0,100.0,0.03225,Fail - correlation score filter,Not Fit,Fail,Fail,,,669 MO24
3329,NC24,,,,,0.0,0.0,7500.0,0.0,Fail - correlation score filter,Not Fit,Fail,Fail,,,3329 NC24
3329,MO24,,,,,226.5625,0.0,7500.0,0.030208333333333334,Fail - correlation score filter,Not Fit,Fail,Fail,,,3329 MO24
792,ALL_BUT_MORT,,,,,2.140625,0.0,10.0,0.2140625,Fail - GOF check,Not Fit,Fail,Fail,5.0,0.26482044885142486,792 ALL_BUT_MORT
792,ANY120,,,,,8.765625,0.0,10.0,0.8765625,Fail - GOF check,Not Fit,Fail,Fail,5.0,0.8857142857142857,792 ANY120
792,ANY24,,,,,2.371875,0.0,10.0,0.23718750000000002,Fail - correlation score filter,Not Fit,Fail,Fail,,,792 ANY24
792,AXIS,,,,,,0.0,10.0,,Fail - GOF check,Not Fit,Fail,Fail,5.0,0.2732295333235123,792 AXIS
3329,EDEM,,,,,31.25,0.0,7500.0,0.004166666666666667,Fail - correlation score filter,Not Fit,Fail,Fail,,,3329 EDEM
792,BRN_,,,,,0.0,0.0,10.0,0.0,Fail - correlation score filter,Not Fit,Fail,Fail,,,792 BRN_
792,CRAN,,,,,0.0,0.0,10.0,0.0,Fail - correlation score filter,Not Fit,Fail,Fail,,,792 CRAN
792,EDEM,,,,,0.046875,0.0,10.0,0.0046875,Fail - correlation score filter,Not Fit,Fail,Fail,,,792 EDEM
3329,AXIS,,,,,0.0,0.0,7500.0,0.0,Fail - correlation score filter,Not Fit,Fail,Fail,,,3329 AXIS
792,LTRK,,,,,0.534375,0.0,10.0,0.053437500000000006,Fail - correlation score filter,Not Fit,Fail,Fail,,,792 LTRK
3329,ANY120,,,,,296.875,0.0,7500.0,0.03958333333333333,Fail - correlation score filter,Not Fit,Fail,Fail,,,3329 ANY120
3329,ALL_BUT_MORT,,,,,31.25,0.0,7500.0,0.004166666666666667,Fail - correlation score filter,Not Fit,Fail,Fail,,,3329 ALL_BUT_MORT
669,EDEM,,,,,39.455,0.0,100.0,0.39454999999999996,Fail - GOF check,Not Fit,Fail,Fail,7.0,0.8675328468813838,669 EDEM
794,ALL_BUT_MORT,,,,,3.409375,0.0,10.0,0.3409375,Fail - GOF check,Not Fit,Fail,Fail,5.0,0.37142857142857144,794 ALL_BUT_MORT
1035,NC24,,,,,0.0,0.0,0.01,0.0,Fail - correlation score filter,Not Fit,Fail,Fail,,,1035 NC24
3324,ANY24,,,,,1234.375,0.0,7500.0,0.16458333333333333,Fail - GOF check,Not Fit,Fail,Fail,4.0,0.6,3324 ANY24
1518,ANY24,,,,,0.00020625,0.0,0.01,0.020625,Fail - correlation score filter,Not Fit,Fail,Fail,,,1518 ANY24
1518,ANY120,,,,,0.00055,0.0,0.01,0.055,Fail - correlation score filter,Not Fit,Fail,Fail,,,1518 ANY120
1518,ALL_BUT_MORT,,,,,0.00029687500000000005,0.0,0.01,0.029687500000000006,Fail - correlation score filter,Not Fit,Fail,Fail,,,1518 ALL_BUT_MORT
1517,TOT_MORT,,,,,0.0018375,0.0,0.01,0.18375,Fail - GOF check,Not Fit,Fail,Fail,5.0,0.2732295333235123,1517 TOT_MORT
1517,NC24,,,,,0.0,0.0,0.01,0.0,Fail - correlation score filter,Not Fit,Fail,Fail,,,1517 NC24
1517,MO24,,,,,0.000403125,0.0,0.01,0.0403125,Fail - correlation score filter,Not Fit,Fail,Fail,,,1517 MO24
1517,LTRK,,,,,0.00295,0.0,0.01,0.295,Fail - GOF check,Not Fit,Fail,Fail,5.0,0.9276336570439175,1517 LTRK
1517,EDEM,,,,,0.0045000000000000005,0.0,0.01,0.45000000000000007,Fail - GOF check,Not Fit,Fail,Fail,5.0,0.8406680016960503,1517 EDEM
1517,CRAN,,,,,0.004484375,0.0,0.01,0.44843749999999993,Fail - GOF check,Not Fit,Fail,Fail,5.0,0.7589709258986453,1517 CRAN
1517,BRN_,,,,,0.0044218750000000005,0.0,0.01,0.4421875,Fail - GOF check,Not Fit,Fail,Fail,5.0,0.8406680016960503,1517 BRN_
1517,ANY24,,,,,0.00175625,0.0,0.01,0.175625,Fail - GOF check,Not Fit,Fail,Fail,5.0,0.46381682852195877,1517 ANY24
103,MO24,,,,,0.0001,0.0,0.01,0.01,Fail - correlation score filter,Not Fit,Fail,Fail,,,103 MO24
1517,ALL_BUT_MORT,,,,,0.005778125,0.0,0.01,0.5778125000000001,Fail - GOF check,Not Fit,Fail,Fail,5.0,0.8857142857142857,1517 ALL_BUT_MORT
1516,TOT_MORT,,,,,0.006509375,0.0,0.01,0.6509375000000001,Fail - GOF check,Not Fit,Fail,Fail,5.0,0.8116794499134278,1516 TOT_MORT
1516,NC24,,,,,0.0,0.0,0.01,0.0,Fail - correlation score filter,Not Fit,Fail,Fail,,,1516 NC24
1518,AXIS,,,,,8.833333333333333e-05,0.0,0.01,0.008833333333333334,Fail - correlation score filter,Not Fit,Fail,Fail,,,1518 AXIS
1518,BRN_,,,,,0.0001875,0.0,0.01,0.01875,Fail - correlation score filter,Not Fit,Fail,Fail,,,1518 BRN_
1518,CRAN,,,,,0.0001875,0.0,0.01,0.01875,Fail - correlation score filter,Not Fit,Fail,Fail,,,1518 CRAN
1518,EDEM,,,,,0.0001875,0.0,0.01,0.01875,Fail - correlation score filter,Not Fit,Fail,Fail,,,1518 EDEM
1520,ALL_BUT_MORT,,,,,0.005284375,0.0,0.01,0.5284375,Fail - GOF check,Not Fit,Fail,Fail,5.0,0.6571428571428571,1520 ALL_BUT_MORT
103,BRN_,,,,,0.0044375000000000005,0.0,0.01,0.44375000000000003,Fail - GOF check,Not Fit,Fail,Fail,5.0,0.9276336570439175,103 BRN_
1519,NC24,,,,,0.0,0.0,0.01,0.0,Fail - correlation score filter,Not Fit,Fail,Fail,,,1519 NC24
103,CRAN,,,,,0.00465625,0.0,0.01,0.46562499999999996,Fail - GOF check,Not Fit,Fail,Fail,5.0,0.9276336570439175,103 CRAN
1519,LTRK,,,,,0.000209375,0.0,0.01,0.0209375,Fail - correlation score filter,Not Fit,Fail,Fail,,,1519 LTRK
1519,EDEM,,,,,3.125e-05,0.0,0.01,0.003125,Fail - correlation score filter,Not Fit,Fail,Fail,,,1519 EDEM
1519,CRAN,,,,,2.8125e-05,0.0,0.01,0.0028125,Fail - correlation score filter,Not Fit,Fail,Fail,,,1519 CRAN
1516,MO24,,,,,0.00024375,0.0,0.01,0.024374999999999997,Fail - GOF check,Not Fit,Fail,Fail,5.0,0.2125118592516207,1516 MO24
1519,BRN_,,,,,3.4375e-05,0.0,0.01,0.0034375,Fail - correlation score filter,Not Fit,Fail,Fail,,,1519 BRN_
103,EDEM,,,,,0.00478125,0.0,0.01,0.47812499999999997,Fail - GOF check,Not Fit,Fail,Fail,5.0,0.8827348295047495,103 EDEM
103,LTRK,,,,,0.003109375,0.0,0.01,0.31093750000000003,Fail - GOF check,Not Fit,Fail,Fail,5.0,0.7589709258986453,103 LTRK
1519,ALL_BUT_MORT,,,,,0.006168750000000001,0.0,0.01,0.6168750000000001,Fail - GOF check,Not Fit,Fail,Fail,5.0,0.42857142857142855,1519 ALL_BUT_MORT
1518,TOT_MORT,,,,,0.000284375,0.0,0.01,0.0284375,Fail - correlation score filter,Not Fit,Fail,Fail,,,1518 TOT_MORT
1518,NC24,,,,,0.0,0.0,0.01,0.0,Fail - correlation score filter,Not Fit,Fail,Fail,,,1518 NC24
1518,MO24,,,,,0.000175,0.0,0.01,0.017499999999999998,Fail - correlation score filter,Not Fit,Fail,Fail,,,1518 MO24
1518,LTRK,,,,,0.0,0.0,0.01,0.0,Fail - correlation score filter,Not Fit,Fail,Fail,,,1518 LTRK
1519,AXIS,,,,,0.0,0.0,0.01,0.0,Fail - correlation score filter,Not Fit,Fail,Fail,,,1519 AXIS
1520,BRN_,,,,,0.0012406250000000002,0.0,0.01,0.12406250000000002,Fail - correlation score filter,Not Fit,Fail,Fail,,,1520 BRN_
1516,LTRK,,,,,0.00071875,0.0,0.01,0.071875,Fail - GOF check,Not Fit,Fail,Fail,5.0,0.3718678720805473,1516 LTRK
1516,CRAN,,,,,0.0017968749999999999,0.0,0.01,0.17968749999999997,Fail - GOF check,Not Fit,Fail,Fail,5.0,0.33394720739540396,1516 CRAN
1514,ANY120,,,,,0.00103125,0.0,0.01,0.10312500000000001,Fail - correlation score filter,Not Fit,Fail,Fail,,,1514 ANY120
1514,ALL_BUT_MORT,,,,,0.000340625,0.0,0.01,0.0340625,Fail - correlation score filter,Not Fit,Fail,Fail,,,1514 ALL_BUT_MORT
1038,TOT_MORT,,,,,0.00135,0.0,0.01,0.135,Fail - correlation score filter,Not Fit,Fail,Fail,,,1038 TOT_MORT
1038,NC24,,,,,0.0,0.0,0.01,0.0,Fail - correlation score filter,Not Fit,Fail,Fail,,,1038 NC24
1037,TOT_MORT,,,,,0.0011625,0.0,0.01,0.11624999999999999,Fail - correlation score filter,Not Fit,Fail,Fail,,,1037 TOT_MORT
1037,NC24,,,,,0.0,0.0,0.01,0.0,Fail - correlation score filter,Not Fit,Fail,Fail,,,1037 NC24
1037,MO24,,,,,0.00081875,0.0,0.01,0.081875,Fail - correlation score filter,Not Fit,Fail,Fail,,,1037 MO24
1035,BRN_,,,,,9.375e-05,0.0,0.01,0.009375,Fail - correlation score filter,Not Fit,Fail,Fail,,,1035 BRN_
1035,CRAN,,,,,9.375e-05,0.0,0.01,0.009375,Fail - correlation score filter,Not Fit,Fail,Fail,,,1035 CRAN
1035,EDEM,,,,,9.375e-05,0.0,0.01,0.009375,Fail - correlation score filter,Not Fit,Fail,Fail,,,1035 EDEM
1035,LTRK,,,,,0.0,0.0,0.01,0.0,Fail - correlation score filter,Not Fit,Fail,Fail,,,1035 LTRK
1036,NC24,,,,,0.0,0.0,0.01,0.0,Fail - correlation score filter,Not Fit,Fail,Fail,,,1036 NC24
1036,CRAN,,,,,0.0005,0.0,0.01,0.05,Fail - GOF check,Not Fit,Fail,Fail,5.0,0.39466488146729556,1036 CRAN
1036,BRN_,,,,,0.0005,0.0,0.01,0.05,Fail - GOF check,Not Fit,Fail,Fail,5.0,0.39466488146729556,1036 BRN_
1035,TOT_MORT,,,,,0.0002875,0.0,0.01,0.028749999999999998,Fail - correlation score filter,Not Fit,Fail,Fail,,,1035 TOT_MORT
1514,AXIS,,,,,0.00015833333333333332,0.0,0.01,0.01583333333333333,Fail - correlation score filter,Not Fit,Fail,Fail,,,1514 AXIS
1514,BRN_,,,,,0.000184375,0.0,0.01,0.0184375,Fail - correlation score filter,Not Fit,Fail,Fail,,,1514 BRN_
1514,CRAN,,,,,0.00018125,0.0,0.01,0.018125,Fail - correlation score filter,Not Fit,Fail,Fail,,,1514 CRAN
1514,EDEM,,,,,0.000184375,0.0,0.01,0.0184375,Fail - correlation score filter,Not Fit,Fail,Fail,,,1514 EDEM
1516,BRN_,,,,,0.00184375,0.0,0.01,0.18437499999999998,Fail - GOF check,Not Fit,Fail,Fail,5.0,0.33394720739540396,1516 BRN_
103,NC24,,,,,0.0,0.0,0.01,0.0,Fail - correlation score filter,Not Fit,Fail,Fail,,,103 NC24
1516,ANY24,,,,,0.0006031249999999999,0.0,0.01,0.06031249999999999,Fail - GOF check,Not Fit,Fail,Fail,5.0,0.3825184261187248,1516 ANY24
1516,ALL_BUT_MORT,,,,,0.00225,0.0,0.01,0.22499999999999998,Fail - GOF check,Not Fit,Fail,Fail,5.0,0.8116794499134278,1516 ALL_BUT_MORT
1035,ALL_BUT_MORT,,,,,0.00025,0.0,0.01,0.025,Fail - correlation score filter,Not Fit,Fail,Fail,,,1035 ALL_BUT_MORT
1515,NC24,,,,,0.0,0.0,0.01,0.0,Fail - correlation score filter,Not Fit,Fail,Fail,,,1515 NC24
1515,LTRK,,,,,0.0001625,0.0,0.01,0.01625,Fail - correlation score filter,Not Fit,Fail,Fail,,,1515 LTRK
1516,EDEM,,,,,0.00184375,0.0,0.01,0.18437499999999998,Fail - GOF check,Not Fit,Fail,Fail,5.0,0.33394720739540396,1516 EDEM
1515,EDEM,,,,,0.00010625000000000001,0.0,0.01,0.010625,Fail - correlation score filter,Not Fit,Fail,Fail,,,1515 EDEM
1515,BRN_,,,,,0.00010625000000000001,0.0,0.01,0.010625,Fail - correlation score filter,Not Fit,Fail,Fail,,,1515 BRN_
1035,ANY120,,,,,0.0005375,0.0,0.01,0.05375,Fail - correlation score filter,Not Fit,Fail,Fail,,,1035 ANY120
1035,ANY24,,,,,0.000240625,0.0,0.01,0.0240625,Fail - correlation score filter,Not Fit,Fail,Fail,,,1035 ANY24
1035,AXIS,,,,,0.00015625,0.0,0.01,0.015625,Fail - correlation score filter,Not Fit,Fail,Fail,,,1035 AXIS
1514,TOT_MORT,,,,,0.000690625,0.0,0.01,0.0690625,Fail - correlation score filter,Not Fit,Fail,Fail,,,1514 TOT_MORT
1514,NC24,,,,,0.0,0.0,0.01,0.0,Fail - correlation score filter,Not Fit,Fail,Fail,,,1514 NC24
1514,LTRK,,,,,0.00010625000000000001,0.0,0.01,0.010625,Fail - correlation score filter,Not Fit,Fail,Fail,,,1514 LTRK
1515,CRAN,,,,,0.00010625000000000001,0.0,0.01,0.010625,Fail - correlation score filter,Not Fit,Fail,Fail,,,1515 CRAN
3324,MO24,,,,,875.0,0.0,7500.0,0.11666666666666667,Fail - correlation score filter,Not Fit,Fail,Fail,,,3324 MO24
1520,CRAN,,,,,0.001671875,0.0,0.01,0.1671875,Fail - correlation score filter,Not Fit,Fail,Fail,,,1520 CRAN
1520,LTRK,,,,,0.00020625,0.0,0.01,0.020625,Fail - correlation score filter,Not Fit,Fail,Fail,,,1520 LTRK
2699,NC24,,,,,0.02457142857142857,0.0,50.0,0.0004914285714285714,Fail - correlation score filter,Not Fit,Fail,Fail,,,2699 NC24
2699,CRAN,,,,,3.000064,0.0,50.0,0.060001280000000004,Fail - GOF check,Not Fit,Fail,Fail,9.0,0.3755338080994054,2699 CRAN
2699,BRN_,,,,,3.000064,0.0,50.0,0.060001280000000004,Fail - GOF check,Not Fit,Fail,Fail,9.0,0.35642365249948815,2699 BRN_
2699,AXIS,,,,,3.357206857142857,0.0,50.0,0.06714413714285714,Fail - GOF check,Not Fit,Fail,Fail,9.0,0.35642365249948815,2699 AXIS
2699,ANY24,,,,,5.627432,0.0,50.0,0.11254863999999999,Fail - correlation score filter,Not Fit,Fail,Fail,,,2699 ANY24
2699,ALL_BUT_MORT,,,,,13.226824,0.0,50.0,0.26453648,Fail - correlation score filter,Not Fit,Fail,Fail,,,2699 ALL_BUT_MORT
2698,NC24,,,,,0.0,0.0,50.0,0.0,Fail - correlation score filter,Not Fit,Fail,Fail,,,2698 NC24
1035,MO24,,,,,0.000240625,0.0,0.01,0.0240625,Fail - correlation score filter,Not Fit,Fail,Fail,,,1035 MO24
2697,ANY24,,,,,0.664008,0.0,50.0,0.013280160000000001,Fail - GOF check,Not Fit,Fail,Fail,9.0,0.22057470084576486,2697 ANY24
2696,NC24,,,,,0.004,0.0,50.0,8e-05,Fail - correlation score filter,Not Fit,Fail,Fail,,,2696 NC24
102,ALL_BUT_MORT,,,,,0.004284375,0.0,0.01,0.42843749999999997,Fail - GOF check,Not Fit,Fail,Fail,5.0,0.8285714285714286,102 ALL_BUT_MORT
2695,NC24,,,,,0.0,0.0,50.0,0.0,Fail - correlation score filter,Not Fit,Fail,Fail,,,2695 NC24
2682,MO24,,,,,5.000032,0.0,50.0,0.10000064,Fail - correlation score filter,Not Fit,Fail,Fail,,,2682 MO24
2682,LTRK,,,,,0.100968,0.0,50.0,0.00201936,Fail - correlation score filter,Not Fit,Fail,Fail,,,2682 LTRK
2682,EDEM,,,,,2.600976,0.0,50.0,0.05201952000000001,Fail - correlation score filter,Not Fit,Fail,Fail,,,2682 EDEM
2700,ANY120,,,,,23.636992,0.0,50.0,0.47273983999999997,Fail - GOF check,Not Fit,Fail,Fail,9.0,0.40368671387966554,2700 ANY120
2700,AXIS,,,,,3.0796205714285714,0.0,50.0,0.06159241142857143,Fail - correlation score filter,Not Fit,Fail,Fail,,,2700 AXIS
2700,BRN_,,,,,2.508352,0.0,50.0,0.050167039999999996,Fail - correlation score filter,Not Fit,Fail,Fail,,,2700 BRN_
2700,CRAN,,,,,5.108352,0.0,50.0,0.10216704,Fail - correlation score filter,Not Fit,Fail,Fail,,,2700 CRAN
3322,NC24,,,,,0.0,0.0,7500.0,0.0,Fail - correlation score filter,Not Fit,Fail,Fail,,,3322 NC24
3322,LTRK,,,,,78.125,0.0,7500.0,0.010416666666666666,Fail - correlation score filter,Not Fit,Fail,Fail,,,3322 LTRK
3322,EDEM,,,,,242.1875,0.0,7500.0,0.03229166666666667,Fail - correlation score filter,Not Fit,Fail,Fail,,,3322 EDEM
3322,CRAN,,,,,46.875,0.0,7500.0,0.00625,Fail - correlation score filter,Not Fit,Fail,Fail,,,3322 CRAN
3322,BRN_,,,,,164.0625,0.0,7500.0,0.021875,Fail - correlation score filter,Not Fit,Fail,Fail,,,3322 BRN_
3322,AXIS,,,,,127.92487684729065,0.0,7500.0,0.01705665024630542,Fail - correlation score filter,Not Fit,Fail,Fail,,,3322 AXIS
3322,ALL_BUT_MORT,,,,,468.75,0.0,7500.0,0.0625,Fail - correlation score filter,Not Fit,Fail,Fail,,,3322 ALL_BUT_MORT
2682,CRAN,,,,,0.100976,0.0,50.0,0.00201952,Fail - correlation score filter,Not Fit,Fail,Fail,,,2682 CRAN
2806-2,TOT_MORT,,,,,13.0,0.0,100.0,0.13,Fail - correlation score filter,Not Fit,Fail,Fail,,,2806-2 TOT_MORT
2806-2,MO24,,,,,0.725,0.0,100.0,0.0072499999999999995,Fail - correlation score filter,Not Fit,Fail,Fail,,,2806-2 MO24
2806-2,ANY24,,,,,4.105,0.0,100.0,0.04105,Fail - correlation score filter,Not Fit,Fail,Fail,,,2806-2 ANY24
2806-2,ANY120,,,,,37.769999999999996,0.0,100.0,0.3777,Fail - GOF check,Not Fit,Fail,Fail,7.0,0.20359646452525404,2806-2 ANY120
2806-2,ALL_BUT_MORT,,,,,26.42,0.0,100.0,0.2642,Fail - correlation score filter,Not Fit,Fail,Fail,,,2806-2 ALL_BUT_MORT
2700,MO24,,,,,0.02496,0.0,50.0,0.0004992,Fail - correlation score filter,Not Fit,Fail,Fail,,,2700 MO24
2700,LTRK,,,,,2.512352,0.0,50.0,0.05024704,Fail - correlation score filter,Not Fit,Fail,Fail,,,2700 LTRK
2700,EDEM,,,,,5.108352,0.0,50.0,0.10216704,Fail - correlation score filter,Not Fit,Fail,Fail,,,2700 EDEM
2806-2,NC24,,,,,0.0,0.0,100.0,0.0,Fail - correlation score filter,Not Fit,Fail,Fail,,,2806-2 NC24
1520,EDEM,,,,,0.001675,0.0,0.01,0.1675,Fail - correlation score filter,Not Fit,Fail,Fail,,,1520 EDEM
2682,BRN_,,,,,0.100968,0.0,50.0,0.00201936,Fail - correlation score filter,Not Fit,Fail,Fail,,,2682 BRN_
2682,ANY120,,,,,23.126,0.0,50.0,0.46252000000000004,Fail - correlation score filter,Not Fit,Fail,Fail,,,2682 ANY120
2677,LTRK,,,,,23.004808,0.0,50.0,0.46009616000000003,Fail - correlation score filter,Not Fit,Fail,Fail,,,2677 LTRK
2677,BRN_,,,,,7.5048,0.0,50.0,0.150096,Fail - correlation score filter,Not Fit,Fail,Fail,,,2677 BRN_
2677,AXIS,,,,,13.338933333333332,0.0,50.0,0.2667786666666666,Fail - correlation score filter,Not Fit,Fail,Fail,,,2677 AXIS
2677,ANY24,,,,,5.5208,0.0,50.0,0.11041600000000001,Fail - correlation score filter,Not Fit,Fail,Fail,,,2677 ANY24
2677,ALL_BUT_MORT,,,,,28.525064,0.0,50.0,0.57050128,Fail - GOF check,Not Fit,Fail,Fail,9.0,0.23387383286073218,2677 ALL_BUT_MORT
102,LTRK,,,,,0.0002375,0.0,0.01,0.02375,Fail - correlation score filter,Not Fit,Fail,Fail,,,102 LTRK
1521,NC24,,,,,0.0,0.0,0.01,0.0,Fail - correlation score filter,Not Fit,Fail,Fail,,,1521 NC24
1521,LTRK,,,,,0.001453125,0.0,0.01,0.14531249999999998,Fail - GOF check,Not Fit,Fail,Fail,5.0,0.4394802124588286,1521 LTRK
1521,EDEM,,,,,0.00421875,0.0,0.01,0.421875,Fail - GOF check,Not Fit,Fail,Fail,5.0,0.4394802124588286,1521 EDEM
1521,CRAN,,,,,0.0034062500000000004,0.0,0.01,0.340625,Fail - GOF check,Not Fit,Fail,Fail,5.0,0.4394802124588286,1521 CRAN
1521,BRN_,,,,,0.003078125,0.0,0.01,0.3078125,Fail - GOF check,Not Fit,Fail,Fail,5.0,0.4394802124588286,1521 BRN_
102,NC24,,,,,0.0,0.0,0.01,0.0,Fail - correlation score filter,Not Fit,Fail,Fail,,,102 NC24
1521,ALL_BUT_MORT,,,,,0.005050000000000001,0.0,0.01,0.505,Fail - GOF check,Not Fit,Fail,Fail,5.0,0.7247137945655605,1521 ALL_BUT_MORT
103,ALL_BUT_MORT,,,,,0.0054375000000000005,0.0,0.01,0.5437500000000001,Fail - GOF check,Not Fit,Fail,Fail,5.0,0.8116794499134278,103 ALL_BUT_MORT
1520,NC24,,,,,0.0,0.0,0.01,0.0,Fail - correlation score filter,Not Fit,Fail,Fail,,,1520 NC24
102,EDEM,,,,,0.0006125,0.0,0.01,0.06125,Fail - correlation score filter,Not Fit,Fail,Fail,,,102 EDEM
2678,ANY24,,,,,2.600168,0.0,50.0,0.05200336,Fail - correlation score filter,Not Fit,Fail,Fail,,,2678 ANY24
2678,BRN_,,,,,0.008168,0.0,50.0,0.00016336,Fail - correlation score filter,Not Fit,Fail,Fail,,,2678 BRN_
2678,CRAN,,,,,0.548168,0.0,50.0,0.01096336,Fail - correlation score filter,Not Fit,Fail,Fail,,,2678 CRAN
2682,ALL_BUT_MORT,,,,,12.625968,0.0,50.0,0.25251936,Fail - correlation score filter,Not Fit,Fail,Fail,,,2682 ALL_BUT_MORT
2681,NC24,,,,,3.2000000000000005e-05,0.0,50.0,6.400000000000001e-07,Fail - correlation score filter,Not Fit,Fail,Fail,,,2681 NC24
2681,CRAN,,,,,5.100832,0.0,50.0,0.10201663999999999,Fail - correlation score filter,Not Fit,Fail,Fail,,,2681 CRAN
2681,BRN_,,,,,5.100832,0.0,50.0,0.10201663999999999,Fail - correlation score filter,Not Fit,Fail,Fail,,,2681 BRN_
2681,ANY120,,,,,21.244832,0.0,50.0,0.42489664,Fail - correlation score filter,Not Fit,Fail,Fail,,,2681 ANY120
2681,ALL_BUT_MORT,,,,,10.744832,0.0,50.0,0.21489664,Fail - correlation score filter,Not Fit,Fail,Fail,,,2681 ALL_BUT_MORT
2680,NC24,,,,,0.0,0.0,50.0,0.0,Fail - correlation score filter,Not Fit,Fail,Fail,,,2680 NC24
2682,AXIS,,,,,0.10108228571428572,0.0,50.0,0.0020216457142857146,Fail - correlation score filter,Not Fit,Fail,Fail,,,2682 AXIS
2680,MO24,,,,,0.0,0.0,50.0,0.0,Fail - correlation score filter,Not Fit,Fail,Fail,,,2680 MO24
2680,ALL_BUT_MORT,,,,,5.605,0.0,50.0,0.1121,Fail - GOF check,Not Fit,Fail,Fail,9.0,0.4862113893683643,2680 ALL_BUT_MORT
2679,NC24,,,,,0.6142937142857143,0.0,50.0,0.012285874285714286,Fail - correlation score filter,Not Fit,Fail,Fail,,,2679 NC24
2679,MO24,,,,,0.0,0.0,50.0,0.0,Fail - correlation score filter,Not Fit,Fail,Fail,,,2679 MO24
2679,ANY24,,,,,1.30004,0.0,50.0,0.0260008,Fail - correlation score filter,Not Fit,Fail,Fail,,,2679 ANY24
102,BRN_,,,,,0.000609375,0.0,0.01,0.0609375,Fail - correlation score filter,Not Fit,Fail,Fail,,,102 BRN_
102,CRAN,,,,,0.000609375,0.0,0.01,0.0609375,Fail - correlation score filter,Not Fit,Fail,Fail,,,102 CRAN
2678,NC24,,,,,8e-06,0.0,50.0,1.6e-07,Fail - correlation score filter,Not Fit,Fail,Fail,,,2678 NC24
2680,ANY24,,,,,0.00096,0.0,50.0,1.92e-05,Fail - GOF check,Not Fit,Fail,Fail,9.0,0.3027650354097492,2680 ANY24
101,ALL_BUT_MORT,,,,,5.9375e-05,0.0,0.01,0.0059375,Fail - correlation score filter,Not Fit,Fail,Fail,,,101 ALL_BUT_MORT
