cas_number,zf.cid,Chemical_ID,chemical_class,Notes,chemical_name
290352-28-2,0,0,NA,,
368832-42-2,2,2,NA,,
102409-92-7,3,3,NA,,
180084-01-9,4,4,NA,,
NOCAS_47377,5,5,NA,,(1R)-1-[(ethoxycarbonyl)oxy]ethyl 1-{[5-(5-chlorothiophen-2-yl)-12-oxazol-3-yl]methyl}-2-{[1-(propan-2-yl)piperidin-4-yl]carbamoyl}-1H-indole-5-carboxylate hydrochloride
NOCAS_47267,6,6,NA,,(1R)-1-{4-[(2R6S)-4-(46-dimethyl-135-triazin-2-yl)-26-dimethylpiperazin-1-yl]pyrimidin-2-yl}ethanol
221671-62-1,7,7,NA,,
NOCAS_47325,8,8,NA,,(2E)-3-(4-fluorophenyl)-N-(4-{2-[7-(5-methyl-124-oxadiazol-3-yl)-1245-tetrahydro-3H-3-benzazepin-3-yl]ethyl}cyclohexyl)prop-2-enamide hydrochloride
444610-91-7,10,10,NA,,
588941-45-1,11,11,NA,,
445295-04-5,12,12,NA,,
NOCAS_47346,13,13,NA,,(2S)-44-difluoro-1-{N-[8-(pyrimidin-2-yl)-8-azabicyclo[3.2.1]oct-3-yl]glycyl}pyrrolidine-2-carbonitrile
177785-47-6,14,14,NA,,
145742-28-5,15,15,NA,,
NOCAS_47305,16,16,NA,,(2S3S4R5R)-3-amino-5-[6-({5-chloro-2-[(3-methyl-12-oxazol-5-yl)methoxy]benzyl}amino)-9H-purin-9-yl]-4-hydroxy-N-methyltetrahydrofuran-2-carboxamide
106-25-2,17,17,NA,,
171866-31-2,18,18,NA,,
NOCAS_47333,19,19,NA,,(3S)-3-(2-methylpyrimidin-5-yl)-9-(5678-tetrahydro-18-naphthyridin-2-yl)nonanoic acid
NOCAS_48509,20,20,NA,,(4-{[(2R)-7-Methoxy-1234-tetrahydronaphthalen-2-yl](propyl)amino}piperidin-1-yl)(piperidin-4-yl)methanone
1191914-21-2,21,21,NA,,
291305-06-1,22,22,NA,,
207736-05-8,23,23,NA,,
4180-23-8,24,24,NA,,
149413-74-1,25,25,NA,,
113734-18-2,26,26,NA,,
725228-45-5,27,27,NA,,
NOCAS_47381,28,28,NA,,{4-[5-(aminomethyl)-2-fluorophenyl]piperidin-1-yl}(4-bromo-3-methyl-5-propoxythiophen-2-yl)methanone hydrochloride
862243-29-6,48,48,NA,,
116-25-6,50,50,NA,,
3194-55-6,51,51,Flame Retardant,,
573-98-8,53,53,PAH_Alkylated,,
524-42-5,54,54,PAH_Oxy,,
132-86-5,56,56,PAH_Hydroxy,,
75321-20-9,57,57,PAH_Nitro,,
635-12-1,58,58,PAH_Oxy,,
571-58-4,60,60,PAH_Alkylated,,
130-15-4,61,61,PAH_Oxy,,
569-15-3,62,62,PAH_Oxy,,
83-56-7,63,63,PAH_Hydroxy,,
571-61-9,64,64,PAH_Alkylated,,
575-44-0,65,65,PAH_Hydroxy,,
575-43-9,66,66,PAH_Alkylated,,
42397-64-8,67,67,PAH_Nitro,,
569-41-5,69,69,PAH_Alkylated,,
42397-65-9,70,70,PAH_Nitro,,
82-05-3,71,71,PAH_Oxy,,
NOCAS_47342,108,108,NA,,1-[(2Z)-3-(2-chloro-3'-methoxybiphenyl-4-yl)prop-2-en-1-yl]azepane hydrochloride (1:1)
203942-49-8,109,109,NA,,
139149-55-6,110,110,NA,,
158081-99-3,111,111,NA,,
648917-13-9,112,112,NA,,
289716-94-5,113,113,NA,,
23779-32-0,114,114,NA,,
107071-66-9,115,115,NA,,
NOCAS_47299,116,116,NA,,1-[cis-1-(3-ethoxyphenyl)-4-methylcyclohexyl]-4-phenylpiperazine methanesulfonate (1:1)
179465-71-5,117,117,NA,,
NOCAS_47385,118,118,NA,,1-{2-[(5-chloropyridin-2-yl)amino]-2-oxoethyl}-5-(2-methoxyethoxy)-N-[1-(propan-2-yl)piperidin-4-yl]-1H-pyrrolo[23-c]pyridine-2-carboxamide acetate
NOCAS_47353,119,119,NA,,1'-{2-[2-(34-dichlorophenyl)-4-(phenylcarbonyl)morpholin-2-yl]ethyl}-NN-dimethyl-14'-bipiperidine-4'-carboxamide hydrochloride
56892-31-0,129,129,PAH_Hydroxy,,
112-38-9,138,138,NA,,
678-39-7,148,148,NA,,
3074-03-1,155,155,PAH_Oxy,,
95-14-7,163,163,NA,,
87-61-6,164,164,NA,,
96-18-4,165,165,NA,,
95-94-3,166,166,NA,,
120-82-1,167,167,Insecticide,,
95-63-6,168,168,NA,,
643-79-8,169,169,NA,,
68515-49-1,170,170,NA,,
2634-33-5,171,171,NA,,
95-50-1,172,172,Herbicide,,
83-41-0,173,173,NA,,
99-51-4,174,174,NA,,
528-29-0,175,175,NA,,
122-66-7,176,176,NA,,
95-54-5,181,181,NA,,
57-55-6,182,182,NA,,
108-67-8,184,184,NA,,
108-45-2,185,185,NA,,
121-91-5,186,186,NA,,
107-88-0,187,187,NA,,
77-48-5,188,188,NA,,
96-23-1,189,189,NA,,
118-52-5,190,190,NA,,
149062-75-9,191,191,NA,,
541-73-1,192,192,Insecticide,,
99-62-7,193,193,NA,,
99-65-0,194,194,NA,,
102-06-7,195,195,NA,,
1120-71-4,197,197,NA,,
106-46-7,203,203,Fungicide,,
4904-61-4,208,208,NA,,
851916-42-2,209,209,NA,,
2243-62-1,210,210,NA,,
822-06-0,214,214,NA,,
57-91-0,219,219,NA,,
57-63-6,220,220,Pharmacological,,
68-96-2,221,221,NA,,
10161-33-8,223,223,NA,,
58-18-4,224,224,NA,,
1606-67-3,227,227,PAH_Nitro,,
146011-65-6,228,228,NA,,
15619-48-4,229,229,NA,,
100-00-5,230,230,NA,,
112-30-1,231,231,NA,,
112-53-8,232,232,NA,,
2687-96-9,233,233,NA,,
848641-69-0,234,234,NA,,
349495-42-7,235,235,NA,,
288-88-0,239,239,NA,,
2043-57-4,240,240,NA,,
36653-82-4,242,242,NA,,
90-15-3,246,246,PAH_Hydroxy,,
2433-56-9,247,247,PAH_Hydroxy,,
5315-79-7,248,248,PAH_Hydroxy,,
107-98-2,249,249,NA,,
90-12-0,250,250,PAH_Alkylated,,
86-57-7,251,251,PAH_Nitro,,
5522-43-0,252,252,PAH_Nitro,,
111-87-5,254,254,NA,,
629-76-5,255,255,NA,,
112-72-1,257,257,NA,,
1120-36-1,258,258,NA,,
112-70-9,259,259,NA,,
112-42-5,260,260,NA,,
124378-77-4,262,262,NA,,
NOCAS_48172,263,263,NA,,2-(2-{5-[5-(Azepan-1-ylmethyl)-2-thienyl]-124-oxadiazol-3-yl}ethyl)-1H-isoindole-13(2H)-dione (2E)-but-2-enedioate (1:1)
112-34-5,264,264,NA,,
111-90-0,265,265,NA,,
214535-77-0,266,266,NA,,
89-72-5,267,267,NA,,
112-25-4,268,268,NA,,
126-11-4,269,269,NA,,
21564-17-0,271,271,Fungicide,,
38411-22-2,272,4014,PCB,PCB 136,
52663-68-0,273,4016,PCB,PCB 187,
38379-99-6,274,4013,PCB,PCB 95,
68631-49-2,275,275,Flame Retardant,,
35065-27-1,276,4012,PCB,PCB 153,
60348-60-9,278,278,Flame Retardant,,
5436-43-1,279,279,Flame Retardant,,
79-95-8,280,280,NA,,
3296-90-0,281,281,NA,,
31508-00-6,282,4009,PCB,PCB 118,
1746-01-6,283,283,NA,,
19660-16-3,284,284,NA,,
92-44-4,285,285,PAH_Hydroxy,,
613-06-9,286,286,PAH_Alkylated,,
118-79-6,288,288,Flame Retardant,,
5397-34-2,289,289,NA,,
51-28-5,291,291,NA,,
581-42-0,295,295,NA,,
582-17-2,296,296,PAH_Hydroxy,,
109041-38-5,297,297,PAH_Nitro,,
112-50-5,299,299,NA,,
825643-57-0,300,300,NA,,
219790-72-4,301,301,NA,,
344930-95-6,302,302,NA,,
929-59-9,315,315,NA,,
131-55-5,316,316,NA,,
6846-50-0,317,317,NA,,
2971-36-0,318,318,NA,,
10222-01-2,320,320,NA,,
2416-94-6,322,322,NA,,
2687-25-4,324,324,NA,,
69655-05-6,325,325,NA,,
602-01-7,326,326,NA,,
95-95-4,329,329,Fungicide,,
88-06-2,330,330,Fungicide,,
527-60-6,331,331,NA,,
732-26-3,332,332,NA,,
126-86-3,333,333,NA,,
2772-45-4,335,335,NA,,
120-95-6,336,336,NA,,
95-80-7,337,337,NA,,
120-83-2,338,338,Fungicide,,
94-75-7,339,339,NA,,
105-67-9,340,340,Pharmacological,,
121-14-2,342,342,NA,,
96-76-4,343,343,NA,,
78-63-7,345,345,NA,,
95-87-4,346,346,NA,,
88-58-4,347,347,NA,,
174185-16-1,352,352,NA,,
579-66-8,353,353,NA,,
NOCAS_47330,354,354,NA,,2'6-difluoro-5'-[3-(2-hydroxypropan-2-yl)imidazo[12-b][124]triazin-7-yl]biphenyl-2-carbonitrile
87-62-7,355,355,Industrial,,
576-26-1,356,356,NA,,
606-20-2,357,357,NA,,
128-39-2,358,358,NA,,
23592-74-7,360,360,PAH_Heterocyclic,,
97-56-3,362,362,Industrial,,
117-79-3,363,363,NA,,
90-04-0,364,364,NA,,
193-98-6,365,365,PAH_Heterocyclic,,
101-86-0,366,366,NA,,
NOCAS_48518,367,367,NA,,
598-72-1,369,369,NA,,
96-29-7,370,370,NA,,
111-76-2,371,371,NA,,
532-27-4,373,373,NA,,
107-07-3,374,374,NA,,
742693-38-5,375,375,NA,,
95-57-8,376,376,General Pesticide,,
95-49-8,377,377,NA,,
110-80-5,378,378,NA,,
111-15-9,379,379,NA,,
104-76-7,380,380,NA,,
84-51-5,381,381,PAH_Oxy,,
149-57-5,383,383,NA,,
1241-94-7,384,384,NA,,
183658-27-7,385,385,NA,,
6915-15-7,391,391,NA,,
2443-58-5,392,392,PAH_Hydroxy,,
149-30-4,393,393,NA,,
120-71-8,395,395,NA,,
99-59-2,396,396,NA,,
109-86-4,397,397,NA,,
107-41-5,399,399,NA,,
534-52-1,400,400,Fungicide,,
94-74-6,401,401,NA,,
99-55-8,402,402,NA,,
95-53-4,403,403,NA,,
613-12-7,404,404,PAH_Alkylated,,
4265-25-2,406,406,PAH_Heterocyclic,,
91-57-6,409,409,PAH_Alkylated,,
95-48-7,410,410,Industrial,,
135-19-3,412,412,PAH_Hydroxy,,
91-59-8,413,413,NA,,
3586-69-4,414,414,PAH_Nitro,,
86-00-0,415,415,PAH_Nitro,,
6639-36-7,416,416,PAH_Nitro,,
13177-29-2,417,417,PAH_Nitro,,
607-57-8,418,418,PAH_Nitro,,
581-89-5,419,419,PAH_Nitro,,
789-07-1,420,420,PAH_Nitro,,
88-72-2,421,421,NA,,
122-99-6,424,424,NA,,
90-43-7,425,425,Fungicide,,
96-70-8,428,428,NA,,
121-00-6,429,429,NA,,
88-60-8,430,430,NA,,
88-18-6,431,431,NA,,
134002-60-1,432,432,NA,,
181640-09-5,433,433,NA,,
264618-44-2,434,434,NA,,
686756-87-6,435,435,NA,,
151506-44-4,436,436,NA,,
32598-13-3,439,439,PCB,PCB 77,
79-94-7,441,441,NA,,
79-94-7,442,442,NA,,
111-94-4,443,443,NA,,
95-76-1,444,444,General Pesticide,"3,4-dichloroaniline",
1576-67-6,447,447,PAH_Alkylated,,
NOCAS_0002,448,448,PAH_Nitro,,
402910-27-4,455,455,NA,,
NOCAS_47292,456,456,NA,,
460081-99-6,457,457,NA,,
501027-49-2,458,458,NA,,
67-30-1,464,464,NA,,
647-42-7,465,465,NA,,
2144-53-8,466,466,NA,,
79-94-7,467,467,NA,,
119-90-4,470,470,Industrial,,
20325-40-0,471,471,NA,,
119-93-7,472,472,NA,,
496-72-0,473,473,NA,,
99-54-7,474,474,NA,,
95-65-8,475,475,NA,,
6893-02-3,476,476,NA,,
5392-40-5,481,481,NA,,
826-62-0,487,487,NA,,
30516-87-1,488,488,NA,,
627-18-9,489,489,NA,,
127-51-5,490,490,NA,,
NOCAS_47379,492,492,NA,,
215297-27-1,494,494,NA,,
4834-35-9,500,500,PAH_Hydroxy,,
77508-02-2,501,501,PAH_Hydroxy,,
17798-09-3,502,502,PAH_Hydroxy,,
6344-67-8,503,503,PAH_Hydroxy,,
605-87-8,504,504,PAH_Hydroxy,,
55406-53-6,505,505,NA,,
108-44-1,507,507,NA,,
123-92-2,508,508,NA,,
17117-34-9,511,511,PAH_Nitro,,
2113-58-8,512,512,PAH_Nitro,,
5410-97-9,513,513,PAH_Nitro,,
892-21-7,514,514,PAH_Nitro,,
17024-19-0,515,515,PAH_Nitro,,
99-08-1,516,516,NA,,
4352-88-9,517,517,PAH_Heterocyclic,,
3739-38-6,518,518,NA,,
100-54-9,519,519,NA,,
353280-07-6,520,520,NA,,
230954-09-3,527,527,NA,,
140-66-9,528,528,NA,,
94-82-6,529,529,NA,,
5349-51-9,530,530,NA,,
80-46-6,531,531,NA,,
249296-43-3,532,532,NA,,
99-71-8,533,533,NA,,
1062243-51-9,537,537,NA,,
27955-94-8,554,554,NA,,
553-26-4,556,556,NA,,
838-88-0,557,557,NA,,
101-61-1,558,558,NA,,
101-77-9,559,559,NA,,
101-80-4,560,560,Industrial,,
41481-66-7,561,561,NA,,
584-13-4,574,574,NA,,
60-09-3,576,576,NA,,
150-13-0,577,577,NA,,
54-62-6,578,578,NA,,
63-05-8,579,579,NA,,
298198-52-4,580,580,NA,,
96-48-0,581,581,NA,,
95-83-0,582,582,NA,,
NOCAS_47311,583,583,NA,,
59-50-7,584,584,Fungicide,,
106-47-8,585,585,Herbicide,,
5216-25-1,586,586,NA,,
106-43-4,587,587,NA,,
599-64-4,588,588,NA,,
2433-14-9,589,589,NA,,
92-68-2,590,590,NA,,
5877-42-9,591,591,NA,,
203-64-5,595,595,NA,,
5737-13-3,596,596,PAH_Oxy,,
61479-80-9,597,597,PAH_Heterocyclic,,
1987-50-4,598,598,NA,,
136-77-6,599,599,NA,,
121-33-5,600,600,NA,,
63019-40-9,601,601,PAH_Hydroxy,,
7651-86-7,602,602,PAH_Hydroxy,,
68392-35-8,603,603,NA,,
108-11-2,604,604,NA,,
106-49-0,605,605,NA,,
106-44-5,606,606,Industrial,,
100-01-6,607,607,NA,,
62-23-7,608,608,NA,,
92-93-3,609,609,PAH_Nitro,,
100-02-7,610,610,Fungicide,,
99-99-0,611,611,Industrial,,
104-40-5,614,614,Fungicide,,
84852-15-3,615,615,NA,,
1806-26-4,616,616,NA,,
33228-44-3,617,617,NA,,
42156-92-3,618,618,PAH_Hydroxy,,
98-54-4,619,619,NA,,
106-87-6,620,620,NA,,
521-18-6,622,622,NA,,
NOCAS_48507,625,625,NA,,
NOCAS_48505,626,626,NA,,
NOCAS_48522,627,627,NA,,
1090-13-7,628,628,PAH_Oxy,,
85-02-9,629,629,PAH_Heterocyclic,,
162706-14-1,630,630,NA,,
77-71-4,645,645,NA,,
57-41-0,646,646,NA,,
2835-95-2,653,653,NA,,
26172-55-4,654,654,NA,,
7747-35-5,655,655,NA,,
NOCAS_47366,659,659,NA,,
51-21-8,660,660,NA,,
104-67-6,661,661,NA,,
105624-86-0,662,662,NA,,
200940-23-4,665,665,NA,,
602-87-9,667,667,PAH_Nitro,,
NOCAS_47349,668,668,NA,,
668981-02-0,673,673,NA,,
91227-09-7,674,674,PAH_Heterocyclic,,
676116-04-4,675,675,NA,,
197077-55-7,683,683,NA,,
NOCAS_47338,687,687,NA,,
135080-03-4,688,688,NA,,
3074-00-8,689,689,PAH_Oxy,,
37515-51-8,691,691,PAH_Hydroxy,,
28094-15-7,692,692,NA,,
56-04-2,693,693,NA,,
1705-85-7,694,694,PAH_Alkylated,,
91-62-3,695,695,NA,,
63041-90-7,696,696,PAH_Nitro,,
7496-02-08,697,697,PAH_Nitro,,
51-52-5,699,699,NA,,
154-42-7,700,700,NA,,
57-97-6,702,702,PAH,,
20268-51-3,721,721,PAH_Nitro,,
NOCAS_0003,722,722,NA,,
678-39-7,726,726,NA,,
148-24-3,740,740,NA,,
611-32-5,741,741,PAH_Heterocyclic,,
84-65-1,746,746,PAH_Oxy,,
84-11-7,747,747,PAH_Oxy,,
947-73-9,768,768,PAH_Nitro,,
1210-12-4,769,769,PAH_Nitro,,
723-62-6,770,770,PAH_Hydroxy,,
486-25-9,771,771,PAH_Oxy,,
1689-64-1,774,774,PAH_Hydroxy,,
779-02-2,775,775,PAH_Alkylated,,
602-60-8,776,776,PAH_Nitro,,
954-46-1,777,777,PAH_Nitro,,
484-17-3,778,778,PAH_Hydroxy,,
71751-41-2,944,944,NA,,
6373-11-1,946,946,PAH_Oxy,,
83-32-9,947,947,PAH_Parent,,
82-86-0,948,948,PAH_Oxy,,
208-96-8,949,949,PAH_Parent,,
30560-19-1,950,950,Insecticide,,
60-35-5,951,951,NA,,
103-90-2,952,952,NA,,
135410-20-7,953,953,Insecticide,,
64-19-7,954,954,NA,,
638-38-0,955,955,NA,,
34256-82-1,956,956,Herbicide,,
98-86-2,959,959,NA,,
77-90-7,960,960,NA,,
50-78-2,961,961,NA,,
77-89-4,962,962,NA,,
135158-54-2,963,963,Fungicide,,
50594-66-6,964,964,NA,,
260-94-6,965,965,PAH_Heterocyclic,,
79-06-1,966,966,NA,,
66456-53-9,969,969,NA,,
15972-60-8,997,997,Herbicide,,
116-06-3,998,998,NA,,
1646-75-9,999,999,NA,,
309-00-2,1000,1000,Insecticide,,
584-79-2,1002,1002,Insecticide,,
25956-17-6,1006,1006,NA,,
10016-20-3,1007,1007,NA,,
834-12-8,1010,1010,Herbicide,,
19774-82-4,1013,1013,NA,,
33089-61-1,1014,1014,Insecticide,,
1111-78-0,1015,1015,NA,,
3825-26-1,1016,1016,NA,,
26787-78-0,1017,1017,NA,,
101-05-3,1028,1028,Fungicide,,
191-26-4,1030,1030,PAH_Parent,,
120-12-7,1031,1031,PAH_Parent,,
1143-38-0,1032,1032,NA,,
461023-63-2,1034,1034,NA,,
3337-71-1,1075,1075,NA,,
1912-24-9,1105,1105,Herbicide,,
2465-27-2,1114,1114,NA,,
35575-96-3,1117,1117,Insecticide,,
446-86-6,1118,1118,NA,,
86-50-0,1119,1119,Insecticide,,
103-33-3,1120,1120,Fungicide,,
131860-33-8,1121,1121,Fungicide,,
22781-23-3,1154,1154,Insecticide,,
1861-40-1,1155,1155,Herbicide,,
15310-01-7,1157,1157,Fungicide,,
17804-35-2,1158,1158,NA,,
741-58-2,1159,1159,NA,,
25057-89-0,1160,1160,Herbicide,,
56-55-3,1161,1161,PAH_Parent,,
56-55-3,1162,1162,PAH_Parent,,
2498-66-0,1163,1163,PAH_Oxy,,
98-87-3,1165,1165,NA,,
82-05-3,1166,1166,PAH_Oxy,,
92-87-5,1167,1167,Industrial,,
56-55-3,1171,1171,PAH_Parent,,
238-84-6,1172,1172,NA,,
479-79-8,1173,1173,PAH_Oxy,Benzo[a]fluorenone,
50-32-8,1174,1174,PAH_Parent,,
205-99-2,1175,1175,PAH_Parent,,
243-17-4,1176,1176,PAH_Parent,,
109699-80-1,1177,1177,PAH_Oxy,,
192-97-2,1178,1178,PAH_Parent,,
191-24-2,1179,1179,PAH_Parent,,
205-82-3,1180,1180,PAH_Parent,,
207-08-9,1182,1182,PAH_Parent,,
271-89-6,1183,1183,NA,,
65-85-0,1184,1184,NA,,
119-61-9,1185,1185,PersonalCare,,
98-07-7,1186,1186,NA,,
100-51-6,1187,1187,NA,,
58394-64-2,1188,1188,NA,,
633-65-8,1189,1189,NA,,
253450-09-8,1190,1190,NA,,
319-85-7,1191,1191,Insecticide,,
149877-41-8,1197,1197,NA,,
82657-04-3,1198,1198,Insecticide,,
92-52-4,1199,1199,Fungicide,,
111-44-4,1202,1202,NA,,
122-62-3,1203,1203,NA,,
103-24-2,1204,1204,NA,,
6422-86-2,1205,1205,NA,,
26040-51-7,1206,1206,NA,,
111-96-6,1208,1208,NA,,
56-35-9,1209,1209,NA,,
80-05-7,1211,1211,Industrial,,
5945-33-5,1212,1212,NA,,
1478-61-1,1213,1213,NA,,
1571-75-1,1214,1214,NA,,
77-40-7,1215,1215,NA,,
79-97-0,1216,1216,NA,,
2081-08-5,1217,1217,NA,,
620-92-8,1218,1218,NA,,
2167-51-3,1219,1219,NA,,
24038-68-4,1220,1220,NA,,
80-09-1,1221,1221,NA,,
843-55-0,1222,1222,NA,,
10043-35-3,1236,1236,NA,,
188425-85-6,1237,1237,Fungicide,,
97042-18-7,1240,1240,NA,,
63134-33-8,1241,1241,NA,,
314-40-9,1246,1246,Herbicide,,
1689-84-5,1250,1250,Herbicide,,
52-51-7,1251,1251,NA,,
69327-76-0,1259,1259,Insecticide,,
55-98-1,1261,1261,NA,,
23184-66-9,1262,1262,Herbicide,,
134605-64-4,1263,1263,Herbicide,,
35256-85-0,1264,1264,Herbicide,,
107-92-6,1265,1265,NA,,
33629-47-9,1266,1266,Herbicide,,
136-60-7,1267,1267,NA,,
85-68-7,1268,1268,Industrial,,
2008-41-5,1269,1269,Herbicide,,
104-51-8,1270,1270,NA,,
94-26-8,1271,1271,NA,,
82469-79-2,1272,1272,NA,,
842-07-9,1273,1273,NA,,
91082-17-6,1277,1277,NA,,
58-08-2,1307,1307,Pharmacological,,
123122-55-4,1308,1308,NA,,
105-60-2,1310,1310,NA,,
2425-06-1,1311,1311,Fungicide,,
133-06-2,1312,1312,Fungicide,,
184653-84-7,1313,1313,NA,,
298-46-4,1314,1314,NA,,
63-25-2,1315,1315,Insecticide,,
86-74-8,1316,1316,PAH_Heterocyclic,,
10605-21-7,1317,1317,NA,,
1563-66-2,1318,1318,Insecticide,,
55285-14-8,1321,1321,Insecticide,,
5234-68-4,1322,1322,Fungicide,,
128639-02-1,1323,1323,Herbicide,,
159138-81-5,1324,1324,NA,,
1260-17-9,1325,1325,NA,,
120-80-9,1327,1327,NA,,
169590-42-5,1333,1333,NA,,
133-90-4,1352,1352,NA,,
57-74-9,1353,1353,NA,,
115-28-6,1354,1354,NA,,
54593-83-8,1355,1355,Insecticide,,
1698-60-8,1356,1356,Herbicide,,
510-15-6,1359,1359,General Pesticide,,
2675-77-6,1360,1360,Fungicide,,
1897-45-6,1361,1361,General Pesticide,,
69-09-0,1362,1362,NA,,
101-21-3,1363,1363,Herbicide,,
2921-88-2,1364,1364,Insecticide,,
5598-15-2,1366,1366,NA,,
5598-13-0,1367,1367,Insecticide,,
1861-32-1,1369,1369,Herbicide,,
491-38-3,1370,1370,PAH_Oxy,,
218-01-9,1371,1371,PAH_Parent,,
87818-31-3,1372,1372,NA,,
199171-88-5,1375,1375,NA,,
77-92-9,1378,1378,NA,,
106-22-9,1379,1379,NA,,
4291-63-8,1380,1380,NA,,
105512-06-9,1381,1381,Herbicide,,
74115-24-5,1382,1382,NA,,
637-07-0,1383,1383,NA,,
81777-89-1,1384,1384,Herbicide,,
50-41-9,1385,1385,NA,,
101-10-0,1386,1386,NA,,
1702-17-6,1387,1387,NA,,
57754-85-5,1388,1388,NA,,
120-32-1,1389,1389,NA,,
210880-92-5,1390,1390,NA,,
23593-75-1,1391,1391,NA,,
8000-34-8,1392,1392,NA,,
64-86-8,1430,1430,NA,,
191-07-1,1449,1449,PAH_Parent,,
50-22-6,1450,1450,NA,,
486-56-6,1452,1452,NA,,
56-72-4,1454,1454,Insecticide,,
91-64-5,1455,1455,NA,,
26444-49-5,1457,1457,NA,,
80-15-9,1522,1522,NA,,
420-04-2,1531,1531,NA,,
21725-46-2,1532,1532,Herbicide,,
108-80-5,1534,1534,NA,,
120116-88-3,1535,1535,NA,,
113136-77-9,1536,1536,NA,,
1134-23-2,1537,1537,Herbicide,,
108-93-0,1539,1539,NA,,
108-94-1,1540,1540,NA,,
66-81-9,1541,1541,NA,,
108-91-8,1542,1542,NA,,
712-50-5,1543,1543,NA,,
4449-51-8,1544,1544,NA,,
6055-19-2,1545,1545,NA,,
68359-37-5,1547,1547,Insecticide,,
122008-85-9,1548,1548,Herbicide,,
57966-95-7,1554,1554,Fungicide,,
52315-07-8,1555,1555,Insecticide,,
94361-06-5,1556,1556,NA,,
121552-61-2,1557,1557,Fungicide,,
427-51-0,1558,1558,NA,,
66215-27-8,1559,1559,Insecticide,,
69-74-9,1560,1560,NA,,
95235-30-6,1565,1565,NA,,
191680-83-8,1566,1566,NA,,
486-66-8,1568,1568,NA,,
75-99-0,1569,1569,NA,,
1596-84-5,1570,1570,NA,,
80-08-0,1571,1571,NA,,
139340-56-0,1572,1572,NA,,
533-74-4,1575,1575,Fungicide,,
1163-19-5,1584,1584,NA,,
1163-19-5,1585,1585,NA,,
124-18-5,1587,1587,NA,,
334-48-5,1588,1588,NA,,
1007-28-9,1594,1594,NA,,
52918-63-5,1595,1595,Insecticide,,
2392-39-4,1600,1600,NA,,
50-70-4,1601,1601,NA,,
103-23-1,1602,1602,NA,,
117-81-7,1603,1603,Insecticide,,
27138-31-4,1604,1604,NA,,
123-42-2,1605,1605,NA,,
131-17-9,1606,1606,NA,,
439-14-5,1607,1607,NA,,
333-41-5,1608,1608,Insecticide,,
962-58-3,1609,1609,General Pesticide,,
215-58-7,1610,1610,PAH_Parent,,
53-70-3,1611,1611,PAH_Parent,,
189-64-0,1612,1612,PAH_Parent,,
189-55-9,1613,1613,PAH_Parent,,
191-30-0,1614,1614,PAH_Parent,,
84030-79-5,1615,1615,PAH_Parent,,
191-30-0,1616,1616,PAH_Parent,,
205-97-0,1617,1617,PAH_Parent,,
203-18-9,1618,1618,PAH_Parent,,
132-64-9,1619,1619,PAH_Heterocyclic,,
132-65-0,1620,1620,PAH_Parent,,
3252-43-5,1621,1621,NA,,
109-43-3,1622,1622,NA,,
105-99-7,1623,1623,NA,,
84-74-2,1624,1624,Insecticide,,
1918-00-9,1625,1625,Herbicide,,
1194-65-6,1626,1626,Herbicide,,
79-43-6,1627,1627,NA,,
50-29-3,1629,1629,Insecticide,,
120-36-5,1630,1630,Herbicide,,
62-73-7,1631,1631,Insecticide,,
15307-79-6,1632,1632,NA,,
51338-27-3,1634,1634,Herbicide,,
99-30-9,1635,1635,Fungicide,,
145701-21-9,1636,1636,NA,,
115-32-2,1637,1637,Insecticide,,
141-66-2,1638,1638,Insecticide,,
80-43-3,1639,1639,NA,,
2550-40-5,1640,1640,NA,,
7173-51-5,1641,1641,NA,,
60-57-1,1642,1642,Insecticide,,
111-42-2,1643,1643,NA,,
123-25-1,1644,1644,NA,,
84-66-2,1645,1645,Insecticide,,
64-67-5,1646,1646,NA,,
2781-11-5,1647,1647,NA,,
111-46-6,1648,1648,Industrial,,
120-55-8,1649,1649,NA,,
111-77-3,1650,1650,NA,,
56-53-1,1651,1651,Pharmacological,,
119446-68-3,1652,1652,Fungicide,,
43222-48-6,1653,1653,NA,,
84-75-3,1654,1654,Industrial,,
141-04-8,1655,1655,NA,,
84-69-5,1656,1656,Industrial,,
27178-16-1,1657,1657,NA,,
166412-78-8,1658,1658,NA,,
1445-75-6,1659,1659,NA,,
87674-68-8,1662,1662,Herbicide,,
55290-64-7,1663,1663,General Pesticide,,
60-51-5,1664,1664,Insecticide,,
110488-70-5,1665,1665,Fungicide,,
828-00-2,1666,1666,NA,,
627-93-0,1667,1667,NA,,
1119-40-0,1669,1669,NA,,
868-85-9,1670,1670,NA,,
108-59-8,1671,1671,NA,,
756-79-6,1672,1672,NA,,
20120-33-6,1673,1673,NA,,
131-11-3,1674,1674,Insecticide,,
106-65-0,1675,1675,NA,,
77-78-1,1676,1676,NA,,
120-61-6,1677,1677,NA,,
108-01-0,1678,1678,NA,,
75-60-5,1679,1679,NA,,
79-44-7,1680,1680,NA,,
83657-24-3,1684,1684,Fungicide,,
88-85-7,1685,1685,Fungicide,,
117-84-0,1686,1686,Industrial,,
2432-87-3,1687,1687,NA,,
131-18-0,1688,1688,Industrial,,
147-24-0,1689,1689,NA,,
744-45-6,1690,1690,NA,,
122-39-4,1692,1692,Fungicide,,
136-45-8,1693,1693,Insecticide,,
25265-71-8,1694,1694,NA,,
6385-62-2,1695,1695,NA,,
331623-06-4,1697,1697,NA,,
97-77-8,1698,1698,NA,,
298-04-4,1699,1699,Insecticide,,
110-05-4,1700,1700,NA,,
97886-45-8,1702,1702,Herbicide,,
330-54-1,1703,1703,Herbicide,,
69-65-8,1704,1704,NA,,
577-11-7,1706,1706,NA,,
123-01-3,1707,1707,NA,,
27323-41-7,1708,1708,NA,,
27176-87-0,1709,1709,NA,,
112-00-5,1710,1710,NA,,
361343-19-3,1756,1756,NA,,
155569-91-8,1757,1757,NA,,
115-29-7,1762,1762,NA,,
145-73-3,1763,1763,NA,,
72-20-8,1764,1764,Fungicide,,
114-07-8,1768,1768,NA,,
66230-04-4,1769,1769,Insecticide,,
50-28-2,1770,1770,Pharmacological,,
53-16-7,1771,1771,NA,,
55283-68-6,1773,1773,Herbicide,,
141-43-5,1776,1776,NA,,
16672-87-0,1777,1777,NA,,
563-12-2,1778,1778,Insecticide,,
26225-79-6,1779,1779,Herbicide,,
13194-48-4,1780,1780,Insecticide,,
91-53-2,1781,1781,Fungicide,,
NOCAS_47362,1782,1782,NA,,
929601-09-2,1783,1783,NA,,
NOCAS_47389,1784,1784,NA,,
105-54-4,1786,1786,NA,,
106-30-9,1787,1787,NA,,
107-21-1,1789,1789,NA,,
96-45-7,1790,1790,Fungicide,,
120-47-8,1791,1791,NA,,
80844-07-1,1792,1792,Insecticide,,
153233-91-1,1794,1794,General Pesticide,,
2593-15-9,1795,1795,Fungicide,,
97-53-0,1796,1796,Insecticide,,
129299-90-7,1799,1799,NA,,
131807-57-3,1804,1804,Fungicide,,
221246-12-4,1805,1805,NA,,
196808-45-4,1806,1806,NA,,
3844-45-9,1807,1807,NA,,
1934-21-0,1808,1808,NA,,
2783-94-0,1809,1809,NA,,
161326-34-7,1815,1815,Fungicide,,
140-56-7,1816,1816,NA,,
22224-92-6,1817,1817,Insecticide,,
60168-88-9,1818,1818,Fungicide,,
114369-43-6,1819,1819,NA,,
126833-17-8,1820,1820,Fungicide,,
122-14-5,1821,1821,Insecticide,,
49562-28-9,1822,1822,NA,,
66441-23-4,1823,1823,Herbicide,,
72490-01-8,1824,1824,NA,,
39515-41-8,1825,1825,NA,,
111812-58-9,1826,1826,NA,,
55-38-9,1827,1827,Insecticide,,
120068-37-3,1829,1829,Insecticide,,
860302-33-6,1830,1830,NA,,
69806-50-4,1842,1842,NA,,
79241-46-6,1843,1843,Herbicide,,
79622-59-6,1844,1844,Fungicide,,
86386-73-4,1845,1845,NA,,
131341-86-1,1846,1846,Fungicide,,
142459-58-3,1847,1847,Herbicide,,
188489-07-8,1848,1848,NA,,
62924-70-3,1849,1849,Herbicide,,
98967-40-9,1850,1850,NA,,
87546-18-7,1851,1851,Herbicide,,
103361-09-7,1852,1852,Herbicide,,
2164-17-2,1853,1853,Herbicide,,
206-44-0,1854,1854,PAH_Parent,,
86-73-7,1855,1855,PAH_Parent,,
361377-29-9,1856,1856,Fungicide,,
59756-60-4,1857,1857,Herbicide,,
69377-81-7,1858,1858,NA,,
81406-37-3,1859,1859,Herbicide,,
85509-19-9,1860,1860,Fungicide,,
13311-84-7,1861,1861,NA,,
117337-19-6,1862,1862,Herbicide,,
66332-96-5,1863,1863,Fungicide,,
59-30-3,1866,1866,NA,,
133-07-3,1867,1867,Fungicide,,
72178-02-0,1868,1868,NA,,
68157-60-8,1869,1869,NA,,
75-12-7,1870,1870,NA,,
23422-53-9,1871,1871,NA,,
98886-44-3,1872,1872,Insecticide,,
330198-91-9,1887,1887,NA,,
129453-61-8,1888,1888,NA,,
98-01-1,1890,1890,NA,,
78-40-0,1891,1891,Insecticide,,
1222-05-5,1896,4003,"Personal Care, Industrial",galaxolide,
446-72-0,1898,1898,NA,,
548-62-9,1899,1899,NA,,
106-24-1,1900,1900,NA,,
105-87-3,1901,1901,NA,,
111-30-8,1906,1906,NA,,
56-81-5,1909,1909,NA,,
556-52-5,1912,1912,NA,,
52-86-8,1920,1920,NA,,
76-44-8,1925,1925,Fungicide,,
1024-57-3,1926,1926,Insecticide,,
111-14-8,1928,1928,NA,,
77-47-4,1929,1929,NA,,
70-30-4,1930,1930,Fungicide,,
79983-71-4,1931,1931,Fungicide,,
544-76-3,1932,1932,NA,,
86479-06-3,1933,1933,NA,,
22915-73-7,1935,1935,NA,,
111-69-3,1936,1936,NA,,
124-04-9,1937,1937,NA,,
33703-08-1,1938,1938,NA,,
142-62-1,1939,1939,NA,,
51235-04-2,1940,1940,Herbicide,,
78587-05-0,1943,1943,NA,,
58-93-5,1944,1944,NA,,
123-31-9,1945,1945,NA,,
52806-53-8,1946,1946,NA,,
127-07-1,1947,1947,NA,,
119515-38-7,1951,1951,NA,,
473289-62-2,1952,1952,NA,,
35554-44-0,1953,1953,Fungicide,,
114311-32-9,1954,1954,NA,,
104098-48-8,1955,1955,NA,,
81334-34-1,1956,1956,NA,,
81335-37-7,1957,1957,NA,,
81335-77-5,1958,1958,NA,,
138261-41-3,1961,1961,NA,,
193-39-5,1965,1965,PAH_Parent,,
1303-11-3,1966,1966,NA,,
120-72-9,1967,1967,PAH_Heterocyclic,,
53-86-1,1968,1968,NA,,
173584-44-6,1969,1969,NA,,
186392-65-4,1970,1970,NA,,
144550-36-7,1974,1974,NA,,
36734-19-7,1975,1975,Fungicide,,
42509-80-8,1978,1978,Fungicide,,
29761-21-5,1980,1980,NA,,
97-54-1,1981,1981,NA,,
54-85-3,1982,1982,NA,,
29590-42-9,1983,1983,NA,,
123-51-3,1984,1984,NA,,
106-27-4,1985,1985,NA,,
78-59-1,1986,1986,NA,,
4098-71-9,1987,1987,NA,,
33820-53-0,1991,1991,Herbicide,,
68937-41-7,1992,1992,NA,,
51-30-9,1994,1994,NA,,
82558-50-7,1995,1995,Herbicide,,
141112-29-0,1996,1996,Herbicide,,
143-50-0,2058,2058,Fungicide,,
65277-42-1,2059,2059,NA,,
77501-63-4,2064,2064,Herbicide,,
50-81-7,2067,2067,NA,,
6080-56-4,2076,2076,NA,,
58-89-9,2090,2090,Fungicide,,
330-55-2,2091,2091,Herbicide,,
75330-75-5,2096,2096,NA,,
87-69-4,2097,2097,NA,,
73-22-3,2098,2098,NA,,
1634-78-2,2103,2103,Insecticide,,
121-75-5,2104,2104,Insecticide,,
123-33-1,2105,2105,NA,,
118-71-8,2106,2106,NA,,
8018-01-7,2108,2108,NA,,
12427-38-2,2109,2109,NA,,
12108-13-3,2110,2110,NA,,
110235-47-7,2122,2122,Fungicide,,
24307-26-4,2123,2123,NA,,
7487-94-7,2124,2124,NA,,
84-16-2,2128,2128,Pharmacological,,
104206-82-8,2129,2129,NA,,
57837-19-1,2130,2130,Fungicide,,
6734-80-1,2131,2131,NA,,
79-39-0,2132,2132,NA,,
1095-90-5,2134,2134,NA,,
10265-92-6,2135,2135,Insecticide,,
100-97-0,2137,2137,NA,,
950-37-8,2138,2138,Insecticide,,
60-56-0,2139,2139,NA,,
16752-77-5,2140,2140,Insecticide,,
59-05-2,2141,2141,NA,,
72-43-5,2142,2142,Insecticide,,
161050-58-4,2143,2143,NA,,
134-20-3,2144,2144,NA,,
111-82-0,2149,2149,NA,,
556-61-6,2150,2150,NA,,
115-09-3,2151,2151,NA,,
66-27-3,2152,2152,NA,,
111-11-5,2153,2153,NA,,
298-00-0,2154,2154,Fungicide,,
119-36-8,2155,2155,NA,,
41372-08-1,2156,2156,NA,,
6317-18-6,2157,2157,NA,,
93-15-2,2159,2159,NA,,
99-76-3,2160,2160,NA,,
51218-45-2,2161,2161,Herbicide,,
21087-64-9,2162,2162,Herbicide,,
7786-34-7,2163,2163,Insecticide,,
113-48-4,2164,2164,NA,,
90-94-8,2165,2165,NA,,
84371-65-3,2178,2178,NA,,
NOCAS_34742,2179,2179,NA,,
2385-85-5,2180,2180,Insecticide,,
2212-67-1,2182,2182,Herbicide,,
4376-20-9,2185,2185,NA,,
2528-16-7,2186,2186,NA,,
131-70-4,2187,2187,NA,,
6923-22-4,2188,2188,Insecticide,,
4376-18-5,2189,2189,NA,,
150-68-5,2191,2191,NA,,
36913-39-0,2192,2192,NA,,
88671-89-0,2240,2240,Fungicide,,
123-35-3,2241,2241,NA,,
210826-40-7,2242,2242,NA,,
1068967-96-3,2243,2243,NA,,
85532-75-8,2244,2244,NA,,
155990-20-8,2245,2245,NA,,
313994-79-5,2246,2246,NA,,
527680-56-4,2247,2247,NA,,
478149-53-0,2248,2248,NA,,
NOCAS_47291,2249,2249,NA,,
NOCAS_47248,2250,2250,NA,,
NOCAS_47364,2251,2251,NA,,
NOCAS_47387,2252,2252,NA,,
3855-32-1,2253,2253,NA,,
NOCAS_48176,2254,2254,NA,,
NOCAS_47374,2255,2255,NA,,
NOCAS_47265,2256,2256,NA,,
194098-25-4,2257,2257,NA,,
NOCAS_47334,2258,2258,NA,,
864283-48-7,2259,2259,NA,,
300-76-5,2269,2269,Insecticide,,
NOCAS_47351,2270,2270,NA,,
91-20-3,2323,2323,PAH_Parent,,
111189-32-3,2324,2324,PAH_Parent,,
206-06-4,2325,2325,PAH_Parent,,
193-09-9,2326,2326,PAH_Parent,,
205-83-4,2327,2327,PAH_Parent,,
207-18-1,2328,2328,PAH_Parent,,
15299-99-7,2329,2329,Herbicide,,
220860-50-4,2330,2330,NA,,
439687-69-1,2345,2345,NA,,
4151-50-2,2347,2347,NA,,
102-27-2,2352,2352,NA,,
263553-33-9,2353,2353,NA,,
103-69-5,2354,2354,NA,,
110-54-3,2358,2358,NA,,
50-65-7,2359,2359,NA,,
54-11-5,2360,2360,Insecticide,,
59-67-6,2361,2361,NA,,
63612-50-0,2362,2362,NA,,
1929-82-4,2367,2367,Fungicide,,
139-13-9,2369,2369,NA,,
98-95-3,2371,2371,NA,,
1836-75-5,2372,2372,Herbicide,,
67-20-9,2373,2373,NA,,
59-87-0,2374,2374,NA,,
872-50-4,2401,2401,NA,,
79-16-3,2403,2403,NA,,
4455-26-9,2404,2404,NA,,
99-97-8,2405,2405,NA,,
134-62-3,2406,2406,Insecticide,,
91-66-7,2407,2407,NA,,
100-37-8,2408,2408,NA,,
121-69-7,2409,2409,NA,,
2605-79-0,2410,2410,NA,,
68-12-2,2411,2411,NA,,
7378-99-6,2412,2412,NA,,
924-16-3,2413,2413,NA,,
55-18-5,2414,2414,NA,,
62-75-9,2415,2415,NA,,
86-30-6,2416,2416,NA,,
621-64-7,2417,2417,NA,,
110-26-9,2419,2419,NA,,
102-60-3,2420,2420,NA,,
3033-77-0,2421,2421,NA,,
112-05-0,2429,2429,NA,,
68-22-4,2432,2432,NA,,
27314-13-2,2433,2433,Herbicide,,
797-63-7,2434,2434,NA,,
116714-46-6,2435,2435,NA,,
101-54-2,2465,2465,NA,,
88-12-0,2467,2467,NA,,
1843-05-6,2475,2475,NA,,
57-11-4,2476,2476,NA,,
556-67-2,2477,2477,NA,,
124-13-0,2478,2478,NA,,
124-07-2,2479,2479,NA,,
26530-20-1,2480,2480,NA,,
3147-75-9,2483,2483,NA,,
1034-01-1,2484,2484,NA,,
2104-64-5,2485,2485,Insecticide,,
789-02-6,2490,2490,Insecticide,,
19044-88-3,2491,2491,Herbicide,,
19666-30-9,2495,2495,Herbicide,,
23135-22-0,2496,2496,Insecticide,,
42874-03-3,2498,2498,Herbicide,,
6153-64-6,2505,2505,NA,,
2058-46-0,2506,2506,NA,,
76738-62-0,2507,2507,Herbicide,,
NOCAS_0007,2509,2509,NA,,
56-38-2,2532,2532,Insecticide,,
101-55-3,2554,2554,Flame Retardant,,
99-87-6,2558,2558,NA,,
40487-42-1,2568,2568,Herbicide,,
219714-96-2,2569,2569,NA,,
82-68-8,2572,2572,Fungicide,,
87-86-5,2573,2573,Fungicide,,
2176-62-7,2574,2574,NA,,
629-62-9,2575,2575,NA,,
115-77-5,2576,2576,NA,,
140-64-7,2577,2577,NA,,
110-62-3,2578,2578,NA,,
6624-73-3,2579,2579,NA,,
628-63-7,2580,2580,NA,,
29420-49-3,2582,2582,NA,,
335-76-2,2585,2585,NA,,
375-85-9,2587,2587,NA,,
3871-99-6,2588,2588,NA,,
307-24-4,2589,2589,NA,,
375-95-1,2590,2590,NA,,
2795-39-3,2592,2592,NA,,
1763-23-1,2593,2593,NA,,
754-91-6,2594,2594,NA,,
335-67-1,2596,2596,NA,,
2058-94-8,2600,2600,NA,,
548-39-0,2601,2601,PAH_Oxy,,
52645-53-1,2602,2602,Insecticide,,
94-18-8,2623,2623,NA,,
85-01-8,2635,2635,PAH_Parent,,
50-06-6,2636,2636,NA,,
57-30-7,2637,2637,NA,,
108-95-2,2638,2638,Pharmacological,,
68937-41-7,2640,2640,NA,,
77-09-8,2641,2641,NA,,
81-90-3,2642,2642,NA,,
92-84-2,2643,2643,Fungicide,,
62-38-4,2644,2644,NA,,
298-02-2,2645,2645,Insecticide,,
2310-17-0,2647,2647,Insecticide,,
126-73-8,2649,2649,Flame Retardant,,
732-11-6,2650,2650,Insecticide,,
78-51-3,2651,2651,Flame Retardant,,
1918-02-1,2652,2652,NA,,
117428-22-5,2653,2653,Fungicide,,
112529-15-4,2655,2655,NA,,
110-85-0,2656,2656,NA,,
51-03-6,2657,2657,Insecticide,,
625114-41-2,2658,2658,NA,,
23103-98-2,2659,2659,Insecticide,,
29232-93-7,2660,2660,Insecticide,,
50892-23-4,2661,2661,NA,,
NOCAS_47328,2683,2683,NA,,
29420-49-3,2684,2684,NA,,
3871-99-6,2685,2685,NA,,
2795-39-3,2686,2686,NA,,
72-54-8,2687,2687,Insecticide,,
72-55-9,2688,2688,Insecticide,,
50-29-3,2689,2689,Insecticide,,
2050-47-7,2690,4004,Flame Retardant,p-p-dibromodiphenyl ether,
23031-36-9,2691,2691,Insecticide,,
81131-70-6,2694,2694,NA,,
53-03-2,2701,2701,NA,,
67747-09-5,2702,2702,Fungicide,,
32809-16-8,2703,2703,Fungicide,,
29091-21-2,2704,2704,Herbicide,,
41198-08-7,2705,2705,Insecticide,,
57-83-0,2706,2706,NA,,
1610-18-0,2707,2707,Herbicide,,
7287-19-6,2708,2708,Herbicide,,
25606-41-1,2709,2709,NA,,
261947-38-0,2710,2710,NA,,
709-98-8,2711,2711,Herbicide,,
34590-94-8,2712,2712,NA,,
2312-35-8,2715,2715,General Pesticide,,
139-40-2,2716,2716,Herbicide,,
31218-83-4,2717,2717,Insecticide,,
60207-90-1,2718,2718,Fungicide,,
114-26-1,2720,2720,Insecticide,,
181274-15-7,2721,2721,NA,,
121-79-9,2723,2723,NA,,
103-65-1,2724,2724,NA,,
94-13-3,2726,2726,NA,,
23950-58-5,2727,2727,Herbicide,,
123312-89-0,2735,2735,NA,,
175013-18-0,2736,2736,NA,,
129630-19-9,2737,2737,Herbicide,,
129-00-0,2739,2739,PAH_Parent,,
6217-22-7,2740,2740,PAH_Oxy,,
96489-71-3,2741,2741,Insecticide,,
65-23-6,2742,2742,NA,,
58-14-0,2743,2743,NA,,
53112-28-0,2744,2744,Fungicide,,
95737-68-1,2746,2746,Insecticide,,
123343-16-8,2747,2747,NA,,
117-39-5,2749,2749,NA,,
84087-01-4,2750,2750,NA,,
91-22-5,2751,2751,PAH_Heterocyclic,,
124495-18-7,2752,2752,Fungicide,,
76578-14-8,2753,2753,Herbicide,,
82640-04-8,2764,2764,NA,,
50-55-5,2770,2770,NA,,
10453-86-8,2771,2771,Insecticide,,
108-46-3,2772,2772,NA,,
483-65-8,2774,2774,PAH_Alkylated,,
302-79-4,2778,2778,NA,,
68-26-8,2779,2779,NA,,
13292-46-1,2780,2780,NA,,
83-79-4,2813,2813,Insecticide,,
82385-42-0,2821,2821,NA,,
94-59-7,2827,2827,NA,,
28434-00-6,2834,2834,Insecticide,,
74051-80-2,2838,2838,NA,,
759-94-4,2839,2839,Herbicide,,
7631-86-9,2844,2844,NA,,
122-34-9,2849,2849,Herbicide,,
79902-63-9,2850,2850,NA,,
NOCAS_48516,2865,2865,NA,,
NOCAS_48514,2866,2866,NA,,
3811-73-2,2867,2867,NA,,
478263-98-8,2868,2868,NA,,
NOCAS_47255,2869,2869,NA,,
NOCAS_47383,2870,2870,NA,,
1061517-62-1,2871,2871,NA,,
824-78-2,2872,2872,NA,,
104795-68-8,2873,2873,NA,,
136042-19-8,2874,2874,NA,,
26628-22-8,2876,2876,NA,,
532-32-1,2877,2877,NA,,
7758-19-2,2878,2878,NA,,
4418-26-2,2879,2879,NA,,
128-04-1,2880,2880,NA,,
151-21-3,2881,2881,NA,,
25155-30-0,2882,2882,NA,,
6381-77-7,2883,2883,NA,,
1120-01-0,2884,2884,NA,,
134-03-2,2885,2885,NA,,
7632-00-0,2886,2886,NA,,
1191-50-0,2887,2887,NA,,
650-51-1,2888,2888,NA,,
1300-72-7,2889,2889,NA,,
110-44-1,2893,2893,NA,,
1338-43-8,2894,2894,NA,,
148477-71-8,2895,2895,Insecticide,,
52-01-7,2896,2896,NA,,
118134-30-8,2897,2897,Fungicide,,
3056-17-5,2900,2900,NA,,
96-09-3,2908,2908,NA,,
57-50-1,2909,2909,NA,,
126-14-7,2910,2910,NA,,
599-79-1,2911,2911,NA,,
122836-35-5,2912,2912,Herbicide,,
4151-50-2,2913,2913,NA,,
NOCAS_0008,2915,2915,NA,,
288104-79-0,2923,2923,NA,,
87-90-1,2924,2924,NA,,
10540-29-1,2959,2959,Pharmacological,,
54965-24-1,2960,2960,NA,,
1401-55-4,2961,2961,NA,,
107534-96-3,2973,2973,Fungicide,,
112410-23-8,2974,2974,NA,,
119168-77-3,2975,2975,Insecticide,,
96182-53-5,2976,2976,Insecticide,,
34014-18-1,2977,2977,Herbicide,,
79538-32-2,2978,2978,Insecticide,,
149979-41-9,2982,2982,NA,,
5902-51-2,2983,2983,Herbicide,,
13071-79-9,2984,2984,Insecticide,,
5915-41-3,2985,2985,Herbicide,,
614-45-9,2987,2987,NA,,
98-06-6,2988,2988,NA,,
1948-33-0,2989,2989,NA,,
56803-37-3,2990,2990,NA,,
57-85-2,2992,2992,NA,,
4162-45-2,2994,2994,NA,,
632-79-1,2997,2997,NA,,
117-08-8,2999,2999,NA,,
112281-77-3,3000,3000,Fungicide,,
60-54-8,3001,3001,NA,,
97-77-8,3002,3002,NA,,
124-64-1,3004,3004,NA,,
55566-30-8,3005,3005,NA,,
7696-12-0,3006,3006,Insecticide,,
50-35-1,3007,3007,NA,,
83-67-0,3008,3008,Pharmacological,,
58-55-9,3009,3009,NA,,
148-79-8,3012,3012,Fungicide,,
111988-49-9,3013,3013,NA,,
153719-23-4,3014,3014,NA,,
95-15-8,3015,3015,PAH_Heterocyclic,,
117718-60-2,3016,3016,Herbicide,,
51707-55-2,3017,3017,NA,,
28249-77-6,3018,3018,Herbicide,,
59669-26-0,3019,3019,NA,,
23564-05-8,3020,3020,NA,,
137-26-8,3022,3022,NA,,
89-83-8,3023,3023,Pharmacological,,
51-24-1,3041,3041,NA,,
36673-16-2,3045,3045,NA,,
5613-46-7,3052,3052,NA,,
129298-91-5,3054,3054,NA,,
1156-19-0,3055,3055,NA,,
108-88-3,3056,3056,NA,,
584-84-9,3058,3058,NA,,
87820-88-0,3090,3090,NA,,
572-41-8,3091,3091,PAH_Hydroxy,,
302-79-4,3092,3092,NA,,
189003-92-7,3093,3093,NA,,
68937-41-7,3094,3094,NA,,
102-76-1,3096,3096,NA,,
43121-43-3,3097,3097,Fungicide,,
55219-65-3,3098,3098,Fungicide,,
2303-17-5,3099,3099,Herbicide,,
124-94-7,3100,3100,NA,,
78-48-8,3101,3101,Herbicide,,
126-73-8,3102,3102,Flame Retardant,,
102-82-9,3103,3103,NA,,
1461-22-9,3104,3104,NA,,
2155-70-6,3106,3106,NA,,
52-68-6,3107,3107,Insecticide,,
76-03-9,3108,3108,NA,,
101-20-2,3110,3110,NA,,
55335-06-3,3111,3111,NA,,
3380-34-5,3112,3112,Pharmacological,,
1330-78-5,3114,3114,NA,,
24602-86-6,3116,3116,Fungicide,,
102-71-6,3117,3117,NA,,
2943-75-1,3118,3118,NA,,
77-93-0,3119,3119,NA,,
78-40-0,3120,3120,Insecticide,,
112-27-6,3121,3121,NA,,
94-28-0,3122,3122,NA,,
111-21-7,3123,3123,NA,,
112-49-2,3124,3124,NA,,
141517-21-7,3125,3125,Fungicide,,
199119-58-9,3126,3126,NA,,
68694-11-1,3127,3127,Fungicide,,
1582-09-8,3128,3128,Herbicide,,
2451-62-9,3129,3129,NA,,
126-71-6,3130,3130,NA,,
53894-23-8,3131,3131,NA,,
512-56-1,3133,3133,NA,,
563-04-2,3135,3135,"Flame Retardant,",,
78-30-8,3136,3136,Flame Retardant,,
89-04-3,3137,3137,NA,,
115-86-6,3138,3138,Flame Retardant,,
101-02-0,3139,3139,NA,,
217-59-4,3140,3140,PAH_Parent,,
76-87-9,3141,3141,NA,,
25498-49-1,3142,3142,NA,,
13674-87-8,3143,3143,NA,,
13674-87-8,3144,3144,NA,,
13674-84-5,3145,3145,NA,,
78-51-3,3146,3146,Flame Retardant,,
13674-84-5,3147,3147,NA,,
78-42-2,3148,3148,Flame Retardant,,
126-72-7,3149,3149,NA,,
78-51-3,3150,3150,Flame Retardant,,
115-96-8,3151,3151,Flame Retardant,,
140-08-9,3152,3152,NA,,
6145-73-9,3153,3153,NA,,
78-42-2,3154,3154,Flame Retardant,,
3319-31-1,3155,3155,NA,,
131983-72-7,3158,3158,Fungicide,,
97322-87-7,3160,3160,NA,,
25155-23-1,3164,3164,NA,,
1120-21-4,3165,3165,NA,,
57-13-6,3168,3168,NA,,
51-79-6,3169,3169,NA,,
2001-95-8,3189,3189,NA,,
99-66-1,3190,3190,NA,,
1069-66-5,3191,3191,NA,,
1929-77-7,3193,3193,Herbicide,,
50471-44-8,3194,3194,Fungicide,,
139290-65-6,3201,3201,NA,,
81-81-2,3249,3249,NA,,
92-83-1,3272,3272,PAH_Heterocyclic,,
90-47-1,3273,3273,PAH_Oxy,,
127308-82-1,3277,3277,NA,,
112733-06-9,3281,3281,NA,,
137-30-4,3290,3290,NA,,
156052-68-5,3299,3299,Fungicide,,
57465-28-8,3316,3316,PCB,Pentachlorobiphenyl 126,
32774-16-6,3337,3337,PCB,PCB 169,
NOCAS_0004,3411,3411,NA,,
NOCAS_0005,3412,3412,NA,,
NOCAS_0001,3413,3413,NA,,
7631-86-9,3419,3419,NA,,
781-43-1,3689,3689,NA,,
939-27-5,3690,3690,NA,,
205-12-9,3756,3756,NA,Benzo[c]fluorene,
77392-71-3,3757,3757,NA,,
5385-75-1,3758,3758,NA,,
27208-37-3,3759,3759,NA,,
2531-84-2,3760,3760,NA,,
192-51-8,3761,3761,NA,Dibenzo[e-l]pyrene,
832-69-9,3762,3762,NA,1-Methylphenanthrene,
2381-21-7,3859,3859,NA,1-methylpyrene,
3697-24-3,3862,3862,NA,5-methylchrysene,
196-42-9,3898,3898,NA,"naphtho[2,3-a]pyrene",
113096-99-4,NA,10001,Insecticide,,
119611-00-6,NA,10002,Fungicide,,
207122-15-4,NA,10003,Flame Retardant,,
207122-16-5,NA,10004,NA,,
207122-16-5 ,NA,10013,Flame Retardant,,
213-46-7,NA,10011,NA,,
2237-14-1,NA,10005,PAH_Oxy,,
28804-88-8,NA,10006,PAH_Alkylated,,
5385-22-8,NA,10007,PAH_Parent,,
59919-41-4,NA,10012,NA,,
62-53-3,NA,10008,Industrial,,
64257-84-7,NA,10009,Insecticide,,
79127-80-3,NA,10010,Insecticide,,
