chemical.id,plate.id,well,chemical_plate_well,conc,t1,t2,t3,t4,t5,t6,t7,t8,t9,t10,t11,t12,t13,t14,t15,t16,t17,t18,t19,t20,t21,t22,t23,t24,t25,t26,t27,t28,t29,t30,t31,t32,t33,t34,t35,t36,t37,t38,t39,t40,t41,t42,t43,t44,t45,t46,t47,t48,t49
53,9289,A01,53_9289_A01,50.0,1.5,0.0,0.0,0.0,0.0,0.0,0.294117647058824,43.29411764705879,0.0,34.823529411764696,51.6470588235294,0.0,0.0,12.588235294117599,41.125,0.0,0.0,0.0,0.0,37.0,5.9375,0.0,30.8235294117647,19.4705882352941,0.0,0.0,0.0,0.0,38.7647058823529,2.05882352941176,0.0,1.29411764705882,55.6470588235294,115.1875,54.23529411764711,5.52941176470588,0.0,0.0,0.0,0.0,0.0,0.0,0.0625,0.0,0.0,0.0,0.0,0.0,0.0
53,9289,A02,53_9289_A02,35.6,0.0,25.8235294117647,6.1875,0.0,0.0,0.0,0.0,41.8235294117647,4.25,0.0,17.6470588235294,16.6875,0.0,69.1176470588235,0.0,0.0,0.0,0.0,13.764705882352901,30.529411764705895,23.0,0.0,0.0,0.0,29.6875,4.29411764705882,0.0,0.0,0.0,0.0,0.0,0.0,0.0,44.8125,7.47058823529412,0.0,0.0,0.0,0.0,0.0,0.0,0.0,0.0,0.0,0.0,0.0,0.0,0.0,0.0
53,9289,A03,53_9289_A03,11.2,0.0,0.0,0.0,0.0588235294117647,37.0588235294118,0.6875,0.0,26.588235294117602,16.4375,0.0,0.0,46.8125,0.0588235294117647,0.0,0.0,26.1176470588235,7.76470588235294,0.0,40.0,10.9411764705882,0.0625,48.82352941176471,0.0,34.941176470588196,0.1875,0.0,0.0,26.625,2.7058823529411806,0.0,0.0,0.0,40.5294117647059,44.5625,0.0,0.0,0.0,0.0,0.0,0.0,0.0,0.0,0.0,0.0,0.0,0.0625,0.0,0.0,0.0
53,9289,A04,53_9289_A04,5.0,0.0,0.0,61.8125,0.0588235294117647,0.0588235294117647,0.0,24.647058823529395,13.882352941176501,79.8125,2.76470588235294,0.0,0.0625,60.76470588235289,44.94117647058821,39.6875,0.0,0.0,22.5,37.2352941176471,0.0,0.0,78.5882352941177,1.05882352941176,24.8823529411765,35.3125,0.0,0.0,45.1875,34.5294117647059,0.0,62.125,0.529411764705882,0.0,49.5625,29.529411764705895,0.0588235294117647,0.0,0.0,0.0,0.0,0.0,0.0,0.0,0.0,0.0,0.0,0.0,0.0,0.0
53,9289,A05,53_9289_A05,1.0,0.0,5.47058823529412,34.4375,36.9411764705882,0.0588235294117647,0.0,0.0,37.0,33.25,14.294117647058801,0.0,2.5,40.4705882352941,0.0,50.1875,28.058823529411804,0.11764705882352902,0.0,47.23529411764711,0.0,25.25,11.176470588235302,44.82352941176471,8.352941176470589,0.0,29.8235294117647,0.0588235294117647,53.125,0.0,13.9411764705882,24.1875,0.0,0.0,54.1875,23.0,15.0588235294118,0.0,0.0,0.0,0.0,0.0,0.0,0.0,0.0588235294117647,0.0,0.0,0.0,0.0,0.0
53,9289,A06,53_9289_A06,0.0,0.0,0.0,0.0,0.0,0.0,0.0,0.0,0.0,0.0,0.0,0.0,0.0625,0.0,0.0,0.0,0.0,0.0,0.0,0.0,0.0,0.0625,0.0,0.0,0.0,0.0625,0.0,0.0,0.0,0.0,0.0,0.0,0.0,0.0,0.0,0.0588235294117647,0.0,0.0,0.0,0.0,0.0,0.0,0.0,0.0625,0.0,0.0,0.0,0.0,0.0,0.0
53,9289,A07,53_9289_A07,50.0,0.0,45.05882352941179,0.0,0.0,28.7058823529412,15.0625,0.0,0.0,39.9375,2.7058823529411806,0.0,48.1875,0.0,0.0,36.8125,10.294117647058801,0.0,51.75,0.0588235294117647,0.0,48.6875,0.823529411764706,0.0,26.2941176470588,22.9375,0.0,0.0,68.6875,0.0588235294117647,35.7647058823529,0.0,0.0588235294117647,17.6470588235294,123.375,51.29411764705879,13.764705882352901,0.0,0.0,0.0,0.0625,0.0,0.0,0.0,0.0,0.0,0.0,0.0,0.0,0.0
53,9289,A08,53_9289_A08,35.6,0.0,0.0,0.0625,34.823529411764696,0.0,0.0,39.9411764705882,1.7647058823529398,0.0,0.0,0.0,0.0,0.0,0.0,46.75,19.8823529411765,0.0,0.0625,0.0,12.117647058823499,15.625,0.0,0.0,0.0,0.0,8.882352941176471,23.1764705882353,0.0,0.0,0.0,33.875,1.94117647058824,64.35294117647061,64.9375,47.5882352941176,24.2941176470588,42.8125,0.0,0.0,0.0,0.0,0.0,0.0,0.0588235294117647,0.0,0.0,0.0,0.0,0.0
53,9289,A09,53_9289_A09,11.2,0.0,0.0,32.8125,0.23529411764705901,0.0,0.0,0.0,40.6470588235294,0.0,0.0,0.0,0.0,29.1176470588235,0.0,0.0,0.0,33.0,0.0,0.0,0.0,0.0625,0.0,31.2352941176471,3.88235294117647,0.0,0.0588235294117647,55.5882352941176,1.875,0.0,22.470588235294105,0.0,40.2352941176471,124.117647058824,127.375,80.9411764705882,19.4705882352941,18.1875,18.1176470588235,0.0,0.0,0.0,0.0,0.0,0.0588235294117647,0.0588235294117647,0.0,0.0,14.0588235294118,20.70588
53,9289,A10,53_9289_A10,5.0,2.9,29.058823529411804,30.25,4.82352941176471,0.0,0.0,59.5294117647059,0.0,15.625,15.588235294117599,0.0,22.875,2.05882352941176,0.0,30.125,0.0,11.588235294117599,14.9375,0.0,27.7647058823529,0.0,0.0,25.941176470588196,0.0,0.0,28.8823529411765,0.0,63.625,21.529411764705895,1.88235294117647,0.0,0.0,81.6470588235294,78.9375,99.52941176470591,76.7647058823529,0.0,0.0,0.0,0.0,0.0,0.0,0.0,0.0,0.0,0.0,0.0,0.0,0.0
53,9289,A11,53_9289_A11,1.0,0.0,0.0,0.0,16.0,0.0,75.3125,7.411764705882349,0.0,0.0,0.0,0.0,0.0,0.0,0.0,19.25,0.0,0.0,0.0,0.0,55.94117647058821,0.0,14.882352941176501,0.23529411764705901,0.0,0.0,28.8823529411765,15.411764705882401,0.0,0.0,23.8235294117647,0.0,32.4705882352941,109.17647058823499,84.125,44.4117647058824,19.588235294117602,31.1875,0.0,0.0,0.0,0.0,0.0,69.625,12.0588235294118,0.0,0.0,0.0,0.0,0.0
53,9289,A12,53_9289_A12,0.0,0.0,44.4117647058824,0.0,11.117647058823499,0.0,0.0,0.0,22.411764705882398,0.0,0.0588235294117647,12.0,2.6875,0.0,0.0,27.25,0.0,18.7647058823529,0.0,0.0,0.0,26.6875,0.0,0.0,0.0,45.6875,11.470588235294098,0.17647058823529396,0.0,22.8235294117647,14.9411764705882,19.6875,1.0,0.0,78.375,0.411764705882353,0.0,0.0,0.0,0.0,27.75,0.11764705882352902,0.0,0.0,0.0,0.0,0.0,0.0,0.0,0.0
53,9289,B01,53_9289_B01,50.0,0.0,34.5882352941176,0.0,0.0,0.0,51.5625,2.58823529411765,0.0,0.0,42.1764705882353,0.588235294117647,59.625,0.0,0.0,0.0,25.529411764705895,10.4705882352941,0.0,0.0,0.0,42.3125,3.6470588235294104,0.0,37.7058823529412,2.4375,0.0,0.0,55.0,0.0,0.0,0.0,50.4705882352941,125.17647058823499,161.75,133.470588235294,95.8235294117647,0.1875,0.0,0.0,0.0,0.0,0.0,0.0,0.0,0.0,0.0,0.0,0.0,0.0
53,9289,B02,53_9289_B02,35.6,130.6,7.882352941176469,0.0,41.8823529411765,0.0,0.0,0.0,51.29411764705879,1.875,0.0,1.11764705882353,144.75,12.705882352941199,0.0588235294117647,0.0,0.0,0.0,65.5,0.0,71.2352941176471,12.125,27.529411764705895,11.0588235294118,0.0,0.0,0.0,58.1176470588235,0.0,0.0,38.0588235294118,49.625,0.0,22.8235294117647,17.9375,0.0,0.0,0.0,0.0,0.0,0.0,50.5294117647059,26.1176470588235,50.5,0.0,0.0,0.0,0.0,0.0,0.0
53,9289,B03,53_9289_B03,11.2,0.0,43.94117647058821,40.375,0.0,28.058823529411804,31.125,77.0588235294118,0.0,0.0,61.6470588235294,0.0,0.0,0.0,63.3529411764706,17.375,0.0,65.35294117647061,30.375,0.0,50.0,0.0,0.0,77.3529411764706,25.058823529411804,0.0,73.2941176470588,5.588235294117651,0.0,0.0,70.0,14.8125,0.0,0.0,0.0,0.0,0.0,0.0,0.0,0.0,0.0,0.0,0.0,0.0,0.0,0.0,0.0,0.0,0.0,0.0
53,9289,B04,53_9289_B04,5.0,0.0,0.0,51.0625,0.0,0.0,90.0,0.0,42.1176470588235,0.0,0.0,95.5882352941177,0.0,45.4117647058824,0.0,0.0,91.1764705882353,0.0,44.8125,1.29411764705882,0.0,0.0625,94.47058823529409,47.76470588235289,0.0,0.125,0.0,73.7058823529412,0.0625,45.17647058823529,0.0,0.0625,0.0,0.0,70.75,0.0,0.0,0.0,0.0,0.0,0.0625,0.0,0.0,0.0,0.0,0.0,0.0,0.0,0.0,0.0
53,9289,B05,53_9289_B05,1.0,67.2,0.0,0.0,55.70588235294121,0.0,29.5625,15.117647058823499,0.0,0.0,50.4117647058824,0.0,0.0,0.0,47.4117647058824,2.9375,44.82352941176471,0.0,45.375,0.0,0.823529411764706,48.5625,0.0,0.0,40.7647058823529,0.0,14.117647058823499,33.3529411764706,0.0,0.0,42.8823529411765,0.0625,0.0,57.05882352941179,41.5,28.529411764705895,4.23529411764706,0.0,0.0,0.0,0.0,0.0,0.0,0.0,0.0,0.0,0.0,0.0,0.0,0.0
53,9289,B06,53_9289_B06,0.0,63.9,13.705882352941199,0.0,55.4705882352941,0.0,0.0,0.0,0.0588235294117647,55.6875,3.88235294117647,31.1176470588235,40.3125,83.7647058823529,42.4117647058824,0.0,0.0,18.2941176470588,59.625,0.0,0.0588235294117647,0.0,0.0,32.823529411764696,3.88235294117647,6.5625,46.3529411764706,0.0,0.0,0.0588235294117647,48.5294117647059,0.0,63.4705882352941,91.7647058823529,158.1875,156.529411764706,2.23529411764706,0.0,0.0,0.0,0.0,0.0,0.0,0.0,0.0,0.0,0.0625,0.0,0.0,0.0
53,9289,B07,53_9289_B07,50.0,22.6,0.0,0.0,42.0588235294118,9.05882352941176,0.0,20.8235294117647,21.647058823529395,17.875,48.4117647058824,0.0,0.0625,0.0588235294117647,59.5882352941176,0.0,0.0,47.05882352941179,11.4375,0.0,0.0,51.5,34.058823529411804,10.705882352941199,0.0,0.0,25.647058823529395,50.94117647058821,74.3125,0.0,0.0,0.0625,47.6470588235294,1.88235294117647,0.0,47.70588235294121,4.0,0.0,0.0588235294117647,0.0,0.0,0.0,0.0588235294117647,0.0,0.0,0.0,0.0,0.0,0.0,0.0
53,9289,B08,53_9289_B08,35.6,0.0,18.1764705882353,38.375,0.0588235294117647,0.0,0.0,0.0,44.5294117647059,0.0,0.0,0.0,35.5,3.2941176470588194,0.0588235294117647,0.0625,0.0,44.29411764705879,0.0625,0.0,0.0,20.4375,32.4705882352941,0.0588235294117647,45.70588235294121,0.25,0.0,0.0,0.0,0.0,43.70588235294121,0.0625,0.0,57.05882352941179,0.0,0.0588235294117647,0.0,0.0,0.0,0.0,0.0,0.0,0.0,0.0625,0.0,0.0,0.0,0.0,0.0,0.0
53,9289,B09,53_9289_B09,11.2,32.3,30.411764705882398,19.3125,23.0,0.0,0.0,0.0588235294117647,0.0,41.4375,0.3529411764705879,48.3529411764706,0.0,55.29411764705879,4.82352941176471,68.625,0.0,55.5294117647059,7.5625,0.0588235294117647,0.0,24.375,24.058823529411804,0.0588235294117647,33.3529411764706,32.0,6.411764705882349,0.0,36.5625,9.47058823529412,39.0,0.125,0.0,34.4705882352941,71.5,79.17647058823529,93.52941176470591,0.0,0.0,0.0,0.0,0.0,0.0,0.0,0.0,0.0588235294117647,0.0,0.0,0.0,0.05882353
53,9289,B10,53_9289_B10,5.0,0.0,0.0,0.0,0.0,38.7647058823529,17.25,0.0,0.0,66.375,0.0,5.47058823529412,24.875,0.0,0.0588235294117647,0.0,0.0,0.0,25.625,41.3529411764706,0.0,0.0,0.0,62.23529411764711,0.0588235294117647,23.875,0.0,0.0,0.0,0.0,0.0,35.125,0.0,86.4117647058823,86.6875,81.9411764705882,30.470588235294105,0.0625,0.0,0.0,0.0,0.0,0.0,0.0,0.0,0.0,0.0,0.0,0.0,0.0
53,9289,B11,53_9289_B11,1.0,3.8,0.0,0.0,5.05882352941176,2.29411764705882,0.0,0.0,0.0,0.0,0.0,0.0,10.5,4.76470588235294,0.0,13.375,0.0,0.0,0.0,0.0588235294117647,15.470588235294098,0.0,6.47058823529412,5.705882352941179,0.0,0.0,0.0,10.4117647058824,0.0,0.0,9.0,0.0,0.0,0.0,0.0,0.0,0.0,0.0,0.0,0.0,0.0,0.0,0.0,0.0,0.0,0.0,0.0,0.0,0.0,0.0
53,9289,B12,53_9289_B12,0.0,0.1,22.1176470588235,0.0,0.0,0.0,0.0,21.7058823529412,4.94117647058824,0.0,0.0,33.3529411764706,0.0,0.0,0.0,0.0,22.1176470588235,0.0,0.0,20.588235294117602,2.29411764705882,0.0,0.0,25.529411764705895,0.0,0.0,0.0,24.2352941176471,0.0,0.0,0.0,25.9375,20.4705882352941,73.0588235294118,44.0625,16.0588235294118,22.647058823529395,0.1875,0.0,0.0,0.0,0.0,82.0,14.875,0.0,0.0,0.0,0.0,0.0,0.0
53,9289,C01,53_9289_C01,50.0,44.7,0.0,0.0,34.4705882352941,3.58823529411765,0.0,86.88235294117649,0.0588235294117647,41.9375,0.0,0.0,0.0,0.0,81.17647058823529,0.0,0.0,43.23529411764711,0.0,42.1176470588235,19.7058823529412,32.0625,10.0,0.0,0.0,24.9375,20.2941176470588,0.0,65.125,0.0,0.0,81.0625,21.647058823529395,31.7058823529412,0.0,0.0,0.0,0.0,0.0,0.0,0.0,0.0,0.0,0.0,0.0,0.0,0.0,0.0,0.0,0.0
53,9289,C02,53_9289_C02,35.6,0.0,0.0,0.0,0.0,0.0,49.0625,6.76470588235294,52.70588235294121,6.0625,0.0,0.0,53.1875,4.29411764705882,34.5294117647059,24.4375,0.0,0.0,0.0,56.8823529411765,0.588235294117647,55.0625,2.05882352941176,0.0,0.0,59.0625,0.0588235294117647,55.94117647058821,0.0,0.0,50.4705882352941,7.5,0.0,116.235294117647,169.3125,160.647058823529,120.647058823529,136.3125,113.882352941176,0.0,0.0,0.0,0.0588235294117647,0.0,0.0,0.0,0.0625,0.0,0.0,0.0
53,9289,C03,53_9289_C03,11.2,16.5,0.0,0.0,63.1176470588235,0.17647058823529396,0.0,104.529411764706,0.47058823529411803,0.0,29.529411764705895,28.588235294117602,0.0,0.0,0.0,7.625,73.9411764705882,0.0,58.0625,18.1176470588235,0.0,0.0,32.2352941176471,34.6470588235294,54.94117647058821,5.25,49.17647058823529,11.411764705882401,67.0625,0.0,0.0,34.875,9.352941176470589,0.0,0.0,0.0,0.0,0.0,0.0,0.0,0.0,0.0,0.0,0.0,0.0,0.0,0.0,0.0,0.0,0.0
53,9289,C04,53_9289_C04,5.0,0.0,0.0,71.875,53.5882352941176,21.588235294117602,0.0625,0.0588235294117647,0.0,0.0,0.0,0.0,29.9375,36.7058823529412,15.3529411764706,65.0,0.0,0.0,0.0,0.0,0.0,68.875,40.7058823529412,47.17647058823529,0.0588235294117647,0.0,0.0,0.0,0.0,14.529411764705902,44.70588235294121,0.0,57.05882352941179,90.0,30.6875,0.0,0.0,0.0,0.0,0.0,0.0,0.0,0.0,0.0,0.0588235294117647,0.0,0.0,0.0,0.0,0.0
53,9289,C05,53_9289_C05,1.0,0.0,0.0,0.0625,65.4705882352941,16.5882352941176,0.0,0.0,0.0,0.1875,0.0588235294117647,0.0,82.9375,0.0,0.0,0.0,0.0,65.82352941176471,0.0,0.0,0.0588235294117647,111.625,0.0588235294117647,0.0,112.117647058824,0.0,51.76470588235289,7.294117647058821,0.0,0.0,0.0,0.0,60.23529411764711,211.529411764706,209.6875,126.705882352941,145.11764705882402,50.625,46.29411764705879,0.0,0.0,0.0,0.0,0.0,0.0,0.0588235294117647,0.0625,0.0,29.352941176470605,42.47059
53,9289,C06,53_9289_C06,0.0,0.0,0.0,93.1875,1.1764705882352902,0.0588235294117647,0.0,99.47058823529409,0.0,0.0,84.7058823529412,0.0,64.5625,48.0,0.0,0.0,0.0,94.4117647058823,0.125,0.11764705882352902,104.05882352941201,0.0625,0.0,0.0588235294117647,81.7647058823529,5.9375,59.6470588235294,1.11764705882353,0.0,0.0,56.4117647058824,22.8125,0.0,183.88235294117598,195.25,35.9411764705882,13.294117647058801,0.0,0.0,0.0588235294117647,0.0,0.0,0.0588235294117647,0.0625,0.0588235294117647,0.0,0.0,0.0,0.0588235294117647,0.0
53,9289,C07,53_9289_C07,50.0,0.0,0.0588235294117647,0.0,38.7647058823529,5.882352941176469,0.0,46.82352941176471,0.0,63.375,4.41176470588235,0.0588235294117647,42.0625,12.529411764705902,0.0,0.1875,0.0,50.70588235294121,39.125,0.0,0.0,0.0,0.0,0.0588235294117647,0.0588235294117647,0.0,40.8823529411765,46.29411764705879,0.125,0.11764705882352902,37.2941176470588,25.8125,0.0588235294117647,0.0,0.0,0.0,0.0,0.0,0.0,0.0,0.0,0.0,0.0,0.0,0.0,0.0,0.0625,0.0,0.0,0.0
53,9289,C08,53_9289_C08,35.6,0.0,0.0,0.0,0.0,32.8823529411765,0.0625,0.0,0.0,0.0,46.5294117647059,0.0,0.0,0.0,69.2941176470588,0.0,31.7058823529412,2.76470588235294,0.0,0.0,0.11764705882352902,66.125,0.47058823529411803,0.0588235294117647,0.0,15.1875,116.05882352941201,0.0,0.0,0.0588235294117647,78.2941176470588,0.0,0.0,0.0,0.0,0.0,0.0,0.0625,0.0,0.0,0.0,0.0,0.0,0.0,0.0588235294117647,0.0588235294117647,0.0625,0.0,0.0,0.0
53,9289,C09,53_9289_C09,11.2,90.9,4.35294117647059,0.0,82.1176470588235,0.11764705882352902,33.625,0.0,0.0,0.0,30.0,29.2941176470588,39.5,0.588235294117647,0.0588235294117647,0.0,0.0,38.4705882352941,0.0,51.8823529411765,0.0,0.0625,0.0,0.0,39.5294117647059,0.0,38.6470588235294,5.29411764705882,0.0,0.0,30.2352941176471,18.0625,0.0588235294117647,85.8823529411765,87.25,12.588235294117599,71.47058823529409,0.0625,0.0,0.0,0.0,0.0588235294117647,0.0,0.0,0.0,0.0,0.0,0.0,0.0,0.0
53,9289,C10,53_9289_C10,5.0,0.0,0.0,5.0625,69.5882352941177,0.0,13.5625,17.352941176470598,0.0,6.8125,35.2352941176471,0.0,35.3125,0.0,69.17647058823529,1.25,0.0,0.0,0.0,31.8823529411765,0.0,13.3125,36.2352941176471,0.0,45.5882352941176,0.625,0.0,101.705882352941,3.4375,0.0,0.0,0.0,0.0,103.529411764706,121.1875,109.94117647058799,54.82352941176471,0.3125,0.0,0.0,0.0,0.0,0.0,0.0,0.0,0.0,0.0,0.0,25.2352941176471,44.058820000000004
53,9289,C11,53_9289_C11,1.0,0.0,31.2352941176471,22.4375,15.411764705882401,4.17647058823529,0.0,0.0,0.23529411764705901,24.375,0.0,25.352941176470605,0.0,0.0,20.4705882352941,25.625,0.0,0.0,18.5,2.05882352941176,0.0,0.0,41.8235294117647,5.0,0.0,0.0,0.0,27.411764705882398,0.0,0.0,0.0,29.125,1.8235294117647098,55.6470588235294,89.0625,72.2352941176471,26.2941176470588,0.1875,0.0,0.0,0.0,0.0,0.0,0.0,0.0,0.0,0.0,0.0,0.0,0.0
53,9289,C12,53_9289_C12,0.0,3.5,0.0,0.0,42.3529411764706,0.0,0.0,14.705882352941199,0.0,0.0,24.470588235294105,0.0,0.0,15.6470588235294,14.3529411764706,0.0,24.8235294117647,0.294117647058824,0.0,4.52941176470588,16.1764705882353,0.0,0.0,17.5882352941176,0.0,0.0,16.8235294117647,0.0,0.0,0.0,18.1176470588235,0.0,18.8235294117647,22.352941176470605,45.4375,25.588235294117602,32.823529411764696,0.0,0.0,0.0,0.0,0.0,0.0,0.0,0.0,0.0,0.0,0.0,0.0,0.0
53,9289,D01,53_9289_D01,50.0,0.0,0.0,54.9375,0.0588235294117647,0.0,0.0,0.0,0.0,0.0,0.0,56.94117647058821,0.0,0.0,0.0,0.0,0.0,0.0,0.0,19.4705882352941,28.0,42.375,10.882352941176501,0.0,0.0,0.0,44.4117647058824,0.0,0.0,0.0,0.0,0.0,0.0,0.0,17.6875,16.647058823529402,0.0,0.0,0.0,0.0,0.0,0.0,0.0,0.0,0.0,26.7058823529412,0.0,0.0,0.0,0.0
53,9289,D02,53_9289_D02,35.6,99.2,0.0,0.0,0.0,33.3529411764706,9.25,0.0,0.0,74.875,0.0,0.0,0.0,83.0588235294118,0.0,0.0,0.0,0.0,0.0,66.35294117647061,0.0,34.9375,28.058823529411804,61.3529411764706,0.0,43.125,0.294117647058824,65.9411764705882,0.0625,0.0,0.0,0.0,31.7058823529412,177.588235294118,100.375,145.647058823529,59.94117647058821,0.25,0.0,0.0,0.0,0.0,0.0,0.0,0.0,0.0,0.0625,0.0,0.0,0.0
53,9289,D03,53_9289_D03,11.2,0.0,59.0,7.0,0.0,62.17647058823529,0.0,0.0,80.82352941176471,0.8125,0.0,64.2352941176471,0.0,0.0,0.0,95.9375,0.0,70.47058823529409,1.4375,37.0588235294118,55.6470588235294,0.0,0.0,85.6470588235294,0.0,0.0625,55.76470588235289,29.7647058823529,0.0,94.35294117647058,30.411764705882398,33.5,0.0,0.0,0.0,0.0588235294117647,0.0,0.0,0.0,0.0,0.0,0.0,0.0,0.0,0.0,0.0,0.0,0.0,0.0,0.0
53,9289,D04,53_9289_D04,5.0,106.0,0.0,0.0,56.6470588235294,0.0,99.3125,95.35294117647058,32.294117647058805,17.8125,0.0,0.0,0.0,0.0,0.0,0.0,0.0,37.1176470588235,17.0625,0.0588235294117647,0.0,0.0,60.94117647058821,0.0,0.0,95.625,0.0,0.0,0.0,0.0,0.0,49.1875,0.0,0.0,85.5,45.1176470588235,0.0,0.0,0.0,0.0,0.0,0.0,0.0588235294117647,0.0,0.0,0.0,0.0,0.0,0.0,0.0
53,9289,D05,53_9289_D05,1.0,73.9,4.76470588235294,0.0,0.0,57.8823529411765,0.0,0.0,0.0,0.0625,45.29411764705879,6.82352941176471,0.0,0.0,0.0,56.3125,0.0588235294117647,0.0,0.0,0.0,45.5294117647059,0.0625,0.0,0.0,52.5294117647059,2.125,0.0,0.0,60.9375,0.0588235294117647,0.0,0.0,0.0,129.058823529412,95.3125,34.0,0.0,0.0,0.0,0.0,0.0,0.0,0.0588235294117647,0.125,0.0,0.0,0.0625,0.0,0.0588235294117647,0.0
53,9289,D06,53_9289_D06,0.0,0.0,0.0,0.0,0.0,105.764705882353,0.0,0.0,0.0588235294117647,77.5,39.5882352941176,0.0,0.0625,0.0,106.82352941176501,6.375,0.0588235294117647,0.0588235294117647,0.0625,34.058823529411804,63.17647058823529,0.0,0.0,111.82352941176501,0.0588235294117647,63.1875,0.17647058823529396,0.0,0.0,0.0,95.64705882352942,0.0,0.0588235294117647,195.470588235294,184.375,128.705882352941,6.23529411764706,0.0625,0.0,0.0,0.0,0.0588235294117647,0.0588235294117647,0.0,0.0588235294117647,0.0588235294117647,0.0,0.0,0.0,0.0
53,9289,D07,53_9289_D07,50.0,0.0,0.0588235294117647,0.0,0.0588235294117647,0.0588235294117647,0.0,0.0,19.9411764705882,3.75,0.11764705882352902,34.7647058823529,2.1875,0.0,30.470588235294105,33.125,12.470588235294098,0.0,35.375,2.7058823529411806,0.0588235294117647,0.0,0.0588235294117647,0.0,0.0,0.0,0.0,0.0588235294117647,0.0625,0.0588235294117647,0.0,0.125,57.23529411764711,131.941176470588,168.875,145.588235294118,116.117647058824,59.9375,0.0,0.0588235294117647,0.0625,0.0,0.0,0.0,0.0,0.0588235294117647,0.0,0.0,0.0588235294117647,0.05882353
53,9289,D08,53_9289_D08,35.6,60.7,19.411764705882398,0.0,0.0,76.52941176470591,0.0,0.0588235294117647,29.647058823529395,0.0,55.05882352941179,0.0588235294117647,0.0,0.0,0.0588235294117647,43.5,6.588235294117651,48.5294117647059,13.25,0.0,0.0,79.625,2.23529411764706,56.94117647058821,24.8823529411765,0.0,36.1764705882353,0.23529411764705901,0.0,45.6470588235294,0.0,0.0625,0.0,71.47058823529409,154.4375,135.0,82.3529411764706,43.3125,0.0,0.0,0.0,0.0,0.0,0.0,0.0588235294117647,0.0588235294117647,0.0,0.0,0.0588235294117647,0.0
53,9289,D09,53_9289_D09,11.2,0.0,4.82352941176471,29.0625,0.0588235294117647,0.0,0.0,23.411764705882398,1.0,0.0,0.0,24.1176470588235,0.0,0.0588235294117647,0.0,0.0,0.0588235294117647,22.529411764705895,0.0,0.0,25.588235294117602,0.0,0.0,0.0588235294117647,0.0,0.0,20.2352941176471,0.0,0.0625,24.941176470588196,0.0,0.0,20.1764705882353,77.1176470588235,87.625,78.52941176470591,61.4117647058824,12.25,0.0,0.0,0.0,0.0,0.0,0.0,0.0,0.0,0.0,0.0588235294117647,0.0,0.0
53,9289,D10,53_9289_D10,5.0,0.0,0.0,0.125,19.1764705882353,0.0,0.0,0.0,0.0,0.4375,26.1764705882353,0.0,0.0,24.529411764705895,2.35294117647059,0.0,0.0,0.0,0.0,0.0,29.470588235294105,3.4375,0.0,36.1176470588235,0.0,0.0,0.0,0.0,11.625,12.0588235294118,0.0,17.0,4.17647058823529,0.0,55.4375,64.7647058823529,4.47058823529412,0.0,0.0,0.0,0.0,19.6470588235294,0.0,10.8125,0.647058823529412,0.0,0.0,0.0,0.0,0.0
53,9289,D11,53_9289_D11,1.0,23.8,0.0,0.0,0.0,35.058823529411804,11.625,0.0,1.23529411764706,23.1875,0.0,0.0,50.25,0.0,53.5882352941176,31.4375,0.0,0.0,0.0,0.0,0.0588235294117647,47.25,0.0,0.0,0.0,0.0,49.4117647058824,0.0,0.0,59.6470588235294,0.0,0.0,21.411764705882398,60.05882352941179,91.125,61.4117647058824,0.0,0.0,0.0,0.0,0.0,0.0,0.0,0.0,0.0,0.0,0.0,0.0,0.0,0.0
53,9289,D12,53_9289_D12,0.0,0.0,0.0,0.0,0.0,0.0588235294117647,0.0,28.588235294117602,0.0,0.0,0.0,0.0,0.0,20.411764705882398,0.17647058823529396,1.8125,28.352941176470605,0.0,0.0,25.2941176470588,0.0,29.1875,52.29411764705879,0.0,0.0,0.0,0.0,0.0,0.0,0.0,0.0,0.0,0.0,16.2352941176471,52.5,33.4117647058824,0.17647058823529396,0.0,0.0,0.0,0.0,0.0,0.0,0.0,0.0,0.0,0.0,0.0,0.0,0.0
53,9289,E01,53_9289_E01,50.0,0.0,0.0,0.0,47.4705882352941,4.11764705882353,0.0,0.0,0.0,39.625,0.0,0.0,0.0,0.0,0.0,46.8125,33.058823529411804,16.352941176470598,20.0625,0.0,0.0,0.0,0.0,0.0,0.0,0.0,0.0,0.0,0.0,69.5294117647059,10.117647058823499,0.0,22.1176470588235,139.705882352941,154.4375,132.176470588235,69.0588235294118,100.9375,4.76470588235294,0.0,0.0,0.0,0.0,0.0,0.0,0.0,0.0,0.0,0.0,0.0
53,9289,E02,53_9289_E02,35.6,0.0,63.05882352941179,35.6875,9.47058823529412,0.0,0.0,66.4705882352941,0.0,60.375,0.0,0.0,61.375,0.0,0.0,68.6875,0.0,0.0,74.3125,0.0,47.5294117647059,0.0,0.0,41.3529411764706,24.2941176470588,0.0,46.8823529411765,0.0,0.0,0.0,62.76470588235289,0.5625,38.5294117647059,60.8823529411765,123.5625,154.647058823529,28.588235294117602,0.0,0.0,0.0,0.0,0.0,0.0,0.0,0.0,0.0,0.0,0.0,0.0,0.0
53,9289,E03,53_9289_E03,11.2,0.0,71.52941176470591,0.0,0.0,47.6470588235294,19.75,45.4705882352941,30.941176470588196,56.8125,2.47058823529412,0.0,56.125,1.0,0.0,0.0,7.294117647058821,53.5882352941176,0.0,56.17647058823529,24.588235294117602,0.0,0.0,53.5294117647059,0.0,31.125,22.7058823529412,52.5294117647059,12.125,0.0,0.0,43.4375,38.5294117647059,0.0,0.0,0.0,89.4117647058823,37.0,30.058823529411804,0.0588235294117647,0.0,0.0,0.0,0.0,0.0,0.0,0.0,0.0,0.0,0.0
53,9289,E04,53_9289_E04,5.0,0.0,0.0588235294117647,0.0625,0.0,0.0,0.0,0.0,0.0,0.0,0.0588235294117647,0.0,0.0,0.0,0.0,0.0,0.0,0.0,0.0,0.0,0.0,0.0,0.0,0.0588235294117647,0.0,0.0,0.0,0.0,0.0,0.0,0.0,0.0,0.0,0.0,0.0,0.0,0.0,0.0,0.0,0.0,0.0,0.0,0.0,0.0,0.0,0.0,0.0,0.0,0.0,0.0
53,9289,E05,53_9289_E05,1.0,84.7,35.3529411764706,0.0625,83.7647058823529,21.8235294117647,0.0,0.0,0.0,42.125,3.5294117647058796,7.52941176470588,47.9375,0.0,0.0,63.75,12.0588235294118,24.0,0.0,0.0,54.5294117647059,2.125,40.1176470588235,0.0588235294117647,55.29411764705879,0.0,34.294117647058805,3.6470588235294104,0.0,0.0,52.23529411764711,0.0,0.0,0.0,0.0,0.0,0.0,0.0,0.0,0.0,39.125,0.0,0.0,0.0,0.0,0.0,0.0,0.0,0.0588235294117647,0.05882353
53,9289,E06,53_9289_E06,0.0,0.0,27.588235294117602,26.1875,0.0,0.0588235294117647,47.75,22.470588235294105,0.0,23.0625,24.1764705882353,0.0588235294117647,0.0625,0.0,4.88235294117647,65.125,0.0,41.7058823529412,4.5,0.0,0.0,87.875,51.76470588235289,0.0588235294117647,0.0,0.0,0.0588235294117647,0.0,45.6875,0.0,0.0,0.0,50.82352941176471,38.3529411764706,56.9375,79.7058823529412,0.0,0.0,0.0,0.0,0.0,0.0,0.0,0.0625,0.0,0.0,0.0,0.0588235294117647,0.0,0.0
53,9289,E07,53_9289_E07,50.0,9.0,0.0,0.0,57.17647058823529,0.941176470588235,77.25,0.0,0.0,0.0,59.17647058823529,0.0,0.0,0.0,60.0,0.0,0.0588235294117647,56.29411764705879,0.0,0.17647058823529396,65.82352941176471,0.0625,0.0,0.0,0.0,68.0,0.0588235294117647,0.0,63.125,44.82352941176471,1.11764705882353,0.0,0.0,0.0,0.0,0.0588235294117647,0.0588235294117647,0.0,0.0,35.8235294117647,4.0,0.0,0.0,25.5625,19.1176470588235,0.0,0.0,0.0,0.0,0.0
53,9289,E08,53_9289_E08,35.6,5.8,0.0,0.0,35.7058823529412,17.5882352941176,0.0,0.0,8.05882352941176,70.0625,0.0588235294117647,0.0,33.375,18.6470588235294,0.0,0.0,0.0,63.5294117647059,0.25,0.0,55.4117647058824,0.0,0.0,49.23529411764711,14.0,0.0,0.0,51.3529411764706,0.0625,0.0588235294117647,34.1176470588235,35.1875,0.0,0.0,0.0,0.0,0.0,0.0,0.0,0.0,0.0,0.0588235294117647,0.0,0.0,0.0,0.0,0.0625,0.0,0.0,0.05882353
53,9289,E09,53_9289_E09,11.2,0.1,0.0,34.125,8.76470588235294,0.0,36.375,0.0,0.0,0.0,42.0,0.0,38.625,2.17647058823529,0.0,0.0,0.0,52.4117647058824,0.0,21.0,20.588235294117602,0.0,0.0,0.0,44.29411764705879,0.0,36.1176470588235,4.94117647058824,0.0,0.0,48.5882352941176,0.0,0.0588235294117647,37.1764705882353,113.8125,91.88235294117649,60.6470588235294,9.6875,0.0,0.0588235294117647,0.0,0.0,0.0,0.0625,0.0,0.0,0.0625,0.0,0.0,0.0
53,9289,E10,53_9289_E10,5.0,16.2,0.0,21.9375,13.705882352941199,9.05882352941176,8.875,0.0,0.0,0.0,0.0,32.941176470588196,1.8125,8.882352941176471,0.0,0.0,37.3529411764706,1.70588235294118,3.125,15.0,0.0,0.0,0.0,23.529411764705895,0.0,0.0,22.647058823529395,0.0,0.0,0.0,28.1176470588235,0.0,0.0,18.2941176470588,1.9375,0.0,0.0,0.0,0.0,0.0,0.0,0.0,0.0,0.0,0.0,0.0,2.875,19.6470588235294,0.0,33.23529
53,9289,E11,53_9289_E11,1.0,0.0,0.0,0.0,36.8823529411765,22.2941176470588,14.9375,23.7058823529412,0.0,0.0,0.0,0.0,0.0,0.0,25.7647058823529,0.0,0.0,0.0,17.1875,2.64705882352941,0.0,0.0625,0.0,16.1764705882353,28.470588235294105,0.0,0.0,0.0,9.9375,5.05882352941176,0.0,0.0,0.0,21.8823529411765,22.3125,0.0,0.0,0.0,0.0,0.0,0.0,0.0,0.0,0.0,0.0,0.0,0.0,0.0,0.0,0.0
53,9289,E12,53_9289_E12,0.0,0.0,25.2941176470588,0.0625,0.0,31.2941176470588,0.0,0.0,0.0,0.0,28.941176470588196,0.0588235294117647,31.625,0.0,0.0,0.0,31.1176470588235,0.0,32.125,0.0,0.0,0.0,0.0,43.5882352941176,22.058823529411804,2.5625,0.0588235294117647,0.0,32.1875,1.47058823529412,0.0,0.0,50.76470588235289,138.058823529412,133.8125,78.5882352941177,79.82352941176471,0.0,0.0,0.0,0.0,0.0,0.0,0.0,0.0,0.0,0.0,0.0,0.0,0.0
53,9289,F01,53_9289_F01,50.0,2.2,0.0,0.0,61.70588235294121,0.0,0.0,66.35294117647061,0.0,0.0,51.76470588235289,0.3529411764705879,0.0,0.0,49.1176470588235,0.0625,12.470588235294098,39.7647058823529,0.0,0.0,0.0,34.625,116.470588235294,79.9411764705882,0.823529411764706,0.0,0.0,0.0,0.0,0.0,0.0,0.0,0.0,49.5294117647059,54.5,37.1176470588235,74.2941176470588,0.0,0.0,0.0,0.0,0.0,0.0,0.0,0.0,0.0,0.0,0.0,0.0,0.0
53,9289,F02,53_9289_F02,35.6,0.0,0.0,47.4375,9.647058823529411,0.0,52.6875,12.823529411764698,0.0,0.0,0.0,36.0,15.1875,0.0,38.4117647058824,26.6875,0.0,0.0,0.0,67.2352941176471,0.23529411764705901,0.0,0.0588235294117647,72.8823529411765,0.0,0.0,0.0,82.5882352941177,1.3125,0.0,0.0,0.0,0.0,72.47058823529409,106.0,61.0,56.0,12.875,0.0,0.0,0.0,0.0,0.0,0.0,0.0,0.0,0.0,0.0,0.0,0.0
53,9289,F03,53_9289_F03,11.2,72.3,7.411764705882349,0.0,47.1176470588235,0.411764705882353,0.0,0.0,0.0,49.5,0.0,0.0,47.625,0.23529411764705901,0.0,0.0,48.5294117647059,4.82352941176471,0.0,52.5882352941176,30.8235294117647,39.125,3.3529411764705896,0.0,0.0,0.0,0.0,52.23529411764711,0.0,0.0,50.6470588235294,0.0,0.0,62.17647058823529,38.5,55.23529411764711,0.0,0.0,0.0,0.0,0.0625,0.0,0.0,0.0,0.0,0.0,0.0,0.0,0.0,0.0
53,9289,F04,53_9289_F04,5.0,46.4,41.2352941176471,67.0,14.117647058823499,40.3529411764706,22.25,0.0,37.8823529411765,8.1875,0.0,0.0,0.0,8.58823529411765,3.23529411764706,71.9375,9.41176470588235,54.0,0.0,0.0,47.82352941176471,0.0,0.0,0.0,0.0,0.0,40.2352941176471,28.588235294117602,29.4375,48.5294117647059,38.0588235294118,0.0,0.0,0.0,0.0,0.0,0.0,0.0,0.0,0.0,0.0,0.0588235294117647,0.0,0.0,0.0,0.0,0.0,0.0,0.0,0.0
53,9289,F05,53_9289_F05,1.0,0.0,9.76470588235294,66.125,0.0,0.0,0.0,93.88235294117649,0.7058823529411771,0.0,44.4117647058824,0.0,0.0625,0.0,0.0,72.125,0.23529411764705901,0.0,0.0,90.7647058823529,0.0,0.0,50.1176470588235,0.0,0.0,0.0,0.0,0.0,33.0625,40.7647058823529,0.0,0.0,0.0,0.0,97.125,0.882352941176471,108.117647058824,0.8125,0.0,0.0,0.0,0.0,0.0,0.0,0.0,0.0,0.0,0.0,0.0,0.0
53,9289,F06,53_9289_F06,0.0,36.4,0.0,0.0,44.4705882352941,0.588235294117647,0.0,82.4117647058823,0.0,29.5,20.6470588235294,0.0,0.0,0.0588235294117647,43.05882352941179,0.0,0.0,0.0,36.5625,14.470588235294098,0.0588235294117647,0.0,43.94117647058821,0.0588235294117647,0.0,51.625,0.823529411764706,0.0,39.6875,11.117647058823499,0.0,0.0,37.9411764705882,151.176470588235,142.3125,105.294117647059,60.23529411764711,0.125,0.0588235294117647,0.0,0.0,0.0,0.0,0.0,0.0,0.0,0.0,0.0,0.0,0.0
53,9289,F07,53_9289_F07,50.0,0.0,1.29411764705882,41.25,0.0588235294117647,0.0,0.0625,36.8823529411765,0.0,0.0,42.4117647058824,0.0,0.0,20.9411764705882,15.9411764705882,0.0,0.0,0.0,41.0625,0.0,0.0588235294117647,0.25,38.0588235294118,0.0,0.0,0.0,39.1764705882353,2.7058823529411806,0.0,0.0,36.3529411764706,0.0,25.352941176470605,95.64705882352942,105.25,41.4705882352941,84.47058823529409,21.3125,0.0,0.0,0.0,0.0,40.8235294117647,0.0,0.0,0.0,0.0,0.0,0.0588235294117647,0.0
53,9289,F08,53_9289_F08,35.6,45.6,11.823529411764698,47.1875,30.8235294117647,19.1764705882353,0.0,0.0,33.4117647058824,0.0,25.058823529411804,1.70588235294118,39.375,0.0,12.117647058823499,47.5,31.7058823529412,0.0,18.9375,16.647058823529402,0.11764705882352902,52.25,16.8823529411765,57.70588235294121,19.5294117647059,78.1875,6.82352941176471,24.2352941176471,20.125,53.1176470588235,41.0,71.9375,6.294117647058821,0.0,0.0,0.0,0.0,0.0,0.0,0.0,0.0,0.0,0.0,0.0,0.0,0.0,0.0,0.0,0.0,0.0
53,9289,F09,53_9289_F09,11.2,0.0,0.0,0.0,66.5882352941177,13.823529411764698,16.0625,0.0,0.0,0.0,0.11764705882352902,48.23529411764711,2.5625,33.3529411764706,0.0,0.0,0.0,71.5882352941177,0.0,0.17647058823529396,29.7058823529412,0.0,0.0,0.0,0.0,35.4375,0.47058823529411803,0.0588235294117647,0.0,47.1176470588235,0.0,0.0,0.0,68.4705882352941,29.0,39.1764705882353,0.0,0.0,0.0,0.0,0.0,0.0,108.764705882353,19.5625,0.0,0.0,0.0,0.0,0.0,0.0
53,9289,F10,53_9289_F10,5.0,13.6,0.0,0.0,0.0,0.0,28.0625,0.882352941176471,21.1176470588235,8.8125,0.0,0.0,0.0625,0.0,31.411764705882398,0.0,24.1176470588235,14.9411764705882,0.0,0.0,24.058823529411804,7.625,0.0,0.0,29.2352941176471,0.625,0.0,0.0,0.0,38.1764705882353,0.0,0.0,54.05882352941179,122.82352941176501,60.875,55.29411764705879,37.3529411764706,22.125,0.0,0.0,0.0,0.0,0.0,0.0,0.0,0.0,0.0,0.0,0.0,0.0
53,9289,F11,53_9289_F11,1.0,37.6,1.4117647058823501,36.9375,14.3529411764706,7.52941176470588,0.0,0.0,32.5882352941176,0.0,0.0,22.411764705882398,0.0,30.529411764705895,0.0,0.0,22.8235294117647,1.23529411764706,29.625,0.941176470588235,0.0,0.0,25.941176470588196,0.17647058823529396,36.0,0.25,26.058823529411804,0.0,0.0,15.117647058823499,18.7058823529412,0.0625,0.0,0.0,0.0,0.0,0.0,0.0,31.352941176470605,0.0,0.0,0.0,0.0,0.0,0.0,0.0,0.0,0.0588235294117647,0.0,0.0
53,9289,F12,53_9289_F12,0.0,0.0,0.0,19.0,0.0,0.0,33.5625,5.76470588235294,0.0,17.9375,0.0,0.0,0.0,31.588235294117602,0.0588235294117647,23.875,35.2352941176471,0.0,0.0,0.0,0.0,0.0,0.0,32.4117647058824,0.0,0.0,0.0,0.0,50.5,0.0,0.0,0.0625,48.0,0.0,0.0,37.9411764705882,0.0,0.0,0.0,0.0,0.0,0.0,0.0,0.0,0.0,0.0,0.0,0.0,0.0,0.0
53,9289,G01,53_9289_G01,50.0,10.2,0.0,0.0,0.0,0.0,30.4375,7.588235294117651,0.0,0.0,32.176470588235304,0.0,0.0,0.0,39.0588235294118,0.0,0.0,0.0,30.25,9.823529411764712,0.0,0.0,34.058823529411804,0.0,0.0,34.9375,0.0,0.0,0.0,0.0,32.941176470588196,0.3125,32.941176470588196,38.0588235294118,84.75,76.4117647058823,63.0,13.5,0.0,0.0,0.0,0.0,0.0,0.0,0.0,0.0,0.0,0.0,0.0,0.0
53,9289,G02,53_9289_G02,35.6,0.0,0.0,0.0,10.6470588235294,30.588235294117602,0.0,39.6470588235294,3.82352941176471,0.0,0.0,28.1176470588235,9.0,0.0,41.0,0.0,0.0,43.5294117647059,0.875,0.0,37.6470588235294,0.0,45.82352941176471,25.352941176470605,31.470588235294105,0.3125,0.0,65.82352941176471,0.0,29.058823529411804,0.0,0.0,0.0,43.4705882352941,107.75,8.647058823529411,0.0,0.0,0.0,0.0,0.0,0.0,0.0,0.0,0.0,0.0,0.0,0.0,0.0,0.0
53,9289,G03,53_9289_G03,11.2,0.0,0.0,0.0,0.0,61.4705882352941,3.0,0.0,0.0,0.0,59.0,0.823529411764706,0.0,72.9411764705882,0.0,0.0,0.0,30.8235294117647,32.5625,0.0,0.0,0.0,0.0,43.5294117647059,0.0,0.0,0.0,67.17647058823529,4.25,0.0,75.0588235294118,0.0,34.294117647058805,81.5882352941177,162.9375,55.17647058823529,129.176470588235,53.5625,0.0,0.0,0.0,0.0,0.0,0.0,0.0,0.0,0.0,0.0,0.0,0.0
53,9289,G04,53_9289_G04,5.0,0.0,82.1176470588235,0.0,0.0,13.823529411764698,54.875,0.0,0.0,0.0,73.6470588235294,0.0,64.25,0.0,0.0,0.0,0.0,0.0,75.75,0.0588235294117647,67.0,4.6875,0.0,0.0,0.0,28.5625,57.5294117647059,0.0,0.0,80.82352941176471,1.7647058823529398,0.0,0.0,191.76470588235298,215.375,232.058823529412,176.529411764706,184.75,110.05882352941201,0.0,0.0625,0.0,0.0,0.0,0.0,0.0,0.0,0.0,0.0,0.0
53,9289,G05,53_9289_G05,1.0,0.0,0.0,0.0,70.9411764705882,0.0,3.125,173.88235294117598,154.764705882353,124.75,30.058823529411804,0.0588235294117647,0.0,0.0,0.0,33.0,18.4705882352941,0.0,0.0,0.0,67.8823529411765,0.0,0.0,60.94117647058821,0.0588235294117647,0.0,90.88235294117649,13.0,35.8125,82.8823529411765,94.47058823529409,0.0,0.0,0.0588235294117647,144.25,2.94117647058824,0.0,0.0,0.0,0.0,0.0,0.0,0.0,0.0,0.0,0.0,0.0,0.0,0.0,0.0
53,9289,G06,53_9289_G06,0.0,0.0,0.0588235294117647,49.125,0.0,0.0,0.0,0.0,0.0,0.0,0.0,0.0,0.0,54.05882352941179,6.47058823529412,0.0,0.0,0.0,0.0625,38.2352941176471,0.0,0.0,50.29411764705879,0.0,0.0588235294117647,0.0,0.0,0.0,53.4375,0.0,0.0,64.0,6.588235294117651,89.7058823529412,109.25,102.294117647059,42.5294117647059,0.0,0.0,0.0,0.0,130.176470588235,0.0,0.0,0.0,0.0,0.0,0.0,0.0,0.0
53,9289,G07,53_9289_G07,50.0,43.3,0.0,0.0,54.82352941176471,0.0,0.0,0.0,0.0,0.0,82.0588235294118,2.7058823529411806,0.0,49.94117647058821,1.0,0.0,0.0,0.0,0.125,58.0,0.0,64.6875,0.0,0.0,76.5882352941177,6.125,0.0588235294117647,47.23529411764711,0.0,0.0,0.0,0.0,57.05882352941179,209.11764705882402,177.0625,147.764705882353,92.7647058823529,139.0625,0.0,0.0,0.0,0.0,0.0,0.0,0.0,0.0,0.0,0.0,0.0,0.0
53,9289,G08,53_9289_G08,35.6,0.0,73.2941176470588,12.0,0.0,0.411764705882353,40.625,0.0,82.2352941176471,2.125,0.0,87.1764705882353,0.0,37.2352941176471,0.0,19.625,63.4117647058824,0.0,0.0,89.2352941176471,0.0,95.75,0.47058823529411803,0.0,35.6470588235294,0.0,38.7647058823529,93.1764705882353,0.0,0.0,0.0,0.0,0.0588235294117647,0.0,0.0,0.0,82.6470588235294,35.1875,55.1176470588235,0.0,0.0,0.0,0.0,0.0,0.0,0.0,0.0,0.0,0.0,0.0
53,9289,G09,53_9289_G09,11.2,0.0,0.0,0.0,33.3529411764706,25.411764705882398,0.0,0.0,21.2941176470588,0.0,0.0,0.0,0.0,0.0,0.0,46.0625,2.88235294117647,0.0,0.0,20.1176470588235,0.0,0.0,0.0,9.117647058823529,29.411764705882398,0.0,0.0,0.0,0.0,16.1764705882353,4.82352941176471,0.0,0.0,0.0,34.375,16.5882352941176,0.0,0.0,0.0588235294117647,0.0,0.0,0.0,0.0,0.0,0.0,0.0,0.0,0.0,0.0,0.0
53,9289,G10,53_9289_G10,5.0,0.0,0.0,21.125,10.882352941176501,0.0,0.0,5.35294117647059,27.2941176470588,0.0,0.0,29.352941176470605,0.0,0.0,63.29411764705879,0.0,26.2941176470588,0.0,0.0,0.0,0.0,0.0,29.1176470588235,0.0,0.0,6.1875,22.058823529411804,0.0,0.0,0.0,48.5294117647059,0.0,0.0,28.2941176470588,0.0,0.0,0.0,65.5,0.0,0.0,0.0,0.0,0.0,0.0,0.0,0.0,0.0,0.0,0.0,0.0
53,9289,G11,53_9289_G11,1.0,47.2,0.0,0.0625,0.0,0.0,0.0,0.0,0.0,0.0,28.7058823529412,0.0,0.0,44.70588235294121,3.41176470588235,0.0,22.058823529411804,0.0,0.0,0.0,0.0,0.0,54.94117647058821,0.0,0.0,0.0,20.4705882352941,2.23529411764706,0.0,52.0,2.23529411764706,0.0,14.294117647058801,70.0,40.3125,2.17647058823529,38.2352941176471,0.75,0.0,0.0,0.0,0.0,0.0,0.0,0.0,0.0,0.0625,0.0,0.0,0.0
53,9289,G12,53_9289_G12,0.0,0.0,0.0,0.0,48.05882352941179,40.8823529411765,0.0,0.0,0.0,0.0,0.0,0.0,49.875,1.11764705882353,0.0,0.0,16.470588235294098,8.352941176470589,0.0,0.0,16.647058823529402,10.125,0.0,0.0,35.1176470588235,0.0,0.0,25.8235294117647,1.3125,0.0,0.0,0.0,13.588235294117599,106.235294117647,34.8125,0.0,0.0,0.0,0.0,0.0,0.0,0.0,0.0,0.0,0.0,0.0,0.0,0.0588235294117647,0.0,0.0
53,9289,H01,53_9289_H01,50.0,0.0,0.0,31.0625,19.2941176470588,36.1176470588235,4.5625,0.0,0.0,47.9375,1.88235294117647,48.5294117647059,0.875,14.411764705882401,30.647058823529395,0.0,0.0,0.0,59.125,1.88235294117647,0.0,58.0,1.11764705882353,0.0,41.4705882352941,44.875,82.4117647058823,10.1764705882353,0.0,0.0,0.0,0.0,0.0,0.0,0.0,0.0,0.0,0.0,0.0,0.0,0.0,0.0,0.0,0.0,0.0,0.0,0.0,0.0,0.0,0.0
53,9289,H02,53_9289_H02,35.6,0.0,0.0,0.0,32.3529411764706,1.1764705882352902,40.3125,6.47058823529412,0.0,0.0,0.0,0.0,0.0,42.5882352941176,0.0,39.375,0.0,0.0,0.0,0.0,0.0,0.0,30.058823529411804,2.11764705882353,0.0,46.875,0.0,0.0,0.0,0.0,0.0,33.5,11.6470588235294,147.058823529412,154.9375,123.05882352941201,94.11764705882351,0.0,0.0,0.0,0.0,0.0,0.0,0.0,0.0,0.0,0.0,0.0,0.0,0.0
53,9289,H03,53_9289_H03,11.2,0.0,0.0,72.25,0.0,2.41176470588235,37.25,0.0,68.9411764705882,0.0,0.0,32.5882352941176,0.0,0.0,0.0,0.0,42.1764705882353,0.0,0.0,35.6470588235294,6.058823529411759,0.0,0.0,44.3529411764706,0.0,0.0,40.4705882352941,0.0,0.0,0.0,9.352941176470589,34.9375,0.0,38.8823529411765,29.5,33.294117647058805,0.0,0.0,0.0,0.0,0.0,0.0,0.0,0.0,0.0,0.0,0.0,0.0,0.0,0.0
53,9289,H04,53_9289_H04,5.0,10.4,0.0,0.0,0.0,0.0,0.0,62.94117647058821,0.0,0.0,0.0,101.470588235294,3.75,0.0,0.0,0.0,78.2352941176471,0.0,0.0,0.3529411764705879,70.9411764705882,0.0,0.0,0.0,65.17647058823529,0.0625,0.0,0.0,0.0,0.0,0.0,0.0,90.8235294117647,185.941176470588,204.625,160.588235294118,88.1764705882353,23.875,0.0,0.0,0.0,0.0,0.0,0.0,0.0,0.0,0.0,0.0,0.0,0.0
53,9289,H05,53_9289_H05,1.0,0.0,0.0,62.0,35.3529411764706,0.0588235294117647,0.0,40.8235294117647,4.11764705882353,0.0,0.0,48.5882352941176,0.0,0.0,43.82352941176471,0.0,0.0,46.76470588235289,0.0,0.0,40.3529411764706,0.0,0.0,55.17647058823529,0.47058823529411803,39.6875,0.0,0.0,0.0625,42.8823529411765,0.0,0.0,0.0,112.352941176471,151.125,99.64705882352942,48.4117647058824,0.0,0.0,0.0,0.0,0.0,0.0,0.0,0.0,0.0,0.0,0.0,0.0,0.0
53,9289,H06,53_9289_H06,0.0,0.0,0.0,0.0,62.82352941176471,3.2941176470588194,40.625,50.4117647058824,0.0,67.9375,10.6470588235294,0.0,91.625,0.0,20.8235294117647,52.8125,0.0,91.88235294117649,0.0625,47.1176470588235,24.411764705882398,0.0,88.11764705882351,0.0,73.1176470588235,0.0,66.4117647058823,18.5294117647059,0.0,48.82352941176471,27.7647058823529,0.0,110.294117647059,87.7647058823529,173.875,104.352941176471,143.705882352941,46.3125,0.0,0.0,0.0,0.0,0.0,0.0,0.0,0.0,0.0,0.0,0.0,0.0
53,9289,H07,53_9289_H07,50.0,80.0,0.0,34.1875,3.7058823529411806,8.70588235294118,56.3125,0.0,0.0,0.0,13.411764705882401,21.2352941176471,57.3125,52.29411764705879,0.0,60.9375,0.0,0.0,0.0,27.8235294117647,21.1764705882353,29.25,36.4117647058824,74.1176470588235,0.0,0.0,0.0,37.0588235294118,18.6875,0.0,59.4117647058824,2.5,47.3529411764706,0.0,0.0,24.7647058823529,37.5882352941176,0.0,0.0,0.0,0.0,0.0,0.0,0.0,0.0,0.0,0.0,0.0,0.0,0.0
53,9289,H08,53_9289_H08,35.6,0.0,0.0,0.875,43.5294117647059,0.0,0.0,58.5882352941176,0.0,0.0,2.0,56.17647058823529,0.625,0.0,48.6470588235294,1.0625,66.2352941176471,0.529411764705882,16.3125,11.411764705882401,0.0,0.0,0.0,6.47058823529412,37.8235294117647,0.0625,0.0,0.0,0.0,38.4705882352941,22.647058823529395,0.0,0.0,55.82352941176471,21.375,24.411764705882398,34.823529411764696,0.0,0.0,0.0,0.0,0.0,0.0,0.0,0.0,0.0,0.0,0.0,0.0,0.0
53,9289,H09,53_9289_H09,11.2,0.0,54.5294117647059,0.0,0.0,40.8823529411765,27.6875,0.0,0.0,0.0,0.0,108.647058823529,15.75,0.0,0.0,0.0,0.0,32.941176470588196,28.1875,0.0,2.64705882352941,29.25,0.0,0.0,0.0,0.0,35.8823529411765,24.8235294117647,0.0,26.1176470588235,5.76470588235294,0.0,16.0,106.764705882353,108.8125,130.176470588235,0.0,0.0,0.0,0.0,0.0,0.0,0.0,0.0,0.0,0.0,0.0,0.0,0.0,0.0
53,9289,H10,53_9289_H10,5.0,0.0,35.8823529411765,1.4375,58.6470588235294,0.0,45.375,0.0588235294117647,0.0,24.3125,0.0,0.0,47.0625,4.0,0.0,0.0,23.2352941176471,2.35294117647059,24.75,19.2941176470588,0.0,0.0,20.3529411764706,0.0,41.5882352941176,0.0,10.6470588235294,20.2352941176471,52.8125,6.941176470588241,26.411764705882398,14.1875,0.0,0.0,0.0,0.0,0.0,0.0,0.0,0.0,0.0,0.0,0.0,0.0,0.0,0.0,0.0,0.0,0.0,0.0
53,9289,H11,53_9289_H11,1.0,0.0,0.0,0.0,42.4117647058824,0.0,0.0,42.1176470588235,5.0,0.0,11.764705882352901,27.0,0.0,53.76470588235289,0.0,0.0,0.0,32.941176470588196,0.0,0.0,50.29411764705879,0.0,0.0,20.8235294117647,35.8235294117647,114.0625,2.7058823529411806,0.0,0.0,0.0,0.0,0.0,0.0,0.0,0.0,0.0,0.0,54.5,0.0,0.0,0.0,0.0,0.0,0.0,0.0,0.0,0.0,0.0,0.0,0.0
53,9289,H12,53_9289_H12,0.0,0.0,0.0,0.0,0.0,0.0,0.0,0.0,0.0,0.0,0.0,0.0,0.0,0.0,0.0,0.0,0.0,0.0,0.0,0.0,0.0,0.0,0.0,0.0,0.0,0.0,0.0,0.0,0.0,0.0,0.0,0.0,0.0,0.0,0.0,0.0,0.0,0.0,0.0,0.0,0.0,0.0,0.0,0.0,0.0,0.0,0.0,0.0,0.0,0.0
53,9290,A01,53_9290_A01,50.0,0.0909090909090909,0.0,0.0,0.0,0.0,0.0,0.0,0.0,0.0,0.0,0.0,0.0,0.0,0.0,0.0,0.0,0.0,0.0,0.0,0.0,0.0,0.0,0.0,0.0,0.0,0.0,0.0,0.0,0.0,0.0,0.0,0.0,0.0,0.0,0.0,0.0,0.0,0.0,0.0,0.0,0.0,0.0,0.0,0.0,0.0,0.0,0.0,0.0,0.0
53,9290,A02,53_9290_A02,35.6,0.0,47.4705882352941,0.0,0.0,37.5294117647059,0.0,0.0,0.0,45.0625,0.0,0.0,38.9375,0.0,0.0,45.5,4.47058823529412,0.0,0.0,38.5294117647059,0.0,0.0,44.94117647058821,0.0,17.4117647058824,23.9375,0.0,0.11764705882352902,27.0,22.529411764705895,0.0,0.0,129.588235294118,133.0,118.4375,20.6470588235294,18.3529411764706,25.4375,0.11764705882352902,0.0,0.0,0.0,0.0,0.0,0.0,0.0,0.0,0.0,35.8235294117647,18.823529999999998
53,9290,A03,53_9290_A03,11.2,93.3636363636364,14.764705882352901,0.0,0.0,48.29411764705879,0.0,0.0,0.0,0.0,0.0,15.176470588235302,0.0,0.0,71.52941176470591,0.0,0.0,80.5882352941177,0.0,40.2352941176471,0.0,0.0,60.82352941176471,0.0,1.94117647058824,55.75,0.0,0.0,0.0,2.05882352941176,0.0,0.0,37.7058823529412,90.7647058823529,2.0625,73.7058823529412,0.0,0.0,0.0,0.0,0.0,0.0,0.0,0.0,0.0,0.0,0.0,0.0,0.0,0.0
53,9290,A04,53_9290_A04,5.0,0.0,0.0,0.0625,0.0,74.7647058823529,0.0,28.0,12.470588235294098,0.0,0.0,0.0,50.625,0.0,0.0,61.75,2.11764705882353,0.0,0.0,0.0588235294117647,47.1176470588235,0.0625,0.0,0.0,37.3529411764706,16.625,0.0,0.0,0.0,0.0,44.94117647058821,0.0,33.176470588235304,141.88235294117598,35.75,13.0,4.94117647058824,0.0625,0.0,0.0,0.0,0.0,0.0,0.0,0.0,0.0,0.0,0.0,0.0,0.0
53,9290,A05,53_9290_A05,1.0,0.0,56.05882352941179,9.625,61.05882352941179,0.0,0.0,0.0,0.0,71.9375,0.0,48.94117647058821,0.0,0.0,34.294117647058805,30.5,39.0,6.47058823529412,0.0,0.0588235294117647,46.82352941176471,20.5,64.64705882352939,2.82352941176471,0.11764705882352902,10.3125,66.9411764705882,13.0588235294118,66.75,0.0,0.0588235294117647,0.0,43.4117647058824,176.29411764705898,88.0,97.11764705882351,147.941176470588,39.6875,0.0,0.0,0.0,0.0,0.0,0.0,0.0,0.0,0.0,0.0,0.0,0.0
53,9290,A06,53_9290_A06,0.0,0.0,0.0,0.0,0.0,59.6470588235294,14.625,0.0,44.23529411764711,0.0,0.0,0.0,0.0625,87.0588235294118,0.0,0.0,0.0,0.0,0.0,0.0,0.0,43.9375,0.0,0.0,0.0,0.0,57.82352941176471,0.23529411764705901,0.0,0.0588235294117647,44.70588235294121,0.0,47.94117647058821,128.588235294118,64.4375,97.0,25.470588235294105,6.0625,0.0,0.0,0.0,0.0,0.0,0.0625,0.0,0.0588235294117647,0.0,0.0,0.0,0.0
53,9290,A07,53_9290_A07,50.0,0.0,0.0,0.0,0.0,55.23529411764711,0.0,0.0,0.0,0.0,0.0,0.0,38.875,1.11764705882353,0.0,36.625,40.8235294117647,0.0,0.0,0.0,0.0,72.875,1.29411764705882,0.0,44.3529411764706,0.3125,0.11764705882352902,0.0,0.0,0.11764705882352902,11.705882352941199,42.25,49.70588235294121,132.352941176471,125.0,116.17647058823499,89.0588235294118,17.625,0.0,0.0,0.0,0.0588235294117647,0.0,0.0,0.0588235294117647,0.0,0.0,0.0,0.0,0.0
53,9290,A08,53_9290_A08,35.6,16.727272727272698,8.76470588235294,0.0,9.117647058823529,9.23529411764706,9.3125,3.2941176470588194,10.294117647058801,0.0625,12.3529411764706,0.0,32.0625,14.235294117647099,2.11764705882353,16.3125,13.764705882352901,3.2941176470588194,4.4375,10.5294117647059,3.6470588235294104,9.0,1.88235294117647,9.47058823529412,0.0588235294117647,8.4375,7.64705882352941,1.23529411764706,0.0,0.0,0.0,12.625,0.0,0.0,3.9375,0.0,0.0,0.0,0.0,0.0,0.0,0.0,0.0588235294117647,0.0,0.0,0.0,0.0,0.0,0.0,0.0
53,9290,A09,53_9290_A09,11.2,0.0,0.0,11.875,13.823529411764698,0.0,0.0,0.0,5.29411764705882,43.8125,0.0,0.0,0.0,29.941176470588196,0.0,0.0,0.0588235294117647,0.0,36.9375,0.529411764705882,0.0,0.0,41.8823529411765,0.0,29.058823529411804,2.5,0.0,86.52941176470591,15.0,0.0,0.0,0.0,0.0,34.0,128.75,96.0,83.47058823529409,0.0625,0.0,0.0,0.0,0.0588235294117647,0.0588235294117647,0.0,0.0,0.0,0.0,0.0,0.0,0.0
53,9290,A10,53_9290_A10,5.0,2.54545454545455,0.0,0.0,0.0,21.2941176470588,12.3125,0.0,0.0,0.0,62.94117647058821,1.4117647058823501,36.0625,0.0,0.0,0.0,0.0,0.0,0.0,61.76470588235289,0.0,0.0,33.5882352941176,0.0,0.0,0.0,0.0,0.0,20.0625,14.705882352941199,0.0,34.25,0.23529411764705901,89.88235294117649,128.6875,86.1764705882353,0.0588235294117647,0.0,0.0,0.0,0.125,0.0,0.0,0.0,0.0,0.0,0.0,0.0,0.0,0.0
53,9290,A11,53_9290_A11,1.0,0.0,11.823529411764698,7.8125,0.0,0.0,0.0,12.0588235294118,8.11764705882353,0.0,14.470588235294098,2.35294117647059,0.0,0.0,0.0,0.0,0.0,16.352941176470598,0.0,14.6470588235294,0.0,0.0625,0.0,0.0,13.6470588235294,13.1875,0.0,0.0,14.6875,0.0,0.0,0.0,0.0,17.1176470588235,34.0625,14.294117647058801,0.0,0.0625,0.0,0.0,0.0,0.0,0.0,0.0,0.0,0.0,0.0,0.0,0.0588235294117647,0.0
53,9290,A12,53_9290_A12,0.0,0.0,0.0,0.0,0.0,0.0,25.5,0.0,0.0,0.0,0.0,0.0,0.0,0.0,0.0,0.0,0.0,0.0,27.75,0.0,0.0,39.875,0.0,11.6470588235294,9.94117647058824,0.0,0.0,0.0,0.0,0.0,0.0,0.0,8.823529411764712,62.6470588235294,58.8125,13.705882352941199,8.47058823529412,2.25,0.0,0.0,0.0,0.0,0.0,0.0,0.0,0.0,0.0,0.0,0.0,0.0
53,9290,B01,53_9290_B01,50.0,0.0,0.0,0.0,36.6470588235294,13.117647058823499,0.0,46.1176470588235,0.0,0.0,0.0,31.8823529411765,21.625,0.0,47.76470588235289,0.0,0.0,0.0,0.0,49.6470588235294,13.705882352941199,32.0625,0.0,0.0,0.0,35.4375,13.0588235294118,2.23529411764706,48.5,0.0,0.0,51.0,1.5882352941176499,0.0,0.0,0.0,0.0,0.0,0.0,0.0,0.0,0.0,0.0,0.0,0.0,0.0,0.0,0.0,0.0,0.0
53,9290,B02,53_9290_B02,35.6,0.0,68.2941176470588,0.0,0.0,80.3529411764706,2.5,0.0,72.47058823529409,0.0,0.0,24.411764705882398,57.625,0.0,0.0,75.9375,0.23529411764705901,0.0,0.0,47.1176470588235,38.2352941176471,0.0,0.0,78.52941176470591,0.0,97.9375,0.0,0.0,65.1875,12.176470588235302,0.0,0.0,44.76470588235289,149.294117647059,167.4375,149.0,114.705882352941,5.25,0.0,0.0,0.0,0.0,0.0,0.0,0.0,0.0,0.0,0.0,0.0,0.0
53,9290,B03,53_9290_B03,11.2,0.0,0.0,38.375,35.7058823529412,4.17647058823529,52.75,1.6470588235294097,69.0588235294118,0.0,0.0,0.0,67.3125,0.0,18.2352941176471,27.625,0.0,0.0,30.1875,23.411764705882398,0.0,0.0,0.0,0.0,57.4117647058824,5.5625,45.76470588235289,13.235294117647099,0.0,17.470588235294098,54.4705882352941,16.75,15.9411764705882,55.4117647058824,50.4375,37.7647058823529,35.176470588235304,0.0,0.0,0.0,0.0,0.0,0.0,0.0,0.0,0.0,0.0,0.0,0.0,0.0
53,9290,B04,53_9290_B04,5.0,0.0,0.0,0.0,54.76470588235289,7.882352941176469,0.0,4.94117647058824,58.1176470588235,0.0,0.0,7.35294117647059,51.9375,0.0,0.0,66.8125,0.0,0.0,0.0,60.23529411764711,0.0588235294117647,0.0,0.0,63.05882352941179,0.0,0.0,91.8235294117647,0.0,57.3125,0.0,0.0,0.0,0.0,122.235294117647,81.25,115.58823529411801,74.2352941176471,0.0,0.0,0.0,0.0,0.0,0.0,0.0,0.0,0.0,0.0,0.0,0.0588235294117647,0.0
53,9290,B05,53_9290_B05,1.0,0.0,59.82352941176471,7.4375,0.0,70.82352941176471,9.9375,0.0,80.52941176470591,0.0,0.0588235294117647,79.5882352941177,0.0,0.0,62.23529411764711,4.0,0.0,76.9411764705882,0.0,0.0,78.6470588235294,1.3125,49.29411764705879,0.0588235294117647,0.0,0.0,59.5294117647059,0.0,0.0,60.0,5.29411764705882,0.0,0.0588235294117647,163.88235294117598,75.5,25.941176470588196,0.0,0.0,0.0588235294117647,0.0,0.0,0.0,0.0,0.0,0.0,0.0,0.0,0.0,0.0,0.0
53,9290,B06,53_9290_B06,0.0,108.545454545455,0.23529411764705901,0.0,43.5882352941176,0.0,0.0,0.0588235294117647,0.0,59.0625,0.0,0.0,1.0,46.8823529411765,0.0,0.0,56.0,0.0,0.0,0.0,0.11764705882352902,56.75,25.941176470588196,0.0,34.5294117647059,11.8125,0.0,0.0,0.0,41.0,13.823529411764698,0.0,0.0,0.0588235294117647,0.0625,0.0,0.0,0.0625,0.0,0.0,0.0,0.0,0.0588235294117647,0.0,0.0,0.0588235294117647,0.0588235294117647,0.0,0.0588235294117647,0.0
53,9290,B07,53_9290_B07,50.0,0.0,0.0,33.4375,9.647058823529411,0.0,49.9375,0.0,0.0,0.0,0.0,64.8823529411765,0.0625,0.0,0.0,0.0,44.70588235294121,0.0,0.0,0.0,30.8235294117647,21.125,0.0,0.0,0.0,0.0625,0.0,26.7058823529412,20.9375,0.0588235294117647,0.0,0.0,0.11764705882352902,0.0,47.3125,1.6470588235294097,0.0,0.0,0.11764705882352902,0.0,0.0,0.0,0.0588235294117647,0.0,0.0,0.0,0.0588235294117647,0.0625,0.0,0.0
53,9290,B08,53_9290_B08,35.6,0.0909090909090909,0.0,72.125,0.0588235294117647,0.0,27.9375,1.5882352941176499,0.0,56.625,1.6470588235294097,0.0,49.3125,0.0,48.6470588235294,0.0625,0.0,0.0588235294117647,47.5,0.0588235294117647,55.17647058823529,10.6875,0.0,27.2941176470588,27.1176470588235,54.0,0.0,0.0,0.875,76.4117647058823,0.0,0.0625,1.23529411764706,45.0,151.1875,160.352941176471,15.764705882352901,0.0625,0.0,0.0,0.0625,0.0,0.0,0.0,0.0,0.0588235294117647,0.0588235294117647,0.0625,0.0,0.0
53,9290,B09,53_9290_B09,11.2,46.545454545454504,0.0588235294117647,0.0,0.0,31.647058823529395,32.875,30.352941176470605,0.0,0.0,0.0,0.0588235294117647,56.3125,0.0,32.058823529411804,2.0,0.0,0.0,0.0,50.8823529411765,7.17647058823529,0.0625,26.2941176470588,0.0,0.0,14.8125,22.8235294117647,25.1176470588235,11.4375,0.0,0.0,0.0,36.8235294117647,114.352941176471,221.0,122.529411764706,156.235294117647,101.625,75.47058823529409,9.47058823529412,0.0,0.0,0.0,0.0,0.0588235294117647,0.0,0.0,0.0,0.0,0.0
53,9290,B10,53_9290_B10,5.0,8.72727272727273,14.6470588235294,0.0,0.0,0.0,28.5,0.0,83.7647058823529,2.125,0.0,0.0,0.0,0.0,0.0,0.0,19.0588235294118,24.470588235294105,0.0,0.0,54.5882352941176,0.0,0.0,0.0,0.0,0.0,11.882352941176501,9.23529411764706,0.0,0.0,0.0,0.0,29.7647058823529,113.82352941176501,84.375,54.3529411764706,34.0,72.375,0.0,0.0,0.0,0.0,0.0,0.0,0.0,0.0,0.0,0.0,0.0,0.0
53,9290,B11,53_9290_B11,1.0,0.0,0.0,24.5625,0.0,0.0,0.0,21.588235294117602,0.17647058823529396,0.0,4.70588235294118,18.0,0.0,0.0,0.0,23.5,0.0,0.0,0.0,22.411764705882398,0.0,0.0,0.0,19.2941176470588,5.29411764705882,0.0,0.0,31.470588235294105,0.0,0.0,27.7058823529412,0.0,0.0,25.058823529411804,65.3125,3.88235294117647,122.294117647059,48.625,0.0,0.0,0.0625,0.0,0.0,0.0,0.0,0.0,0.0,0.0,0.0,0.0
53,9290,B12,53_9290_B12,0.0,39.2727272727273,12.294117647058801,0.0,34.5294117647059,0.0588235294117647,0.0,0.0,0.0,0.0,0.0,32.0,0.0,34.1176470588235,0.0,0.0,0.0,0.0,44.75,0.11764705882352902,0.0,33.6875,0.0,0.0,0.0,0.0,0.0,0.0,0.0,39.5882352941176,1.11764705882353,48.8125,1.3529411764705903,12.411764705882401,102.625,62.29411764705879,0.0,0.0,0.0,0.0,0.0,0.0,0.0,0.0,0.0,0.0,0.0,0.0,0.0,0.0
53,9290,C01,53_9290_C01,50.0,0.0,0.0,39.75,0.11764705882352902,55.82352941176471,1.1875,0.0,0.0,0.0,2.58823529411765,39.0,0.0,82.2941176470588,35.5294117647059,0.0,0.0,0.0,0.0,46.94117647058821,0.0,0.0,0.0,42.4705882352941,0.0,0.0,0.0,49.4705882352941,0.0,0.0,0.0,0.0,0.0,0.0,28.4375,11.882352941176501,0.0,0.0625,0.0,0.0,0.0,56.1176470588235,2.58823529411765,0.0,0.0,0.0,0.0,0.0,0.0,0.0
53,9290,C02,53_9290_C02,35.6,28.7272727272727,43.6470588235294,0.0,0.0588235294117647,42.5882352941176,60.5625,0.0,0.0,1.4375,76.2352941176471,56.5882352941176,0.0,0.0,0.0,40.9375,27.0,0.0,0.0,5.11764705882353,73.47058823529409,0.0,61.6470588235294,0.0,29.0,36.1875,0.0,0.0,0.0,65.64705882352939,0.0,0.0,17.1764705882353,108.0,133.875,53.0,0.0,0.0,0.0,0.0,0.0,0.0,0.0,0.0,0.0,0.0,0.0,0.0,0.0,0.0
53,9290,C03,53_9290_C03,11.2,0.0,30.058823529411804,37.75,0.0,0.0,62.4375,5.0,0.0,0.0,0.0,0.0,61.375,5.05882352941176,0.0,0.0,27.529411764705895,29.2941176470588,0.0,0.0,56.4117647058824,3.75,0.0,0.0,65.4705882352941,2.5625,0.0,0.0,0.0,0.0,29.7058823529412,41.9375,0.0,59.94117647058821,116.3125,88.52941176470591,0.0,0.0,0.0,0.0,0.0,0.0,0.0,0.0,0.0,0.0,0.0,0.0,0.0588235294117647,0.0
53,9290,C04,53_9290_C04,5.0,0.0,78.2941176470588,0.0,0.0,0.0,0.0,1.8235294117647098,61.70588235294121,0.0,0.0,76.5882352941177,0.0,0.0,0.0,54.8125,0.0,0.0,72.375,0.647058823529412,0.0,0.0,13.823529411764698,53.05882352941179,0.0,0.0,47.5294117647059,12.0588235294118,0.0625,0.0,0.0,57.8125,47.05882352941179,210.35294117647098,191.5625,169.235294117647,196.35294117647098,124.25,32.5294117647059,0.0,0.0,0.0,0.0,0.0,0.0,0.0,0.0,0.0,0.0,0.0
53,9290,C05,53_9290_C05,1.0,0.0,3.6470588235294104,58.1875,0.0,0.0,0.0,0.0,0.0,22.4375,38.9411764705882,0.0,58.1875,0.0,0.0,65.625,6.588235294117651,61.70588235294121,0.0,0.0588235294117647,0.0,0.0,77.2941176470588,0.0,0.0,1.6875,65.0,0.0,0.0625,0.0588235294117647,0.0,55.5,0.0588235294117647,0.0588235294117647,0.0,0.0,56.76470588235289,0.0625,0.0,32.6470588235294,22.5,0.0,0.0,0.0,0.0,0.0,0.0,0.0,0.0,0.0
53,9290,C06,53_9290_C06,0.0,0.0909090909090909,57.4705882352941,0.0,89.2941176470588,0.17647058823529396,56.875,0.0,75.4117647058823,26.4375,0.0588235294117647,54.17647058823529,48.3125,52.8823529411765,0.0,0.0,93.88235294117649,54.8823529411765,0.0625,0.0,0.0,64.875,0.0,0.0,0.0588235294117647,0.0,49.4117647058824,0.0,0.0,50.4705882352941,3.2941176470588194,0.0625,12.117647058823499,133.411764705882,162.0,126.235294117647,70.2941176470588,0.75,0.0588235294117647,0.0,0.0,0.0,0.0,0.0,0.0,0.0,0.0588235294117647,0.0,0.0,0.05882353
53,9290,C07,53_9290_C07,50.0,99.0,0.0,27.9375,39.8235294117647,0.0588235294117647,0.0625,0.0,0.0,16.875,44.0,0.0588235294117647,62.5625,2.17647058823529,0.0,0.0,0.17647058823529396,0.0,67.5,77.0,0.0,0.0,0.11764705882352902,0.0,121.352941176471,0.0625,0.0588235294117647,58.1176470588235,0.0,0.0,0.0,0.0,0.0,109.352941176471,0.0625,0.0,0.0,0.0,0.0,0.0,0.0,0.0,0.0588235294117647,0.0,0.0588235294117647,0.0,0.0,0.0,0.0588235294117647,0.0
53,9290,C08,53_9290_C08,35.6,12.0,0.0,0.0,40.7647058823529,4.17647058823529,0.0,0.0,0.0,62.375,16.8823529411765,26.2941176470588,0.0,0.0588235294117647,0.0,0.0,54.17647058823529,0.0,40.6875,0.0,0.0,0.0,68.5294117647059,0.0,0.0,41.0,0.0,0.0,0.0,13.3529411764706,54.76470588235289,0.1875,34.058823529411804,0.17647058823529396,67.6875,5.23529411764706,0.0,0.0,0.0,0.0,0.0,0.0,0.0,0.0,0.0,0.0,0.0,0.0,0.0,0.0
53,9290,C09,53_9290_C09,11.2,0.0,3.3529411764705896,35.875,0.0,0.0,20.125,21.588235294117602,0.0,20.125,45.0,24.058823529411804,1.75,0.0,0.0,0.0,0.0588235294117647,57.29411764705879,0.0,25.1176470588235,0.0,0.0,0.0,33.2352941176471,23.7647058823529,12.6875,13.235294117647099,0.0,0.0,0.0588235294117647,0.0,40.3125,0.0,0.0,14.5625,18.8235294117647,0.0588235294117647,0.0,0.0,0.0588235294117647,0.0,0.0,0.0,0.0,0.0,0.0,0.0,0.0,0.0,0.0
53,9290,C10,53_9290_C10,5.0,0.0,0.0,0.0,0.0,0.0588235294117647,0.0,0.0,0.0,0.0,24.352941176470605,7.294117647058821,0.0,0.0,0.0,49.25,108.470588235294,6.64705882352941,0.0,0.0,0.0,0.0,0.0,60.82352941176471,0.0,0.0,0.0,0.0,0.0625,0.0,37.7647058823529,7.8125,0.0,65.0588235294118,32.4375,0.0,0.0,0.0,0.0,0.0,0.0,0.0588235294117647,0.0588235294117647,0.0,0.0,0.0,0.0,0.0,0.0,0.0
53,9290,C11,53_9290_C11,1.0,0.0,2.52941176470588,23.625,0.0,0.0,0.0,0.0,0.0,0.0625,0.0,16.1176470588235,16.75,24.352941176470605,0.0588235294117647,0.0625,0.0,0.0,37.9375,0.882352941176471,0.0,31.375,0.0588235294117647,0.0,0.0,17.75,18.2352941176471,0.0,0.0625,28.1176470588235,2.35294117647059,0.0,0.0,0.0,63.4375,5.35294117647059,0.0,0.0,0.0,0.0,0.0625,0.0,0.0,0.0,0.0,0.0,0.0,0.0,0.0,0.0
53,9290,C12,53_9290_C12,0.0,74.1818181818182,4.0,34.0,0.0,0.0,0.0,26.941176470588196,0.0,0.0,0.0,58.17647058823529,0.0,0.0,0.0,0.0,22.529411764705895,0.0,0.0,40.0,45.6470588235294,0.0,0.0,0.0,0.0,42.6875,0.0,0.588235294117647,29.0,0.0,0.0,0.0,56.3529411764706,89.11764705882351,158.625,123.41176470588199,27.8235294117647,0.0,0.0,0.0,0.0,0.0,0.0,0.0,0.0,0.0588235294117647,0.0,0.0,0.0,0.0
53,9290,D01,53_9290_D01,50.0,13.727272727272698,10.9411764705882,30.375,0.0,0.0588235294117647,73.3125,0.0,0.0,46.25,0.0,45.29411764705879,0.0,82.4117647058823,0.0,0.0,0.0,0.0,0.0,53.3529411764706,0.0,0.0,0.0,0.0,41.7647058823529,0.0,59.3529411764706,0.0,0.0,0.0,0.0,0.0,0.0,38.4117647058824,66.9375,3.3529411764705896,0.0,0.0,0.0,0.0,0.0,0.0,0.0,0.0,0.0,0.0,0.0,0.0,0.0,0.0
53,9290,D02,53_9290_D02,35.6,65.9090909090909,0.294117647058824,27.9375,77.1176470588235,0.0,0.0,0.0,39.6470588235294,0.0,0.0,0.0,0.0,65.82352941176471,0.0,0.0,36.8235294117647,0.0,0.0,0.0,0.0,0.0,46.4705882352941,0.411764705882353,49.5882352941176,17.1875,0.0,34.5294117647059,5.625,0.0,42.2352941176471,7.25,0.0,96.0,100.1875,111.470588235294,20.6470588235294,4.875,0.0,0.0,0.0,0.0,0.0,0.0,0.0,0.0,0.0,0.0,0.0,0.0
53,9290,D03,53_9290_D03,11.2,0.0,0.0,0.0,0.0588235294117647,0.0,0.0,83.2352941176471,0.0,0.0,0.0,0.0,79.1875,0.0,0.0,0.0,0.0,0.0,105.3125,0.0,0.0,0.0,0.0,9.05882352941176,69.7647058823529,0.0,0.0,0.0,0.0,0.0,0.0,102.9375,47.82352941176471,96.9411764705882,68.3125,3.05882352941176,71.8823529411765,0.0,0.0,0.0588235294117647,0.0,0.0,0.0,0.0625,0.0,0.0,0.0588235294117647,0.0,0.0,0.0
53,9290,D04,53_9290_D04,5.0,103.90909090909099,2.23529411764706,0.0625,53.4705882352941,25.1176470588235,0.0,0.0588235294117647,63.23529411764711,0.4375,0.0,0.0,67.8125,0.0,0.0,0.0,78.7647058823529,0.0,60.3125,10.6470588235294,0.0588235294117647,0.0,0.0,0.0,58.94117647058821,0.0,67.7647058823529,2.82352941176471,0.0,0.0,41.9411764705882,23.0625,66.0,139.647058823529,139.0625,56.70588235294121,71.9411764705882,38.375,0.0,0.0,0.0625,0.0,0.0,0.0,0.0,0.0588235294117647,0.0,0.0,0.0,0.0
53,9290,D05,53_9290_D05,1.0,53.636363636363605,0.0,0.0,44.70588235294121,5.35294117647059,0.0,74.3529411764706,9.29411764705882,44.6875,0.0,0.0,0.0,0.11764705882352902,0.0588235294117647,33.875,6.52941176470588,31.941176470588196,24.375,0.0,0.0,0.875,41.4117647058824,0.11764705882352902,51.76470588235289,0.0,40.3529411764706,8.882352941176471,0.0,59.3529411764706,26.941176470588196,22.875,0.0,0.0,23.125,143.647058823529,0.0588235294117647,0.0,0.0,0.0,0.0625,0.0,0.0,0.0,0.0,48.94117647058821,0.0,82.4375,66.1176470588235,0.1176471
53,9290,D06,53_9290_D06,0.0,0.0,0.11764705882352902,0.0625,0.0588235294117647,0.0,0.0625,0.0,0.0588235294117647,0.0625,0.0,0.0,0.0625,0.0588235294117647,0.0,0.0,0.0,0.0,0.0,0.0,0.0,0.0,0.0,0.0588235294117647,0.0,0.0,0.0,0.0,0.0,0.0588235294117647,0.11764705882352902,0.0,0.0,0.0,0.0,0.0,0.0,0.0,0.0588235294117647,0.0,0.0,0.0,0.0,0.0,0.0,0.0588235294117647,0.11764705882352902,0.0,0.0,0.0
53,9290,D07,53_9290_D07,50.0,31.5454545454545,0.0,41.0,34.8823529411765,24.411764705882398,42.1875,0.0,0.0,0.0625,0.0,0.647058823529412,41.1875,0.0,81.7058823529412,0.0,0.0,51.17647058823529,22.125,0.0588235294117647,133.0,10.5,0.11764705882352902,0.3529411764705879,44.3529411764706,0.0,0.0,0.0588235294117647,0.0,58.4705882352941,0.0,0.0,0.0588235294117647,68.17647058823529,64.0625,0.0588235294117647,0.0,0.0,74.17647058823529,0.0,0.0,0.0588235294117647,0.0,0.0625,0.0,0.0,0.0,0.0,0.0,0.0
53,9290,D08,53_9290_D08,35.6,0.0,0.0,0.0,0.0,0.0,0.0,61.4117647058824,0.0,30.625,2.7058823529411806,0.0,0.0625,0.0,53.1176470588235,3.4375,16.4117647058824,18.7647058823529,0.0625,0.0,0.0,78.5,0.0,20.0588235294118,15.176470588235302,0.0,30.1176470588235,26.2941176470588,0.0,19.2352941176471,16.1176470588235,0.0,55.17647058823529,63.23529411764711,70.9375,41.8823529411765,38.1764705882353,7.8125,0.588235294117647,0.0,0.0,0.0588235294117647,0.0,0.0,0.0,0.0,0.0588235294117647,0.0,0.0,0.0
53,9290,D09,53_9290_D09,11.2,60.363636363636395,3.05882352941176,0.0,36.7058823529412,2.11764705882353,7.625,42.0588235294118,0.0,0.0,75.7058823529412,0.0,38.0,0.0,0.0,1.375,56.0,0.0588235294117647,2.25,30.1764705882353,0.0,0.0,71.0,0.0588235294117647,12.470588235294098,21.625,0.0,0.0,0.0625,31.0,67.5294117647059,0.0,0.0,0.0,0.0,0.11764705882352902,0.0,0.0,0.0,0.0,0.0,0.0588235294117647,0.0588235294117647,0.0,0.0,0.0,0.0,0.0,0.0588235294117647,0.0
53,9290,D10,53_9290_D10,5.0,0.0,54.23529411764711,1.125,20.8235294117647,12.470588235294098,0.0625,0.0,0.0,0.0,35.8823529411765,0.0,72.4375,0.0,0.0,25.6875,0.0,0.0,76.0625,0.0588235294117647,0.0,12.6875,0.0,0.0,12.588235294117599,42.25,38.5882352941176,0.0588235294117647,0.0,0.0,30.411764705882398,38.8125,146.764705882353,169.529411764706,41.75,97.52941176470591,43.1176470588235,27.6875,0.0,0.0588235294117647,0.0625,0.0,0.0,0.0,0.0,0.0,0.0,0.0625,0.0,0.0
53,9290,D11,53_9290_D11,1.0,0.0,0.0,0.0,0.0,0.0,0.0,0.0,0.0,0.0,0.0,0.0,31.0625,1.5882352941176499,0.0,0.0,0.0,25.411764705882398,0.0,0.0,0.0,17.25,14.588235294117599,0.0,0.0,0.0,0.0,16.8823529411765,8.8125,0.0,0.0,0.0,0.0,0.0,30.5625,0.0,0.0,0.0,0.0,0.0,0.0,0.0,0.0,0.0,0.0,0.0,0.0,0.0,0.0,0.0
53,9290,D12,53_9290_D12,0.0,1.1818181818181799,0.0,0.0,27.0,0.0,0.0,0.0,0.0,25.875,0.0,18.1176470588235,9.6875,0.0,0.0,0.0,28.941176470588196,0.0,0.0,25.647058823529395,0.0,0.0,0.0,23.8235294117647,0.0,0.0,24.8235294117647,0.0,0.0,24.1764705882353,0.0,0.0,0.0,0.0,0.0,0.0,0.0,0.0,0.0,0.0,0.0,0.0,0.0,0.0,0.0,0.0,0.0,0.0,0.0,0.0
53,9290,E01,53_9290_E01,50.0,0.0,0.0,47.0625,2.52941176470588,0.0,0.0,59.5882352941176,0.0,3.875,55.6470588235294,0.0,0.0,0.0,49.05882352941179,3.875,0.0,55.76470588235289,0.0,0.0,0.0,0.0,47.70588235294121,0.0,0.0,63.375,0.0,0.0,30.6875,18.0,0.0,27.625,24.058823529411804,0.0,0.0,0.0,0.0,52.8125,0.0,0.0,0.0,56.1176470588235,0.0,0.0,0.0,0.0,0.0,0.0,0.0,0.0
53,9290,E02,53_9290_E02,35.6,88.2727272727273,0.529411764705882,0.0,38.8823529411765,6.76470588235294,0.0,0.0,0.0,19.375,35.2352941176471,0.0,56.5,0.294117647058824,0.0,0.0,44.76470588235289,28.588235294117602,0.0,3.82352941176471,35.8235294117647,0.0,0.0,0.0,31.588235294117602,13.8125,0.0,3.6470588235294104,41.1875,0.0,0.0,0.0,107.05882352941201,124.05882352941201,51.1875,87.52941176470591,72.1176470588235,19.75,2.82352941176471,0.0,0.0,0.0,0.0,0.0,0.0,0.0,0.0,0.0,0.0,0.0
53,9290,E03,53_9290_E03,11.2,0.0,0.0,49.5625,0.0,0.0,63.8125,0.0,0.0,71.125,61.5882352941176,8.352941176470589,29.8125,0.0,0.0,0.0,0.0,0.0,67.4375,0.0,63.94117647058821,0.0,0.0,0.0,57.17647058823529,0.0,0.0,45.8823529411765,0.0,0.0,0.0,0.0,97.88235294117649,184.529411764706,125.375,84.0588235294118,49.0,93.625,0.0588235294117647,0.0,0.0,0.0,0.0,0.0,0.0,0.0,0.0,0.0,0.0,0.0
53,9290,E04,53_9290_E04,5.0,36.636363636363605,34.3529411764706,19.625,0.0,23.058823529411804,16.5625,28.8823529411765,13.823529411764698,32.375,20.8235294117647,0.0,42.25,0.0,52.23529411764711,0.0,0.0,53.76470588235289,0.0,34.6470588235294,0.0,0.0,38.0588235294118,1.94117647058824,41.8235294117647,0.0,27.7647058823529,12.9411764705882,57.375,11.0588235294118,39.7647058823529,0.0,47.3529411764706,0.0,0.0,0.0,0.0,0.0,0.0,0.0,0.0,0.0,0.0,0.0,5.882352941176469,38.0,0.0,0.0,0.0,0.0
53,9290,E05,53_9290_E05,1.0,0.0,108.117647058824,0.0,0.0,47.17647058823529,1.625,0.0588235294117647,140.529411764706,12.1875,0.0,0.0,0.0,0.0,0.0588235294117647,70.625,0.0,54.6470588235294,10.625,39.7058823529412,33.0,38.875,58.82352941176471,0.0,0.0,0.0,58.5882352941176,0.11764705882352902,0.0,57.3529411764706,15.3529411764706,0.0,0.11764705882352902,0.0,30.6875,73.8823529411765,0.0,0.0,0.0,0.0,0.0,0.0,0.0,0.0,0.0,0.0,0.0,0.0,0.0,0.0
53,9290,E06,53_9290_E06,0.0,0.0,0.0,71.0,0.0,0.0588235294117647,74.125,0.411764705882353,0.0,0.0,56.94117647058821,9.352941176470589,0.0,0.0588235294117647,70.2352941176471,0.0,0.0,0.0,67.3125,6.76470588235294,0.0,46.5625,32.7647058823529,0.0,0.0,38.875,30.647058823529395,0.0,0.0,0.0,0.0,0.0625,77.3529411764706,144.647058823529,12.5,88.4117647058823,0.17647058823529396,0.0,0.0,0.0,0.0625,0.0,0.0,0.125,0.0588235294117647,0.0,0.0,0.0,0.0,0.0
53,9290,E07,53_9290_E07,50.0,0.0,30.2941176470588,2.25,5.705882352941179,27.7647058823529,0.0625,0.0,0.0,28.9375,0.0588235294117647,33.705882352941195,0.0,0.0,0.0,0.0,17.2352941176471,11.9411764705882,0.0,11.294117647058801,20.1764705882353,0.0,0.0588235294117647,0.0588235294117647,0.0,0.0,0.11764705882352902,31.470588235294105,0.0,26.529411764705895,0.0588235294117647,0.0,0.0,0.0,45.1875,0.0,0.0,63.3125,0.0,0.0,0.0625,0.0588235294117647,0.11764705882352902,0.0625,0.0588235294117647,33.4705882352941,0.0,0.0,0.0,0.0
53,9290,E08,53_9290_E08,35.6,0.0,0.0,0.0,81.4117647058823,0.0,0.0,25.941176470588196,16.352941176470598,0.0,4.29411764705882,64.64705882352939,0.0,0.0,0.0,0.0,40.9411764705882,30.411764705882398,0.0625,34.2352941176471,8.882352941176471,0.0,46.4705882352941,17.6470588235294,0.0,0.0,42.2941176470588,29.1176470588235,0.0,68.1176470588235,1.7647058823529398,0.0,0.0,0.0,0.0,0.0,0.0,31.9375,0.0,0.0588235294117647,0.0,0.0,0.0,0.0,0.0,0.0,0.0588235294117647,0.0,0.0,0.0
53,9290,E09,53_9290_E09,11.2,0.0,25.7647058823529,6.8125,0.0,0.0,0.0,0.0588235294117647,0.0,0.0,18.8823529411765,6.941176470588241,0.0,0.0,34.0,0.0,0.0,0.0588235294117647,29.5625,3.58823529411765,0.0,0.0,0.0,0.0588235294117647,29.411764705882398,4.1875,0.0,0.0,0.0,38.1176470588235,45.94117647058821,12.0,0.0,211.058823529412,246.875,120.94117647058799,3.2941176470588194,0.0,0.0,0.0,0.0,0.0,0.0,0.0,0.0,0.0,0.0,0.0,0.0,0.0
53,9290,E10,53_9290_E10,5.0,39.2727272727273,13.823529411764698,0.0,0.0,0.0,32.4375,0.0,0.0,0.0,11.294117647058801,24.411764705882398,0.0,0.0,0.0,34.75,0.17647058823529396,0.0,0.0,0.0,0.0,32.1875,0.11764705882352902,0.0,30.1176470588235,1.8125,0.0,0.0,0.0,0.0,35.5294117647059,0.0,0.0,0.0,0.0,0.0,0.0,0.0,0.0,0.0,0.0,0.0,0.0,0.0,0.0,0.0,0.0,0.0,0.0,0.05882353
53,9290,E11,53_9290_E11,1.0,10.6363636363636,0.0,0.0,21.411764705882398,0.0,0.0,28.7647058823529,1.05882352941176,0.0,0.0,0.588235294117647,21.25,0.0,0.0,23.5625,1.1764705882352902,0.0588235294117647,24.25,0.0,0.0,0.0,28.588235294117602,0.0588235294117647,23.411764705882398,0.0,0.0,36.2941176470588,0.125,0.0,23.0,0.0,0.0,23.058823529411804,0.3125,26.1764705882353,0.0,18.1875,0.0,0.0,0.0,0.0,0.0,0.0625,0.0,0.0,0.0,0.0,0.0,0.0
53,9290,E12,53_9290_E12,0.0,0.0,0.0,0.0,33.294117647058805,0.0,0.0,12.235294117647099,27.352941176470605,0.0,0.0,0.0,5.25,18.9411764705882,0.0,20.125,29.411764705882398,0.0,0.0,0.0,13.823529411764698,0.0,32.2352941176471,8.0,0.0,0.0,0.0,0.0,15.375,0.0,0.0,46.3125,0.23529411764705901,0.0,66.875,4.52941176470588,0.0,0.0,0.0,0.0,0.0,0.0,0.0,0.0,0.0,0.0,0.0,0.0,0.0,0.0
53,9290,F01,53_9290_F01,50.0,0.0,34.294117647058805,0.0,0.0,35.176470588235304,0.0625,0.0,0.0,37.625,1.1764705882352902,0.0,40.0,3.6470588235294104,0.0,0.0,0.0,35.7647058823529,0.0,38.6470588235294,0.0,0.0,0.0,37.8823529411765,0.0588235294117647,0.0,1.05882352941176,41.0588235294118,0.0,6.35294117647059,37.1764705882353,33.625,5.76470588235294,0.0,26.3125,58.76470588235289,0.0,0.0,0.0,0.0,0.0,0.0,0.0,0.0,0.0,0.0,0.0,0.0,0.0,0.0
53,9290,F02,53_9290_F02,35.6,0.0,72.7647058823529,7.6875,11.470588235294098,30.8235294117647,0.0,0.0,0.0,53.0625,0.0,46.94117647058821,44.25,41.1176470588235,0.0,0.0,0.0,0.0,86.4375,0.0,0.0,16.0625,29.1764705882353,0.0,0.0,61.5625,26.529411764705895,39.7647058823529,0.0,0.0,64.8823529411765,23.25,40.7647058823529,123.0,144.25,240.17647058823502,77.17647058823529,0.0,0.0,0.0,0.0,0.0,0.0,0.0,0.0,0.0,0.0,0.0,0.0,0.0
53,9290,F03,53_9290_F03,11.2,0.0,0.0,0.0,53.4705882352941,0.0,0.0,15.0,34.823529411764696,0.0,0.0,0.0,49.5625,1.0,0.0,0.0,64.0,0.0,0.0,0.0,43.4705882352941,7.875,0.0,0.0,62.29411764705879,7.9375,22.8235294117647,100.94117647058799,0.0,0.0,0.0,0.0,0.0,83.9411764705882,148.25,125.705882352941,58.5882352941176,3.875,0.0,0.0,0.0,0.0,0.0,0.0,0.0,0.0,0.0,0.0,0.0,27.764709999999997
53,9290,F04,53_9290_F04,5.0,0.0,0.0,0.0,78.2352941176471,20.588235294117602,0.0,0.0,80.8823529411765,29.9375,0.0,0.0,0.0,84.7058823529412,0.0,0.0,0.0,0.0,98.6875,1.7647058823529398,0.0,46.75,42.1764705882353,156.823529411765,0.0,0.0,0.0,0.0,0.0625,0.0,3.0,61.625,109.647058823529,209.64705882352902,192.25,159.11764705882402,48.4705882352941,1.125,0.0,0.0,0.0,0.0,0.0,0.0,0.0588235294117647,0.0,0.0,0.0,0.0,0.0
53,9290,F05,53_9290_F05,1.0,0.0,0.0,0.0,0.0,1.88235294117647,0.0,0.0,0.0,0.5625,0.0,0.0,0.0,0.0,0.0,0.4375,0.0,0.0,0.0,0.0,0.0,0.0,0.0588235294117647,0.47058823529411803,0.0,0.0,0.0,0.0588235294117647,0.0,0.23529411764705901,0.0,0.0,0.0,0.0,0.0,0.0,0.0,0.0,0.0,0.0,0.0,0.0,0.0,0.0625,0.0,0.0,0.0,1.4375,0.0588235294117647,0.0
53,9290,F06,53_9290_F06,0.0,0.0909090909090909,68.7058823529412,0.0,0.0,71.7647058823529,0.0,73.4117647058823,0.0,0.0,60.94117647058821,6.411764705882349,0.0,77.9411764705882,5.588235294117651,0.0,0.0588235294117647,0.0,66.75,0.0,57.8823529411765,36.9375,0.0,0.0,71.6470588235294,0.0625,0.11764705882352902,77.8823529411765,0.0,0.0,86.4117647058823,0.0,57.17647058823529,81.8823529411765,92.5,163.470588235294,14.705882352941199,0.0625,0.0,0.0,0.0,0.0,39.5882352941176,170.5,9.29411764705882,0.0,0.0,0.0,0.0,0.0
53,9290,F07,53_9290_F07,50.0,0.0,0.0,0.0,0.0,0.0,0.0,57.4705882352941,0.0,0.0,0.0,36.7058823529412,3.3125,0.0,0.0588235294117647,51.125,0.941176470588235,18.5294117647059,19.375,0.0,0.0,0.0,30.588235294117602,6.294117647058821,0.0,0.0,0.0,0.0,37.6875,0.0,0.0,0.0,0.0,0.0,0.0,38.7058823529412,0.0588235294117647,0.0,0.0,0.0588235294117647,61.5625,0.7647058823529409,0.0,0.0,0.0,0.0,0.0,0.0,0.0,0.0
53,9290,F08,53_9290_F08,35.6,147.636363636364,25.411764705882398,0.0,0.0,0.0,0.0625,0.0,1.6470588235294097,34.0625,0.0,0.0,0.0,0.0,45.70588235294121,0.0,0.0,0.0,4.5625,31.2352941176471,0.0,0.0,32.8823529411765,8.823529411764712,0.0,0.0,35.6470588235294,1.6470588235294097,0.0,0.0,48.8823529411765,0.0,0.0,68.5882352941177,80.0625,0.0,0.0,0.0,0.0,0.0,0.0,0.0,0.0,0.0,0.0,0.0,0.0,0.0,0.0,0.0
53,9290,F09,53_9290_F09,11.2,56.454545454545496,0.294117647058824,0.0,0.0,0.0,0.8125,31.8823529411765,0.0,0.0,0.0,44.5882352941176,0.0,0.0,0.0,35.75,3.2941176470588194,0.0,0.0,40.1176470588235,2.0,0.0,0.0,0.0,0.0,35.875,0.0,34.4117647058824,6.1875,0.0,0.0,0.0,0.0588235294117647,22.8235294117647,97.125,84.0588235294118,24.2352941176471,0.0,0.0,0.0,0.0,0.0,0.0,0.0,0.0,0.0,0.0,0.0,0.0,0.0
53,9290,F10,53_9290_F10,5.0,0.0,26.8235294117647,0.0,0.0,0.0,0.0,8.05882352941176,17.8823529411765,0.0,0.0,43.76470588235289,0.0,22.588235294117602,0.0,0.0,0.0,0.0,0.0,0.0,24.7647058823529,5.125,0.882352941176471,43.5882352941176,0.0,0.0,0.0,0.0,0.0,0.0,19.588235294117602,10.0,7.117647058823531,41.5882352941176,55.8125,34.2352941176471,36.7647058823529,0.25,0.0,0.0,0.0,0.0,0.0,0.0625,0.0,0.0,0.0,0.0,0.0,0.0
53,9290,F11,53_9290_F11,1.0,0.0,0.0,30.0625,0.0,0.0,0.0,0.0,27.8235294117647,0.3125,0.0,0.0,32.0,0.0,0.0,0.0,0.0,33.705882352941195,0.0,0.0,0.0,0.0,35.5294117647059,0.0,0.0588235294117647,0.0,36.7647058823529,0.11764705882352902,0.0,31.1176470588235,0.294117647058824,0.0,82.1176470588235,69.7647058823529,32.3125,27.588235294117602,0.0,0.0,0.0,0.0,0.0,0.0,0.0,0.0,0.0,0.0,0.0,0.0,0.0,0.0
53,9290,F12,53_9290_F12,0.0,0.0,33.1176470588235,0.0,0.0,26.647058823529395,0.0,0.0,0.0,0.0,26.2352941176471,0.0,16.125,13.176470588235302,0.0,0.0,0.0,24.8823529411765,0.0,0.0,0.0,29.6875,0.0,0.0,0.0,29.4375,0.0,0.0,29.4375,18.5294117647059,13.294117647058801,10.875,0.0,101.647058823529,59.0,35.7058823529412,4.35294117647059,0.0,0.0,0.0,0.0,0.0,0.0,0.0,0.0,0.0,0.0,0.0,0.0,0.0
53,9290,G01,53_9290_G01,50.0,0.0,0.0,0.0,0.0,44.82352941176471,8.5,0.0,63.0,0.0,0.0,0.0,57.5,0.23529411764705901,0.0,0.0,55.29411764705879,0.0,60.375,94.88235294117649,0.0,13.375,31.2352941176471,22.7058823529412,14.411764705882401,0.0,0.0,0.0,0.0,0.0,0.0,58.8125,28.1176470588235,1.05882352941176,0.0,0.0,0.0,0.0,0.0,0.0,0.0,0.0,0.0,0.0,0.0,0.0,0.0,46.125,7.17647058823529,0.0
53,9290,G02,53_9290_G02,35.6,0.0,32.941176470588196,32.375,0.0,38.5294117647059,42.25,31.647058823529395,7.411764705882349,0.0,0.0,0.0,74.0,0.3529411764705879,0.0,33.5,0.0,0.0,76.0,15.470588235294098,21.529411764705895,0.0,0.0,47.8823529411765,5.17647058823529,0.0,53.94117647058821,0.0,0.0,0.0,44.3529411764706,0.0,0.0,0.0,78.125,0.0,0.0,0.0,0.0,0.0,0.0,0.0,0.0,0.0,0.0,0.0,0.0,0.0,0.0,0.0
53,9290,G03,53_9290_G03,11.2,7.63636363636364,0.0,0.0,87.9411764705882,0.0588235294117647,50.4375,31.941176470588196,47.05882352941179,54.3125,0.0,0.0,50.375,41.2941176470588,0.0,93.375,1.52941176470588,42.4117647058824,0.0,0.0,0.0,0.0,73.1176470588235,0.0,0.0,79.625,0.0,58.5882352941176,0.0,0.0,74.82352941176471,5.375,78.3529411764706,84.2352941176471,82.0,74.47058823529409,0.0,0.0,0.0,0.0,0.0,0.0,0.0,0.0,0.0,0.0,0.0,0.0625,0.0,0.0
53,9290,G04,53_9290_G04,5.0,0.0,48.8823529411765,7.9375,0.0,0.0,0.0,0.0,48.8823529411765,55.5,0.0,0.0,47.625,97.0,0.0,0.0,0.0,0.0,0.0,0.0,25.470588235294105,47.0,0.0,0.0,0.0,0.0,89.11764705882351,6.588235294117651,61.8125,0.0,0.0,0.0,0.0,100.17647058823499,197.375,47.3529411764706,0.0,0.0,0.0,0.0,0.0,0.0,0.0,0.0,0.0,0.0,0.0,0.0,0.0,0.0
53,9290,G05,53_9290_G05,1.0,0.0,0.0,0.0,62.8823529411765,0.0,2.375,60.76470588235289,0.0,0.0,53.0,0.0588235294117647,0.0,54.82352941176471,3.41176470588235,0.0,62.05882352941179,0.0,0.0,0.0,49.4705882352941,8.75,0.0,0.0,5.05882352941176,71.0,0.0,24.2941176470588,33.6875,0.0,0.0,0.0,65.2352941176471,0.0,0.0,0.0,0.0,0.0,0.0,0.0,0.0,0.0,0.0,0.0,0.0,0.0,0.0588235294117647,0.0,0.0,0.0
53,9290,G06,53_9290_G06,0.0,0.0,0.0,0.0,78.0,0.0,0.0,72.8823529411765,0.0,0.0,0.0,0.0588235294117647,0.0,90.64705882352942,0.0,0.0,70.2352941176471,4.29411764705882,0.0,0.0,90.1764705882353,0.375,0.0,13.823529411764698,60.29411764705879,0.0,0.0,11.882352941176501,77.625,0.0,0.0,32.375,78.0588235294118,165.294117647059,180.5625,94.4117647058823,0.0,0.0,0.0,0.0,0.0,0.0,0.0,0.0,0.0,0.0,0.0,0.0,0.0,0.0
53,9290,G07,53_9290_G07,50.0,0.0,0.0,0.0,0.0,68.64705882352939,0.0,0.0,0.0,34.0625,4.94117647058824,0.0,0.0,0.0,0.0,57.125,0.0,0.0,34.875,18.0588235294118,0.0,0.0,0.0,0.0,40.1176470588235,2.75,0.0,0.0,0.0625,2.94117647058824,153.470588235294,2.0625,0.0,114.764705882353,90.5,23.470588235294105,0.0,0.0,0.0,0.0,0.0,0.0,0.0,0.0,0.0588235294117647,0.0,0.0,0.0,0.0,0.0
53,9290,G08,53_9290_G08,35.6,0.0,81.5882352941177,0.0,0.0,0.0,0.0,0.0588235294117647,0.0,0.0,0.0,0.0,41.5625,0.0,42.4705882352941,0.0,0.0,0.0,45.6875,0.0,33.941176470588196,0.0,0.0588235294117647,0.0,0.0,45.125,0.0,35.7647058823529,0.0,0.0,0.0,0.0,57.6470588235294,129.176470588235,63.875,70.9411764705882,4.64705882352941,0.0,0.0,0.0,0.0,0.0,0.0,0.0,0.0,0.0,0.0,0.0,0.0,0.0
53,9290,G09,53_9290_G09,11.2,0.0,0.0,0.0,0.0,0.0588235294117647,0.0,0.0,0.0,0.0,0.0,0.0,0.0,0.0,0.0,0.0,0.0,0.0,0.0,0.0,0.0,0.0,0.0,0.0,0.0588235294117647,0.0,0.0,0.0,0.0,0.0,0.0,0.0,0.0,0.0,0.0,0.0,0.0,0.0,0.0,0.0,0.0,0.0,0.0,0.0,0.0,0.0,0.0,0.0,0.0,0.0
53,9290,G10,53_9290_G10,5.0,0.0,21.0,1.6875,26.2352941176471,67.4117647058823,0.0,0.0,0.0,0.0,0.0,0.0,0.0,0.0,0.0,0.0,29.2352941176471,23.470588235294105,1.5,0.0,0.0,0.0,0.0,28.7647058823529,20.6470588235294,0.0,0.0,0.0,27.75,0.11764705882352902,14.294117647058801,9.0,13.882352941176501,65.4705882352941,104.875,81.7058823529412,76.82352941176471,38.8125,2.47058823529412,0.0,0.0,0.0,0.0,0.0,0.0,0.0,0.0,0.0,0.0,0.0
53,9290,G11,53_9290_G11,1.0,0.0,0.0,0.0,34.294117647058805,20.2941176470588,26.1875,4.88235294117647,0.0,0.0,0.0,10.705882352941199,12.375,0.0,0.0,21.1875,2.58823529411765,0.0,0.0,16.4117647058824,4.94117647058824,0.0,0.0,0.0,15.529411764705902,0.0,0.0,53.4705882352941,0.0,0.0,5.23529411764706,24.25,50.29411764705879,86.11764705882351,94.0,53.4705882352941,59.6470588235294,85.375,0.0588235294117647,0.0,0.0,0.0,0.0,0.0,0.0,0.0,0.0,0.0,0.0,0.0
53,9290,G12,53_9290_G12,0.0,0.0,0.0,23.3125,0.0,0.0,0.0,0.0,17.1176470588235,11.6875,0.0,36.1764705882353,14.25,0.0,0.0,0.0,0.0,0.0,0.0,0.0,24.470588235294105,0.0,16.529411764705902,11.9411764705882,0.0,0.0,18.7647058823529,30.2941176470588,0.0,0.0,6.411764705882349,16.0,0.0,0.0,75.125,0.0,0.0,0.0,0.0,0.0,0.0,0.0,0.0,0.0,0.0,0.0,0.0,0.0,0.0,0.0
53,9290,H01,53_9290_H01,50.0,0.0,14.764705882352901,18.625,0.0,0.0,58.5,0.0,0.0,0.0,0.0,0.0,35.4375,0.0,0.0,38.25,0.0,0.0,0.0,0.0,12.411764705882401,19.9375,0.0,0.0,0.0,29.0,0.294117647058824,0.0,0.0,0.0,12.6470588235294,18.5,0.0,4.11764705882353,33.6875,0.0,0.0,0.0,0.0,0.0,0.0,0.0,0.0,0.0,0.0,0.0,0.0,0.0,0.0,0.0
53,9290,H02,53_9290_H02,35.6,3.2727272727272703,38.2352941176471,0.0,0.0,0.0,45.0625,0.0,35.7647058823529,5.75,0.0,0.0,12.5,41.0,1.94117647058824,32.75,0.0,0.0,0.0,51.3529411764706,0.0,34.0625,0.17647058823529396,0.0,0.0,0.0,0.0,0.0,0.0,55.1176470588235,1.70588235294118,32.75,0.0,0.0,0.0,0.0,0.0,0.0,43.82352941176471,0.0,0.0,0.0,0.0,0.0,0.0,0.0,0.0,0.0,0.0,0.0
53,9290,H03,53_9290_H03,11.2,0.0,0.0,0.0,46.4705882352941,0.0,15.6875,26.058823529411804,0.0,0.0,0.0,0.0,0.5,42.1764705882353,0.0,0.0625,44.17647058823529,0.0,0.0,0.0,0.0,45.0,1.1764705882352902,31.647058823529395,5.11764705882353,0.0,0.0,60.3529411764706,0.0,0.0,17.8823529411765,20.875,0.0,110.0,144.875,71.9411764705882,34.941176470588196,44.875,0.0,0.0,0.0,0.0,0.0,0.0,0.0,0.0,0.0,0.0,0.0,0.0
53,9290,H04,53_9290_H04,5.0,0.0,65.7647058823529,16.3125,0.0,67.8823529411765,0.0,0.0,61.29411764705879,0.0,0.0,31.529411764705895,31.875,0.0,66.8823529411765,0.0,0.0,2.41176470588235,108.125,0.0,70.6470588235294,18.8125,37.9411764705882,0.0,0.0,0.0,72.8823529411765,0.0,0.0,32.4705882352941,64.4117647058823,0.0,55.05882352941179,170.823529411765,150.625,104.705882352941,11.294117647058801,0.0,0.0,0.0,0.0,0.0,0.0,0.0,0.0,0.0,0.0,0.0,0.0,0.0
53,9290,H05,53_9290_H05,1.0,0.0,0.0,0.0,0.0,96.7058823529412,0.0,101.05882352941201,0.0588235294117647,49.5625,0.0,0.0,0.0,83.1176470588235,0.17647058823529396,0.0,49.5294117647059,0.0,0.0,73.7058823529412,3.82352941176471,51.0,0.0,47.94117647058821,42.8235294117647,0.0,50.1176470588235,0.0,0.0,0.0,49.94117647058821,46.1875,0.0,227.82352941176498,155.25,34.5882352941176,23.8235294117647,0.0,0.0,0.0,0.0,0.0,0.0,0.0,0.0,0.0,0.0,0.0,0.0,0.0
53,9290,H06,53_9290_H06,0.0,0.45454545454545503,50.23529411764711,4.875,0.0,0.0,0.0,0.0,0.0,58.9375,0.0,25.352941176470605,3.625,0.0,45.1176470588235,0.0,0.0,0.0,0.0,0.0,0.0,0.0,88.35294117647058,62.4117647058824,0.0,0.0,0.0,0.0,0.0,0.0,0.0,0.0,0.0,0.0,63.1875,48.94117647058821,40.5882352941176,0.0,0.0,0.0,0.0,0.0,0.0,0.0,0.0,0.0,0.0,0.0,0.0,0.0
53,9290,H07,53_9290_H07,50.0,145.909090909091,0.17647058823529396,0.0,10.058823529411802,34.4705882352941,0.0,0.0,73.17647058823529,0.0625,0.0,66.82352941176471,14.875,0.0,0.0,0.0,79.47058823529409,0.0,0.0,84.47058823529409,0.411764705882353,0.0,70.5882352941177,0.0588235294117647,62.17647058823529,0.0,0.0,0.0588235294117647,0.0,0.0,65.9411764705882,1.0,0.0,85.3529411764706,0.0,129.764705882353,1.47058823529412,0.0,0.0,0.0,0.0,0.0,0.11764705882352902,0.0,0.0,27.0,22.2352941176471,0.0,0.0,0.0
53,9290,H08,53_9290_H08,35.6,46.1818181818182,4.64705882352941,0.0,34.5882352941176,7.47058823529412,0.0,0.823529411764706,30.058823529411804,0.0,0.0,0.0,79.9375,0.0,33.705882352941195,3.4375,0.0,102.117647058824,3.3125,0.0,0.0,0.0,0.0,0.0588235294117647,0.0,0.0,35.058823529411804,4.29411764705882,0.0,14.764705882352901,17.1764705882353,0.0,44.5294117647059,165.647058823529,86.0,27.588235294117602,55.8823529411765,0.0,0.0,0.0,0.0,0.0,0.0,0.0,0.0,0.0,0.0,0.0,0.0,0.0
53,9290,H09,53_9290_H09,11.2,0.0,30.058823529411804,0.0,0.0,18.7058823529412,12.625,0.0,9.29411764705882,25.75,0.0,0.0,34.0625,3.4705882352941204,0.0,40.8125,0.0,0.0,0.0,44.5294117647059,0.0,0.0,17.1176470588235,11.235294117647099,0.0,0.0,36.7058823529412,0.0,0.0,28.529411764705895,5.23529411764706,0.0,3.76470588235294,61.4117647058824,71.875,40.0,0.0,0.0,0.0,0.0,0.0,0.0,0.0,0.0,0.0,0.0,0.0,0.0,0.0,0.0
53,9290,H10,53_9290_H10,5.0,25.3636363636364,4.17647058823529,0.0,0.0,0.0,0.0,55.23529411764711,4.0,0.0,0.0,50.5882352941176,2.4375,0.0,0.0,0.0,76.0,8.29411764705882,0.0,0.0,0.0,0.0,0.0,0.0,0.0,56.6875,0.0,0.0,44.0625,3.58823529411765,0.0,0.0,85.2352941176471,89.7058823529412,7.875,1.8235294117647098,31.941176470588196,13.625,0.0,0.0,0.0,0.0,0.0,0.0,0.0,0.0,0.0,0.0,0.0,0.0
53,9290,H11,53_9290_H11,1.0,25.818181818181802,2.29411764705882,0.0,34.5294117647059,0.0588235294117647,0.0,21.7647058823529,5.52941176470588,0.0,0.0,29.1764705882353,9.5625,0.0,0.0,0.0,48.82352941176471,0.0,0.0,0.0,32.5294117647059,0.0,37.2941176470588,0.0,0.0,25.25,6.52941176470588,0.0,18.8125,10.3529411764706,0.0,0.0,35.3529411764706,52.3529411764706,134.0625,100.647058823529,64.64705882352939,0.5625,0.0,0.0,0.0,0.0,0.0,0.0,0.0,0.0,0.0,0.0,0.0,0.0
53,9290,H12,53_9290_H12,0.0,0.0,30.2941176470588,0.0,26.411764705882398,22.1176470588235,22.6875,1.29411764705882,0.0,28.375,0.0,15.6470588235294,0.0,0.0,0.0,8.0,7.35294117647059,0.0,0.0,23.411764705882398,0.0,0.0,29.411764705882398,0.0,0.0,28.1875,16.470588235294098,0.0,0.0,28.529411764705895,0.17647058823529396,0.0,12.588235294117599,44.4705882352941,51.0,50.82352941176471,1.94117647058824,0.0,0.0,0.0,0.0,0.0,0.0,0.0,0.0,0.0,0.0,0.0,0.0,0.0
