Chemical_ID,End_Point,Model,BMD10,BMDL,BMD50,AUC,Min_Dose,Max_Dose,AUC_Norm,DataQC_Flag,BMD_Analysis_Flag,BMD10_Flag,BMD50_Flag
101,ANY24,logistic,0.01093312,0.00688285,0.02145706,0.0006796875,0.0,0.01,0.06796875,3,0,1,1
101,ANY120,NULL,NULL,NULL,NULL,0.0007609375,0.0,0.01,0.07609375,1,NULL,NULL,NULL
101,AXIS,NULL,NULL,NULL,NULL,3.225806451612903e-05,0.0,0.01,0.003225806451612903,1,NULL,NULL,NULL
101,ALL_BUT_MORT,NULL,NULL,NULL,NULL,0.0001346947997775306,0.0,0.01,0.013469479977753059,1,NULL,NULL,NULL
101,BRN_,NULL,NULL,NULL,NULL,0.00012013162773451985,0.0,0.01,0.012013162773451984,1,NULL,NULL,NULL
101,CRAN,NULL,NULL,NULL,NULL,3.3924731182795696e-05,0.0,0.01,0.0033924731182795693,1,NULL,NULL,NULL
101,DP24,NULL,NULL,NULL,NULL,0.00011745689655172415,0.0,0.01,0.011745689655172415,1,NULL,NULL,NULL
101,EDEM,NULL,NULL,NULL,NULL,0.00012013162773451985,0.0,0.01,0.012013162773451984,1,NULL,NULL,NULL
101,LTRK,logistic,0.02102964,0.01011899,0.03230269,0.00010233592880978866,0.0,0.01,0.010233592880978866,4,0,1,1
101,MO24,probit,0.01120865,0.00712942,0.02703396,0.0005703125000000001,0.0,0.01,0.057031250000000006,4,0,1,1
101,MORT,NULL,NULL,NULL,NULL,8.175403225806451e-05,0.0,0.01,0.008175403225806451,1,NULL,NULL,NULL
101,MUSC,NULL,NULL,NULL,NULL,0.0,0.0,0.01,0.0,1,NULL,NULL,NULL
101,NC24,NULL,NULL,NULL,NULL,0.0,0.0,0.01,0.0,1,NULL,NULL,NULL
101,NC__,NULL,NULL,NULL,NULL,1.6129032258064513e-05,0.0,0.01,0.0016129032258064514,1,NULL,NULL,NULL
101,SKIN,NULL,NULL,NULL,NULL,0.0,0.0,0.01,0.0,1,NULL,NULL,NULL
101,SM24,NULL,NULL,NULL,NULL,0.0,0.0,0.01,0.0,1,NULL,NULL,NULL
101,TCHR,NULL,NULL,NULL,NULL,0.0,0.0,0.01,0.0,1,NULL,NULL,NULL
101,TOT_MORT,logistic,0.01532818,0.00758597,0.0312535,0.00065,0.0,0.01,0.065,4,0,1,1
102,ANY24,probit,0.00157833,0.00130555,0.00528293,0.004824999999999999,0.0,0.01,0.48249999999999993,3,0,0,0
102,ANY120,log_logistic,0.00011525,NULL,0.00015171,0.0095171875,0.0,0.01,0.95171875,4,0,0,0
102,AXIS,logistic,0.00078521,NULL,0.0008777,0.0003705882352941176,0.0,0.001,0.3705882352941176,4,0,0,0
102,ALL_BUT_MORT,gamma,6.696e-05,6.72e-06,0.00339452,0.004870015656386624,0.0,0.01,0.48700156563866237,4,2,-1,0
102,BRN_,logistic,0.00063841,NULL,0.00067564,0.00045,0.0,0.001,0.44999999999999996,4,0,0,0
102,CRAN,logistic,0.00063841,NULL,0.00067564,0.00045,0.0,0.001,0.44999999999999996,4,0,0,0
102,DP24,probit,0.00202246,0.00163932,0.00578646,0.004240983398322108,0.0,0.01,0.4240983398322108,3,0,0,0
102,EDEM,logistic,0.00025347,0.00012336,0.00040705,0.0004516666666666667,0.0,0.001,0.45166666666666666,4,0,0,0
102,LTRK,probit,0.00062639,0.00038433,0.0018939,0.00015593611638203665,0.0,0.001,0.15593611638203664,3,0,0,1
102,MO24,quantal_linear,0.0059353,0.00324534,0.03904723,0.00124375,0.0,0.01,0.124375,4,0,0,1
102,MORT,log_logistic,0.00088036,NULL,0.00101243,0.008791935483870968,0.0,0.01,0.8791935483870968,3,0,0,0
102,MUSC,logistic,0.00087319,0.00054458,0.00100147,0.00015882352941176472,0.0,0.001,0.15882352941176472,4,0,0,1
102,NC24,NULL,NULL,NULL,NULL,0.0,0.0,0.01,0.0,1,NULL,NULL,NULL
102,NC__,NULL,NULL,NULL,NULL,0.0,0.0,0.001,0.0,1,NULL,NULL,NULL
102,SKIN,NULL,NULL,NULL,NULL,0.0,0.0,0.001,0.0,1,NULL,NULL,NULL
102,SM24,NULL,NULL,NULL,NULL,0.0,0.0,0.01,0.0,1,NULL,NULL,NULL
102,TCHR,logistic,0.00095326,0.00067279,0.0010678,7.941176470588236e-05,0.0,0.001,0.07941176470588236,4,0,0,1
102,TOT_MORT,logistic,0.00043694,NULL,0.00085727,0.00883125,0.0,0.01,0.883125,3,0,0,0
103,ANY24,logistic,0.00886788,0.00654087,0.01602409,0.0006359375,0.0,0.01,0.06359375,4,0,0,1
103,ANY120,log_logistic,0.00226567,NULL,0.00249756,0.007384375,0.0,0.01,0.7384375,3,0,0,0
103,AXIS,gamma,0.00450081,0.003544,0.00758313,0.0025,0.0,0.01,0.25,3,0,0,0
103,ALL_BUT_MORT,log_logistic,0.00049694,0.00021219,0.00410205,0.005503645833333333,0.0,0.01,0.5503645833333333,4,2,0,0
103,BRN_,logistic,0.00223002,0.00185524,0.00292304,0.0065541666666666665,0.0,0.01,0.6554166666666666,3,0,0,0
103,CRAN,logistic,0.00206415,0.00169632,0.00277042,0.0066875,0.0,0.01,0.66875,3,0,0,0
103,DP24,logistic,0.00984165,0.00808964,0.01354139,0.0003671875,0.0,0.01,0.03671875,3,0,0,1
103,EDEM,logistic,0.00193089,0.0015675,0.00263505,0.006820833333333333,0.0,0.01,0.6820833333333333,3,0,0,0
103,LTRK,log_logistic,0.0016169,0.00101058,0.00497314,0.003966666666666667,0.0,0.01,0.39666666666666667,3,2,0,0
103,MO24,NULL,NULL,NULL,NULL,0.000284375,0.0,0.01,0.0284375,1,NULL,NULL,NULL
103,MORT,log_probit,0.00563422,0.00501658,0.00831097,0.0020989583333333333,0.0,0.01,0.20989583333333334,4,0,0,0
103,MUSC,gamma,0.0025329,0.00153606,0.00748257,0.0027250000000000004,0.0,0.01,0.2725,4,2,0,0
103,NC24,NULL,NULL,NULL,NULL,0.0,0.0,0.01,0.0,1,NULL,NULL,NULL
103,NC__,NULL,NULL,NULL,NULL,0.0,0.0,0.01,0.0,1,NULL,NULL,NULL
103,SKIN,NULL,NULL,NULL,NULL,0.0,0.0,0.01,0.0,1,NULL,NULL,NULL
103,SM24,NULL,NULL,NULL,NULL,0.0,0.0,0.01,0.0,1,NULL,NULL,NULL
103,TCHR,gamma,0.00527691,0.00371858,0.01209454,0.001125,0.0,0.01,0.11249999999999999,3,0,0,1
103,TOT_MORT,log_logistic,0.00644956,0.00473429,0.00869059,0.00226875,0.0,0.01,0.226875,4,0,0,0
792,ANY24,NULL,NULL,NULL,NULL,2.9125,0.0,10.0,0.29125,1,NULL,NULL,NULL
792,ANY120,log_logistic,0.04817749,0.01088345,0.90149729,7.8921875,0.0,10.0,0.7892187500000001,4,2,-1,0
792,AXIS,log_logistic,0.15152994,NULL,7.7639122,4.151175213675214,0.0,10.0,0.4151175213675214,4,2,0,0
792,ALL_BUT_MORT,weibull,3e-08,NULL,561671.45639761,3.769506048387097,0.0,10.0,0.3769506048387097,4,2,-1,1
792,BRN_,NULL,NULL,NULL,NULL,0.0,0.0,10.0,0.0,1,NULL,NULL,NULL
792,CRAN,NULL,NULL,NULL,NULL,0.0,0.0,10.0,0.0,1,NULL,NULL,NULL
792,DP24,NULL,NULL,NULL,NULL,0.2518433179723502,0.0,10.0,0.025184331797235022,1,NULL,NULL,NULL
792,EDEM,NULL,NULL,NULL,NULL,0.05346459096459097,0.0,10.0,0.005346459096459097,1,NULL,NULL,NULL
792,LTRK,NULL,NULL,NULL,NULL,0.8533653846153846,0.0,10.0,0.08533653846153846,1,NULL,NULL,NULL
792,MO24,NULL,NULL,NULL,NULL,0.571875,0.0,10.0,0.0571875,1,NULL,NULL,NULL
792,MORT,gamma,0.14969998,0.04029766,3.86176686,5.14233150921659,0.0,10.0,0.514233150921659,3,0,0,0
792,MUSC,NULL,NULL,NULL,NULL,0.0,0.0,10.0,0.0,1,NULL,NULL,NULL
792,NC24,log_logistic,0.40549003,NULL,2177.57899966,2.390625,0.0,10.0,0.2390625,4,2,0,1
792,NC__,log_logistic,0.1804174,0.03326446,4.44313667,4.478365384615385,0.0,10.0,0.4478365384615385,4,2,0,0
792,SKIN,NULL,NULL,NULL,NULL,0.0,0.0,10.0,0.0,1,NULL,NULL,NULL
792,SM24,NULL,NULL,NULL,NULL,0.0,0.0,10.0,0.0,1,NULL,NULL,NULL
792,TCHR,NULL,NULL,NULL,NULL,0.0,0.0,10.0,0.0,1,NULL,NULL,NULL
792,TOT_MORT,quantal_linear,0.68770744,0.50131622,4.52429895,5.471875,0.0,10.0,0.5471874999999999,3,2,0,0
793,ANY24,weibull,0.00123522,NULL,480586573.101521,2.25,0.0,10.0,0.225,4,2,-1,1
793,ANY120,log_logistic,0.96618785,0.72849467,1.30222564,8.8078125,0.0,10.0,0.8807812500000001,3,2,0,0
793,AXIS,logistic,0.92761606,0.72733558,1.42567578,0.48948412698412697,0.0,2.0,0.24474206349206348,4,0,0,0
793,ALL_BUT_MORT,weibull,9e-07,NULL,752114.59663311,3.7329301075268813,0.0,10.0,0.3732930107526881,4,2,-1,1
793,BRN_,NULL,NULL,NULL,NULL,0.0,0.0,2.0,0.0,1,NULL,NULL,NULL
793,CRAN,NULL,NULL,NULL,NULL,0.0,0.0,2.0,0.0,1,NULL,NULL,NULL
793,DP24,log_probit,0.83486512,NULL,349032538.3069343,1.2690020161290323,0.0,10.0,0.12690020161290322,4,2,0,1
793,EDEM,weibull,inf,NULL,inf,0.09642857142857142,0.0,2.0,0.04821428571428571,4,0,1,1
793,LTRK,logistic,1.69691108,1.32568589,2.46721555,0.1125,0.0,2.0,0.05625,4,0,0,1
793,MO24,log_logistic,127.00590652,NULL,1933591.45280969,0.7171875,0.0,10.0,0.07171875,4,2,1,1
793,MORT,logistic,0.83330693,0.62164371,2.08798285,6.08963373655914,0.0,10.0,0.608963373655914,3,0,0,0
793,MUSC,NULL,NULL,NULL,NULL,0.0,0.0,2.0,0.0,1,NULL,NULL,NULL
793,NC24,logistic,206547.48280058,NULL,355537.00695471,0.5,0.0,10.0,0.05,4,2,1,1
793,NC__,logistic,0.89820189,0.72740017,1.23205222,0.6076388888888888,0.0,2.0,0.3038194444444444,3,0,0,0
793,SKIN,NULL,NULL,NULL,NULL,0.0,0.0,2.0,0.0,1,NULL,NULL,NULL
793,SM24,NULL,NULL,NULL,NULL,0.0,0.0,10.0,0.0,1,NULL,NULL,NULL
793,TCHR,NULL,NULL,NULL,NULL,0.008928571428571428,0.0,2.0,0.004464285714285714,1,NULL,NULL,NULL
793,TOT_MORT,logistic,0.70034828,0.54539558,1.75869572,6.5171875,0.0,10.0,0.65171875,3,0,0,0
794,ANY24,NULL,NULL,NULL,NULL,3.559375,0.0,10.0,0.3559375,1,NULL,NULL,NULL
794,ANY120,log_logistic,0.40616438,0.30270699,0.58570546,9.5015625,0.0,10.0,0.95015625,3,0,0,0
794,AXIS,log_logistic,0.52051792,0.3930579,0.80645014,1.0766304347826088,0.0,2.0,0.5383152173913044,4,2,0,0
794,ALL_BUT_MORT,weibull,0.0,NULL,198931.86746719,4.449304435483871,0.0,10.0,0.44493044354838707,4,2,-1,1
794,BRN_,NULL,NULL,NULL,NULL,0.0,0.0,2.0,0.0,1,NULL,NULL,NULL
794,CRAN,NULL,NULL,NULL,NULL,0.0,0.0,2.0,0.0,1,NULL,NULL,NULL
794,DP24,NULL,NULL,NULL,NULL,1.2936592741935484,0.0,10.0,0.12936592741935485,1,NULL,NULL,NULL
794,EDEM,NULL,NULL,NULL,NULL,0.0,0.0,2.0,0.0,1,NULL,NULL,NULL
794,LTRK,quantal_linear,1.03908574,0.53901939,6.83595129,0.22282608695652176,0.0,2.0,0.11141304347826088,3,0,0,1
794,MO24,NULL,NULL,NULL,NULL,0.059375000000000004,0.0,10.0,0.0059375,1,NULL,NULL,NULL
794,MORT,log_logistic,0.56950828,0.28535549,1.80406135,7.4878125,0.0,10.0,0.7487812500000001,3,0,0,0
794,MUSC,NULL,NULL,NULL,NULL,0.0,0.0,2.0,0.0,1,NULL,NULL,NULL
794,NC24,log_logistic,0.00438428,NULL,319.51293244,3.1189717741935485,0.0,10.0,0.31189717741935485,4,2,-1,1
794,NC__,logistic,0.5735857,0.458613,0.70311063,1.2369565217391305,0.0,2.0,0.6184782608695653,4,0,0,0
794,SKIN,NULL,NULL,NULL,NULL,0.0,0.0,2.0,0.0,1,NULL,NULL,NULL
794,SM24,NULL,NULL,NULL,NULL,0.0,0.0,10.0,0.0,1,NULL,NULL,NULL
794,TCHR,NULL,NULL,NULL,NULL,0.0,0.0,2.0,0.0,1,NULL,NULL,NULL
794,TOT_MORT,log_logistic,0.52253648,0.23229815,1.78798337,7.5328125,0.0,10.0,0.75328125,3,0,0,0
795,ANY24,weibull,28.04809621,NULL,16737716870.444721,1.19375,0.0,10.0,0.11937500000000001,4,2,1,1
795,ANY120,logistic,0.55253759,0.44663258,1.32959652,7.2609375,0.0,10.0,0.72609375,3,0,0,0
795,AXIS,NULL,NULL,NULL,NULL,0.04086206896551724,0.0,2.0,0.02043103448275862,1,NULL,NULL,NULL
795,ALL_BUT_MORT,NULL,NULL,NULL,NULL,0.6273185483870968,0.0,10.0,0.06273185483870967,1,NULL,NULL,NULL
795,BRN_,NULL,NULL,NULL,NULL,0.0,0.0,2.0,0.0,1,NULL,NULL,NULL
795,CRAN,NULL,NULL,NULL,NULL,0.0,0.0,2.0,0.0,1,NULL,NULL,NULL
795,DP24,log_logistic,515.07251593,NULL,261658609.41023293,0.5609375,0.0,10.0,0.05609375,4,2,1,1
795,EDEM,NULL,NULL,NULL,NULL,0.023620689655172417,0.0,2.0,0.011810344827586208,1,NULL,NULL,NULL
795,LTRK,NULL,NULL,NULL,NULL,0.03,0.0,2.0,0.015,1,NULL,NULL,NULL
795,MO24,NULL,NULL,NULL,NULL,0.7109375,0.0,10.0,0.07109375,1,NULL,NULL,NULL
795,MORT,logistic,0.7229065,0.58079276,1.49714863,6.878108198924731,0.0,10.0,0.6878108198924731,3,0,0,0
795,MUSC,NULL,NULL,NULL,NULL,0.0,0.0,2.0,0.0,1,NULL,NULL,NULL
795,NC24,NULL,NULL,NULL,NULL,0.0,0.0,10.0,0.0,1,NULL,NULL,NULL
795,NC__,NULL,NULL,NULL,NULL,0.0,0.0,2.0,0.0,1,NULL,NULL,NULL
795,SKIN,NULL,NULL,NULL,NULL,0.0,0.0,2.0,0.0,1,NULL,NULL,NULL
795,SM24,NULL,NULL,NULL,NULL,0.0,0.0,10.0,0.0,1,NULL,NULL,NULL
795,TCHR,NULL,NULL,NULL,NULL,0.015,0.0,2.0,0.0075,1,NULL,NULL,NULL
795,TOT_MORT,logistic,0.66586771,0.53763717,1.39908112,7.171875,0.0,10.0,0.7171875,3,0,0,0
796,ANY24,quantal_linear,251.48009058,NULL,1654.44060963,1.7515625,0.0,10.0,0.17515624999999999,4,2,1,1
796,ANY120,log_logistic,0.809517,NULL,0.93758342,9.1203125,0.0,10.0,0.9120312500000001,3,0,0,0
796,AXIS,log_logistic,0.64191106,0.49793065,0.99309088,0.9142883627310768,0.0,2.0,0.4571441813655384,3,0,0,0
796,ALL_BUT_MORT,log_probit,0.00477762,NULL,31.05940319,4.52293682795699,0.0,10.0,0.452293682795699,4,2,-1,1
796,BRN_,NULL,NULL,NULL,NULL,0.0,0.0,2.0,0.0,1,NULL,NULL,NULL
796,CRAN,NULL,NULL,NULL,NULL,0.0,0.0,2.0,0.0,1,NULL,NULL,NULL
796,DP24,log_logistic,10.67914221,2.90081717,1336.34923487,0.7468750000000001,0.0,10.0,0.0746875,4,0,1,1
796,EDEM,NULL,NULL,NULL,NULL,0.1276073944594523,0.0,2.0,0.06380369722972615,1,NULL,NULL,NULL
796,LTRK,logistic,1.15207617,0.93187451,1.52100244,0.45648604269293924,0.0,2.0,0.22824302134646962,4,0,0,0
796,MO24,NULL,NULL,NULL,NULL,0.30625,0.0,10.0,0.030625000000000003,1,NULL,NULL,NULL
796,MORT,log_logistic,1.21312879,0.90498934,2.75065237,5.296979166666667,0.0,10.0,0.5296979166666667,3,0,0,0
796,MUSC,NULL,NULL,NULL,NULL,0.0,0.0,2.0,0.0,1,NULL,NULL,NULL
796,NC24,log_logistic,30.77049712,3.21269419,89616.50925712,0.9234375,0.0,10.0,0.09234375,4,2,1,1
796,NC__,logistic,0.89336752,NULL,0.94763753,1.043103448275862,0.0,2.0,0.521551724137931,3,0,0,0
796,SKIN,NULL,NULL,NULL,NULL,0.0,0.0,2.0,0.0,1,NULL,NULL,NULL
796,SM24,NULL,NULL,NULL,NULL,0.0,0.0,10.0,0.0,1,NULL,NULL,NULL
796,TCHR,NULL,NULL,NULL,NULL,0.016129032258064516,0.0,2.0,0.008064516129032258,1,NULL,NULL,NULL
796,TOT_MORT,log_probit,1.23403255,NULL,2.86984246,5.51875,0.0,10.0,0.551875,3,0,0,0
1035,ANY24,NULL,NULL,NULL,NULL,0.00023906250000000002,0.0,0.01,0.02390625,1,NULL,NULL,NULL
1035,ANY120,NULL,NULL,NULL,NULL,0.0005046875,0.0,0.01,0.05046875,1,NULL,NULL,NULL
1035,AXIS,NULL,NULL,NULL,NULL,7.979166666666666e-05,0.0,0.01,0.007979166666666666,1,NULL,NULL,NULL
1035,ALL_BUT_MORT,NULL,NULL,NULL,NULL,0.00020479166666666665,0.0,0.01,0.020479166666666666,1,NULL,NULL,NULL
1035,BRN_,NULL,NULL,NULL,NULL,0.0001306989247311828,0.0,0.01,0.013069892473118279,1,NULL,NULL,NULL
1035,CRAN,NULL,NULL,NULL,NULL,0.0001306989247311828,0.0,0.01,0.013069892473118279,1,NULL,NULL,NULL
1035,DP24,NULL,NULL,NULL,NULL,1.6666666666666667e-06,0.0,0.01,0.00016666666666666666,1,NULL,NULL,NULL
1035,EDEM,NULL,NULL,NULL,NULL,0.0001306989247311828,0.0,0.01,0.013069892473118279,1,NULL,NULL,NULL
1035,LTRK,NULL,NULL,NULL,NULL,1.6666666666666667e-06,0.0,0.01,0.00016666666666666666,1,NULL,NULL,NULL
1035,MO24,NULL,NULL,NULL,NULL,0.0002375,0.0,0.01,0.02375,1,NULL,NULL,NULL
1035,MORT,NULL,NULL,NULL,NULL,6.25e-05,0.0,0.01,0.00625,1,NULL,NULL,NULL
1035,MUSC,NULL,NULL,NULL,NULL,1.6666666666666667e-06,0.0,0.01,0.00016666666666666666,1,NULL,NULL,NULL
1035,NC24,NULL,NULL,NULL,NULL,0.0,0.0,0.01,0.0,1,NULL,NULL,NULL
1035,NC__,NULL,NULL,NULL,NULL,0.0,0.0,0.01,0.0,1,NULL,NULL,NULL
1035,SKIN,NULL,NULL,NULL,NULL,0.0,0.0,0.01,0.0,1,NULL,NULL,NULL
1035,SM24,NULL,NULL,NULL,NULL,0.0,0.0,0.01,0.0,1,NULL,NULL,NULL
1035,TCHR,NULL,NULL,NULL,NULL,1.6666666666666667e-06,0.0,0.01,0.00016666666666666666,1,NULL,NULL,NULL
1035,TOT_MORT,NULL,NULL,NULL,NULL,0.00030000000000000003,0.0,0.01,0.030000000000000002,1,NULL,NULL,NULL
1036,ANY24,quantal_linear,0.00885354,0.0035477,0.05824582,0.001590625,0.0,0.01,0.1590625,4,0,0,1
1036,ANY120,quantal_linear,0.01582691,0.00424805,0.10412232,0.001684375,0.0,0.01,0.16843750000000002,4,0,1,1
1036,AXIS,quantal_linear,0.0113716,0.00590301,0.07481162,0.0005833333333333333,0.0,0.01,0.05833333333333333,4,0,1,1
1036,ALL_BUT_MORT,quantal_linear,0.01619804,0.00493692,0.1065639,0.0012011575361512792,0.0,0.01,0.12011575361512791,4,0,1,1
1036,BRN_,quantal_linear,0.01970078,0.0070261,0.12960777,0.0006145833333333333,0.0,0.01,0.06145833333333333,4,2,1,1
1036,CRAN,quantal_linear,0.01970078,0.0070261,0.12960777,0.0006145833333333333,0.0,0.01,0.06145833333333333,4,2,1,1
1036,DP24,quantal_linear,0.00911794,0.00416866,0.05998523,0.0011032408694846125,0.0,0.01,0.11032408694846124,4,0,0,1
1036,EDEM,weibull,3019.25159964,NULL,4.149773675092439e+25,0.0007249281609195402,0.0,0.01,0.07249281609195402,4,0,1,1
1036,LTRK,quantal_linear,0.00809523,0.00460724,0.05325699,0.0006936781609195402,0.0,0.01,0.06936781609195401,4,0,0,1
1036,MO24,quantal_linear,1.67146979,NULL,10.99628798,0.0005515625,0.0,0.01,0.05515625,4,0,1,1
1036,MORT,quantal_linear,0.02956834,0.01114705,0.19452459,0.00014731182795698925,0.0,0.01,0.014731182795698924,4,0,1,1
1036,MUSC,quantal_linear,0.05824396,0.01595941,0.38317614,0.000125,0.0,0.01,0.0125,4,0,1,1
1036,NC24,NULL,NULL,NULL,NULL,0.0,0.0,0.01,0.0,1,NULL,NULL,NULL
1036,NC__,quantal_linear,0.05824396,0.01595941,0.38317614,0.000125,0.0,0.01,0.0125,4,0,1,1
1036,SKIN,NULL,NULL,NULL,NULL,0.0,0.0,0.01,0.0,1,NULL,NULL,NULL
1036,SM24,NULL,NULL,NULL,NULL,0.0,0.0,0.01,0.0,1,NULL,NULL,NULL
1036,TCHR,quantal_linear,0.02818995,0.00841457,0.18545643,0.0004895833333333333,0.0,0.01,0.048958333333333326,4,2,1,1
1036,TOT_MORT,probit,0.02593275,0.00820663,0.07512971,0.0006921875000000001,0.0,0.01,0.06921875000000001,4,0,1,1
1037,ANY24,quantal_linear,0.00291206,0.0018467,0.01915788,0.0024875,0.0,0.01,0.24875,4,0,0,1
1037,ANY120,log_logistic,0.00280696,0.00206596,0.00457115,0.005332812500000001,0.0,0.01,0.53328125,3,0,0,0
1037,AXIS,quantal_linear,0.00755569,0.00429892,0.04970746,0.0006374327956989247,0.0,0.01,0.06374327956989247,3,0,0,1
1037,ALL_BUT_MORT,log_probit,0.00256754,0.00218991,0.0045674,0.004937158006759647,0.0,0.01,0.4937158006759647,3,0,0,0
1037,BRN_,log_probit,0.00504642,0.00444429,0.00748097,0.0026377899385560677,0.0,0.01,0.26377899385560677,4,0,0,0
1037,CRAN,logistic,0.00455579,0.00365455,0.0071282,0.002467789938556068,0.0,0.01,0.2467789938556068,3,0,0,0
1037,DP24,quantal_linear,0.00311389,0.00203391,0.02048568,0.001835371031915804,0.0,0.01,0.1835371031915804,3,0,0,1
1037,EDEM,log_logistic,0.00466095,0.00375004,0.00660944,0.0030423732718894013,0.0,0.01,0.30423732718894014,3,0,0,0
1037,LTRK,log_probit,0.00328888,0.0026296,0.0083476,0.002584389400921659,0.0,0.01,0.2584389400921659,3,0,0,0
1037,MO24,NULL,NULL,NULL,NULL,0.0007890624999999999,0.0,0.01,0.07890625,1,NULL,NULL,NULL
1037,MORT,quantal_linear,0.02116525,0.00741933,0.13924221,0.0005260658209976898,0.0,0.01,0.05260658209976898,4,0,1,1
1037,MUSC,logistic,0.00915947,0.00693896,0.01523676,0.0005719566052227342,0.0,0.01,0.05719566052227342,3,0,0,1
1037,NC24,NULL,NULL,NULL,NULL,0.0,0.0,0.01,0.0,1,NULL,NULL,NULL
1037,NC__,NULL,NULL,NULL,NULL,0.0,0.0,0.01,0.0,1,NULL,NULL,NULL
1037,SKIN,NULL,NULL,NULL,NULL,0.0,0.0,0.01,0.0,1,NULL,NULL,NULL
1037,SM24,NULL,NULL,NULL,NULL,0.0,0.0,0.01,0.0,1,NULL,NULL,NULL
1037,TCHR,logistic,0.01045091,0.00982544,0.01107112,8.333333333333333e-05,0.0,0.01,0.008333333333333333,4,0,1,1
1037,TOT_MORT,NULL,NULL,NULL,NULL,0.001259375,0.0,0.01,0.1259375,1,NULL,NULL,NULL
1038,ANY24,log_probit,0.00848358,0.00806399,0.00993664,0.0020203125,0.0,0.01,0.20203125,4,0,0,0
1038,ANY120,log_probit,0.00833379,0.00792493,0.00973138,0.0021765624999999997,0.0,0.01,0.21765624999999997,4,0,0,0
1038,AXIS,logistic,0.01100395,0.00760928,0.01749875,0.00035589543937708567,0.0,0.01,0.035589543937708565,4,0,1,1
1038,ALL_BUT_MORT,logistic,0.00525067,0.00409177,0.01042396,0.0014583770161290324,0.0,0.01,0.14583770161290324,4,0,0,1
1038,BRN_,quantal_linear,0.00949329,0.0049272,0.06245461,0.000556703629032258,0.0,0.01,0.0556703629032258,3,0,0,1
1038,CRAN,quantal_linear,0.00792374,0.00432955,0.0521288,0.0005454115684093437,0.0,0.01,0.054541156840934364,4,0,0,1
1038,DP24,logistic,0.00618758,0.00458949,0.01251685,0.0012083770161290322,0.0,0.01,0.12083770161290322,4,0,0,1
1038,EDEM,logistic,0.00692402,0.00555001,0.01111511,0.0009204115684093438,0.0,0.01,0.09204115684093438,4,0,0,1
1038,LTRK,logistic,0.01024605,0.00784022,0.01472189,0.00031451612903225806,0.0,0.01,0.031451612903225803,4,0,1,1
1038,MO24,log_probit,0.00891657,0.00848135,0.01048072,0.00110625,0.0,0.01,0.110625,4,0,0,1
1038,MORT,NULL,NULL,NULL,NULL,4.15625e-05,0.0,0.01,0.00415625,1,NULL,NULL,NULL
1038,MUSC,NULL,NULL,NULL,NULL,0.0,0.0,0.01,0.0,1,NULL,NULL,NULL
1038,NC24,NULL,NULL,NULL,NULL,0.0,0.0,0.01,0.0,1,NULL,NULL,NULL
1038,NC__,NULL,NULL,NULL,NULL,1.6129032258064516e-06,0.0,0.01,0.00016129032258064516,1,NULL,NULL,NULL
1038,SKIN,NULL,NULL,NULL,NULL,0.0,0.0,0.01,0.0,1,NULL,NULL,NULL
1038,SM24,NULL,NULL,NULL,NULL,0.0,0.0,0.01,0.0,1,NULL,NULL,NULL
1038,TCHR,logistic,0.0103225,0.0092613,0.01101718,0.000125,0.0,0.01,0.0125,4,0,1,1
1038,TOT_MORT,NULL,NULL,NULL,NULL,0.0011453125,0.0,0.01,0.11453125,1,NULL,NULL,NULL
1514,ANY24,quantal_linear,0.07158946,0.00878111,0.47097373,0.0006234375000000001,0.0,0.01,0.06234375,4,0,1,1
1514,ANY120,NULL,NULL,NULL,NULL,0.0008375,0.0,0.01,0.08375,1,NULL,NULL,NULL
1514,AXIS,NULL,NULL,NULL,NULL,0.00014569892473118278,0.0,0.01,0.014569892473118278,1,NULL,NULL,NULL
1514,ALL_BUT_MORT,NULL,NULL,NULL,NULL,0.00024354838709677418,0.0,0.01,0.024354838709677418,1,NULL,NULL,NULL
1514,BRN_,NULL,NULL,NULL,NULL,0.00016403225806451612,0.0,0.01,0.01640322580645161,1,NULL,NULL,NULL
1514,CRAN,NULL,NULL,NULL,NULL,0.00016236559139784946,0.0,0.01,0.016236559139784945,1,NULL,NULL,NULL
1514,DP24,logistic,0.02916286,0.01039145,0.04834143,0.00016129032258064516,0.0,0.01,0.016129032258064516,4,0,1,1
1514,EDEM,NULL,NULL,NULL,NULL,0.00016403225806451612,0.0,0.01,0.01640322580645161,1,NULL,NULL,NULL
1514,LTRK,NULL,NULL,NULL,NULL,8.118279569892473e-05,0.0,0.01,0.008118279569892473,1,NULL,NULL,NULL
1514,MO24,logistic,129928.57758911,NULL,263109.28450888,0.0004671875,0.0,0.01,0.046718749999999996,4,0,1,1
1514,MORT,NULL,NULL,NULL,NULL,0.00014274193548387097,0.0,0.01,0.014274193548387097,1,NULL,NULL,NULL
1514,MUSC,NULL,NULL,NULL,NULL,0.00014569892473118278,0.0,0.01,0.014569892473118278,1,NULL,NULL,NULL
1514,NC24,NULL,NULL,NULL,NULL,0.0,0.0,0.01,0.0,1,NULL,NULL,NULL
1514,NC__,NULL,NULL,NULL,NULL,0.0,0.0,0.01,0.0,1,NULL,NULL,NULL
1514,SKIN,NULL,NULL,NULL,NULL,0.0,0.0,0.01,0.0,1,NULL,NULL,NULL
1514,SM24,NULL,NULL,NULL,NULL,0.0,0.0,0.01,0.0,1,NULL,NULL,NULL
1514,TCHR,NULL,NULL,NULL,NULL,0.00016236559139784946,0.0,0.01,0.016236559139784945,1,NULL,NULL,NULL
1514,TOT_MORT,NULL,NULL,NULL,NULL,0.0006015625000000001,0.0,0.01,0.06015625000000001,1,NULL,NULL,NULL
1515,ANY24,quantal_linear,0.00042821,0.00034356,0.0028171,0.006128125,0.0,0.01,0.6128125,3,0,0,0
1515,ANY120,log_logistic,9.004e-05,NULL,0.00011965,0.009578125,0.0,0.01,0.9578125,3,0,-1,0
1515,AXIS,NULL,NULL,NULL,NULL,1.6129032258064516e-06,0.0,0.0001,0.016129032258064516,0,NULL,NULL,NULL
1515,ALL_BUT_MORT,logistic,0.00129617,0.0010349,0.00333015,0.0056745931920846445,0.0,0.01,0.5674593192084645,3,0,0,0
1515,BRN_,NULL,NULL,NULL,NULL,4.838709677419355e-06,0.0,0.0001,0.04838709677419355,0,NULL,NULL,NULL
1515,CRAN,NULL,NULL,NULL,NULL,4.838709677419355e-06,0.0,0.0001,0.04838709677419355,0,NULL,NULL,NULL
1515,DP24,quantal_linear,0.00054708,0.0004234,0.00359911,0.005523838881739817,0.0,0.01,0.5523838881739817,3,0,0,0
1515,EDEM,NULL,NULL,NULL,NULL,4.838709677419355e-06,0.0,0.0001,0.04838709677419355,0,NULL,NULL,NULL
1515,LTRK,NULL,NULL,NULL,NULL,8.064516129032258e-06,0.0,0.0001,0.08064516129032258,0,NULL,NULL,NULL
1515,MO24,quantal_linear,0.00201181,0.00144557,0.01323532,0.002184375,0.0,0.01,0.2184375,3,0,0,1
1515,MORT,log_logistic,0.00064049,NULL,0.00076536,0.00942585859288098,0.0,0.01,0.9425858592880979,4,0,0,0
1515,MUSC,NULL,NULL,NULL,NULL,1.6129032258064516e-06,0.0,0.0001,0.016129032258064516,0,NULL,NULL,NULL
1515,NC24,NULL,NULL,NULL,NULL,0.0,0.0,0.01,0.0,1,NULL,NULL,NULL
1515,NC__,NULL,NULL,NULL,NULL,0.0,0.0,0.0001,0.0,0,NULL,NULL,NULL
1515,SKIN,NULL,NULL,NULL,NULL,0.0,0.0,0.0001,0.0,0,NULL,NULL,NULL
1515,SM24,NULL,NULL,NULL,NULL,0.0,0.0,0.01,0.0,1,NULL,NULL,NULL
1515,TCHR,NULL,NULL,NULL,NULL,1.6129032258064516e-06,0.0,0.0001,0.016129032258064516,0,NULL,NULL,NULL
1515,TOT_MORT,log_logistic,0.00067471,NULL,0.00078774,0.00943125,0.0,0.01,0.943125,4,0,0,0
1516,ANY24,log_logistic,0.0070552,0.00461535,0.01071826,0.001459375,0.0,0.01,0.1459375,4,2,0,1
1516,ANY120,log_logistic,0.00107273,NULL,0.00122398,0.008368750000000001,0.0,0.01,0.8368750000000001,4,0,0,0
1516,AXIS,logistic,0.00241656,NULL,0.00254643,0.00017857142857142857,0.0,0.0025,0.07142857142857142,4,0,0,1
1516,ALL_BUT_MORT,log_logistic,0.00029621,4.981e-05,0.01358424,0.0030683131720430105,0.0,0.01,0.30683131720430107,4,2,0,1
1516,BRN_,logistic,0.00102771,NULL,0.00111502,0.0008250000000000001,0.0,0.0025,0.33,4,0,0,0
1516,CRAN,logistic,0.0011086,NULL,0.00124993,0.0007875,0.0,0.0025,0.315,4,0,0,0
1516,DP24,logistic,0.00673231,0.00554908,0.01014771,0.0011322244623655914,0.0,0.01,0.11322244623655914,3,0,0,1
1516,EDEM,logistic,0.00102771,NULL,0.00111502,0.0008250000000000001,0.0,0.0025,0.33,4,0,0,0
1516,LTRK,logistic,0.00234467,0.00156993,0.00247559,0.0003214285714285714,0.0,0.0025,0.12857142857142856,4,0,0,0
1516,MO24,log_logistic,0.00985309,0.00890016,0.01103222,0.00045937500000000004,0.0,0.01,0.045937500000000006,4,2,0,1
1516,MORT,gamma,0.00178083,0.00135789,0.00315621,0.00642641129032258,0.0,0.01,0.642641129032258,3,0,0,0
1516,MUSC,logistic,0.00221036,0.0017127,0.00257546,0.00021428571428571427,0.0,0.0025,0.0857142857142857,4,0,0,1
1516,NC24,NULL,NULL,NULL,NULL,0.0,0.0,0.01,0.0,1,NULL,NULL,NULL
1516,NC__,NULL,NULL,NULL,NULL,0.0,0.0,0.0025,0.0,1,NULL,NULL,NULL
1516,SKIN,NULL,NULL,NULL,NULL,0.0,0.0,0.0025,0.0,1,NULL,NULL,NULL
1516,SM24,NULL,NULL,NULL,NULL,0.0,0.0,0.01,0.0,1,NULL,NULL,NULL
1516,TCHR,NULL,NULL,NULL,NULL,0.0,0.0,0.0025,0.0,1,NULL,NULL,NULL
1516,TOT_MORT,gamma,0.00180613,0.00136637,0.00319304,0.006475,0.0,0.01,0.6475,3,2,0,0
1517,ANY24,log_probit,0.00850664,0.00785218,0.01085328,0.0014062500000000002,0.0,0.01,0.140625,4,2,0,1
1517,ANY120,log_logistic,0.00242668,NULL,0.0026344,0.0070640625,0.0,0.01,0.70640625,3,0,0,0
1517,AXIS,logistic,0.00662738,0.00540116,0.00943612,0.0012734375,0.0,0.01,0.12734375,4,0,0,0
1517,ALL_BUT_MORT,log_logistic,0.00093026,0.00054923,0.0032342,0.006158200431034483,0.0,0.01,0.6158200431034483,4,2,0,0
1517,BRN_,logistic,0.0020812,0.00165911,0.00317951,0.00619,0.0,0.01,0.619,3,0,0,0
1517,CRAN,log_logistic,0.00315914,0.00253545,0.0038843,0.0061196875,0.0,0.01,0.61196875,4,0,0,0
1517,DP24,logistic,0.00632558,0.00513357,0.0108945,0.0011302370689655172,0.0,0.01,0.11302370689655172,4,2,0,1
1517,EDEM,logistic,0.0020812,0.00165911,0.00317951,0.00619,0.0,0.01,0.619,3,0,0,0
1517,LTRK,log_logistic,0.00179222,0.00117248,0.00516503,0.0042196875,0.0,0.01,0.42196875,3,0,0,0
1517,MO24,NULL,NULL,NULL,NULL,0.00035625,0.0,0.01,0.035625000000000004,1,NULL,NULL,NULL
1517,MORT,log_logistic,0.00933066,0.00833801,0.01007821,0.0011379310344827585,0.0,0.01,0.11379310344827584,4,0,0,1
1517,MUSC,logistic,0.00564,0.00452761,0.0093158,0.0014868750000000001,0.0,0.01,0.1486875,3,0,0,0
1517,NC24,NULL,NULL,NULL,NULL,0.0,0.0,0.01,0.0,1,NULL,NULL,NULL
1517,NC__,NULL,NULL,NULL,NULL,0.0,0.0,0.01,0.0,1,NULL,NULL,NULL
1517,SKIN,NULL,NULL,NULL,NULL,0.0,0.0,0.01,0.0,1,NULL,NULL,NULL
1517,SM24,NULL,NULL,NULL,NULL,0.0,0.0,0.01,0.0,1,NULL,NULL,NULL
1517,TCHR,logistic,0.01300469,0.00794678,0.02059872,0.00027499999999999996,0.0,0.01,0.027499999999999997,4,0,1,1
1517,TOT_MORT,log_logistic,0.00927572,0.0082429,0.01002769,0.0013875,0.0,0.01,0.13875,4,2,0,1
1518,ANY24,NULL,NULL,NULL,NULL,0.0002578125,0.0,0.01,0.025781250000000002,1,NULL,NULL,NULL
1518,ANY120,NULL,NULL,NULL,NULL,0.0005,0.0,0.01,0.05,1,NULL,NULL,NULL
1518,AXIS,NULL,NULL,NULL,NULL,6.643920595533499e-05,0.0,0.01,0.006643920595533499,1,NULL,NULL,NULL
1518,ALL_BUT_MORT,NULL,NULL,NULL,NULL,0.0002218488649940263,0.0,0.01,0.022184886499402628,1,NULL,NULL,NULL
1518,BRN_,NULL,NULL,NULL,NULL,0.00012127791563275433,0.0,0.01,0.012127791563275434,1,NULL,NULL,NULL
1518,CRAN,NULL,NULL,NULL,NULL,0.00012127791563275433,0.0,0.01,0.012127791563275434,1,NULL,NULL,NULL
1518,DP24,NULL,NULL,NULL,NULL,3.935185185185185e-05,0.0,0.01,0.003935185185185185,1,NULL,NULL,NULL
1518,EDEM,NULL,NULL,NULL,NULL,0.00012127791563275433,0.0,0.01,0.012127791563275434,1,NULL,NULL,NULL
1518,LTRK,NULL,NULL,NULL,NULL,0.0,0.0,0.01,0.0,1,NULL,NULL,NULL
1518,MO24,NULL,NULL,NULL,NULL,0.00021875,0.0,0.01,0.021875,1,NULL,NULL,NULL
1518,MORT,NULL,NULL,NULL,NULL,0.00010185185185185186,0.0,0.01,0.010185185185185186,1,NULL,NULL,NULL
1518,MUSC,NULL,NULL,NULL,NULL,1.9230769230769234e-06,0.0,0.01,0.00019230769230769233,1,NULL,NULL,NULL
1518,NC24,NULL,NULL,NULL,NULL,0.0,0.0,0.01,0.0,1,NULL,NULL,NULL
1518,NC__,NULL,NULL,NULL,NULL,0.0,0.0,0.01,0.0,1,NULL,NULL,NULL
1518,SKIN,NULL,NULL,NULL,NULL,0.0,0.0,0.01,0.0,1,NULL,NULL,NULL
1518,SM24,NULL,NULL,NULL,NULL,0.0,0.0,0.01,0.0,1,NULL,NULL,NULL
1518,TCHR,logistic,0.01048511,0.00987343,0.01113358,8.064516129032258e-05,0.0,0.01,0.008064516129032258,4,0,1,1
1518,TOT_MORT,NULL,NULL,NULL,NULL,0.00032031249999999996,0.0,0.01,0.03203125,1,NULL,NULL,NULL
1519,ANY24,gamma,0.00055179,0.0003067,0.00155122,0.008103125,0.0,0.01,0.8103124999999999,3,0,0,0
1519,ANY120,log_logistic,7.111e-05,NULL,9.483e-05,0.009765625,0.0,0.01,0.9765625,3,0,-1,-1
1519,AXIS,NULL,NULL,NULL,NULL,0.0,0.0,0.0001,0.0,0,NULL,NULL,NULL
1519,ALL_BUT_MORT,gamma,1.3e-07,NULL,0.0002963,0.008195833333333333,0.0,0.01,0.8195833333333332,3,2,-1,0
1519,BRN_,NULL,NULL,NULL,NULL,4.6875000000000004e-06,0.0,0.0001,0.046875,0,NULL,NULL,NULL
1519,CRAN,NULL,NULL,NULL,NULL,1.5625e-06,0.0,0.0001,0.015625,0,NULL,NULL,NULL
1519,DP24,gamma,0.00067698,0.00039763,0.00172232,0.007883333333333332,0.0,0.01,0.7883333333333332,3,0,0,0
1519,EDEM,NULL,NULL,NULL,NULL,3.125e-06,0.0,0.0001,0.03125,0,NULL,NULL,NULL
1519,LTRK,NULL,NULL,NULL,NULL,2.96875e-05,0.0,0.0001,0.296875,0,NULL,NULL,NULL
1519,MO24,logistic,0.00333403,0.00272443,0.00692487,0.002653125,0.0,0.01,0.2653125,4,0,0,0
1519,MORT,log_logistic,0.00026259,NULL,0.00032273,0.00945,0.0,0.01,0.945,4,0,0,0
1519,MUSC,NULL,NULL,NULL,NULL,1.5625e-06,0.0,0.0001,0.015625,0,NULL,NULL,NULL
1519,NC24,NULL,NULL,NULL,NULL,0.0,0.0,0.01,0.0,1,NULL,NULL,NULL
1519,NC__,NULL,NULL,NULL,NULL,0.0,0.0,0.0001,0.0,0,NULL,NULL,NULL
1519,SKIN,NULL,NULL,NULL,NULL,0.0,0.0,0.0001,0.0,0,NULL,NULL,NULL
1519,SM24,NULL,NULL,NULL,NULL,0.0,0.0,0.01,0.0,1,NULL,NULL,NULL
1519,TCHR,NULL,NULL,NULL,NULL,0.0,0.0,0.0001,0.0,0,NULL,NULL,NULL
1519,TOT_MORT,log_logistic,0.0003009,NULL,0.0003693,0.009453125,0.0,0.01,0.9453125,4,0,0,0
1520,ANY24,probit,0.00229475,0.00185283,0.00541497,0.004359375,0.0,0.01,0.43593750000000003,3,0,0,0
1520,ANY120,log_logistic,0.00029531,NULL,0.00036084,0.009468750000000001,0.0,0.01,0.9468750000000001,4,0,0,0
1520,AXIS,logistic,0.00078581,0.00057243,0.00108708,0.000135,0.0,0.001,0.135,4,0,0,1
1520,ALL_BUT_MORT,log_probit,5.197e-05,9.02e-06,0.00143549,0.0056990410463192715,0.0,0.01,0.5699041046319271,4,2,-1,0
1520,BRN_,logistic,0.00082791,0.00042118,0.00092373,0.0003,0.0,0.001,0.3,4,0,0,0
1520,CRAN,logistic,0.0005972,NULL,0.00063764,0.00045,0.0,0.001,0.44999999999999996,4,0,0,0
1520,DP24,gamma,0.00260358,0.00196829,0.00521506,0.004122125723738627,0.0,0.01,0.4122125723738627,3,0,0,0
1520,EDEM,logistic,0.00013187,NULL,0.0001724,0.000465625,0.0,0.001,0.465625,4,0,0,0
1520,LTRK,logistic,0.0008259,0.00065212,0.00121691,9e-05,0.0,0.001,0.09000000000000001,4,0,0,1
1520,MO24,logistic,0.00794206,0.00613252,0.01414802,0.00075,0.0,0.01,0.075,4,0,0,1
1520,MORT,logistic,0.00121013,NULL,0.00182911,0.007823655913978496,0.0,0.01,0.7823655913978496,3,0,0,0
1520,MUSC,logistic,0.00104615,0.00088323,0.0012141,2.9999999999999997e-05,0.0,0.001,0.029999999999999995,4,0,1,1
1520,NC24,NULL,NULL,NULL,NULL,0.0,0.0,0.01,0.0,1,NULL,NULL,NULL
1520,NC__,NULL,NULL,NULL,NULL,0.0,0.0,0.001,0.0,1,NULL,NULL,NULL
1520,SKIN,NULL,NULL,NULL,NULL,0.0,0.0,0.001,0.0,1,NULL,NULL,NULL
1520,SM24,NULL,NULL,NULL,NULL,0.0,0.0,0.01,0.0,1,NULL,NULL,NULL
1520,TCHR,logistic,0.00101817,0.00080182,0.00141354,4.5e-05,0.0,0.001,0.045000000000000005,4,0,1,1
1520,TOT_MORT,gamma,0.00125726,NULL,0.00197097,0.007890625,0.0,0.01,0.7890625,3,0,0,0
1521,ANY24,logistic,0.00379993,0.00309933,0.007128,0.0026546875000000004,0.0,0.01,0.26546875000000003,3,0,0,0
1521,ANY120,gamma,0.0014167,NULL,0.00213374,0.0077953125,0.0,0.01,0.77953125,3,0,0,0
1521,AXIS,logistic,0.00315666,0.00254121,0.00473436,0.0007,0.0,0.005,0.13999999999999999,3,0,0,0
1521,ALL_BUT_MORT,log_logistic,0.00044159,0.00020198,0.00276061,0.006138351254480288,0.0,0.01,0.6138351254480288,4,2,0,0
1521,BRN_,logistic,0.00228252,0.00187706,0.00305846,0.0015333333333333336,0.0,0.005,0.3066666666666667,3,0,0,0
1521,CRAN,logistic,0.00235582,NULL,0.00255154,0.0017833333333333334,0.0,0.005,0.3566666666666667,3,0,0,0
1521,DP24,logistic,0.00588415,0.00478033,0.00892747,0.0015439068100358423,0.0,0.01,0.15439068100358422,3,0,0,0
1521,EDEM,logistic,0.0017743,0.0013745,0.00218176,0.0025833333333333333,0.0,0.005,0.5166666666666666,3,0,0,0
1521,LTRK,logistic,0.00364094,0.00295303,0.0048491,0.0005666666666666667,0.0,0.005,0.11333333333333334,4,0,0,0
1521,MO24,quantal_linear,0.00321201,0.00215994,0.02113125,0.0015453125,0.0,0.01,0.15453125,3,0,0,1
1521,MORT,log_logistic,0.00513612,0.00479036,0.00557265,0.0028341789874551967,0.0,0.01,0.28341789874551965,4,0,0,0
1521,MUSC,NULL,NULL,NULL,NULL,0.0,0.0,0.005,0.0,1,NULL,NULL,NULL
1521,NC24,NULL,NULL,NULL,NULL,0.0,0.0,0.01,0.0,1,NULL,NULL,NULL
1521,NC__,NULL,NULL,NULL,NULL,0.0,0.0,0.005,0.0,1,NULL,NULL,NULL
1521,SKIN,NULL,NULL,NULL,NULL,0.0,0.0,0.005,0.0,1,NULL,NULL,NULL
1521,SM24,NULL,NULL,NULL,NULL,0.0,0.0,0.01,0.0,1,NULL,NULL,NULL
1521,TCHR,NULL,NULL,NULL,NULL,0.0,0.0,0.005,0.0,1,NULL,NULL,NULL
1521,TOT_MORT,log_logistic,0.004898,NULL,0.00525912,0.003553125,0.0,0.01,0.3553125,3,0,0,0
2677,ANY24,NULL,NULL,NULL,NULL,24998.430636,0.0,100000.0,0.24998430636000002,1,NULL,NULL,NULL
2677,ANY120,NULL,NULL,NULL,NULL,50015.770844,0.0,100000.0,0.50015770844,1,NULL,NULL,NULL
2677,AXIS,NULL,NULL,NULL,NULL,0.004241483870967741,0.0,100000.0,4.241483870967742e-08,1,NULL,NULL,NULL
2677,ALL_BUT_MORT,NULL,NULL,NULL,NULL,25822.99159496774,0.0,100000.0,0.2582299159496774,1,NULL,NULL,NULL
2677,BRN_,NULL,NULL,NULL,NULL,3333.2708701505376,0.0,100000.0,0.03333270870150538,1,NULL,NULL,NULL
2677,CRAN,NULL,NULL,NULL,NULL,6666.727536817204,0.0,100000.0,0.06666727536817205,1,NULL,NULL,NULL
2677,DP24,NULL,NULL,NULL,NULL,8063.86003316129,0.0,100000.0,0.0806386003316129,1,NULL,NULL,NULL
2677,EDEM,NULL,NULL,NULL,NULL,8333.337175892473,0.0,100000.0,0.08333337175892473,1,NULL,NULL,NULL
2677,LTRK,NULL,NULL,NULL,NULL,41665.8375488172,0.0,100000.0,0.41665837548817203,1,NULL,NULL,NULL
2677,MO24,NULL,NULL,NULL,NULL,1562.34399,0.0,100000.0,0.015623439900000001,1,NULL,NULL,NULL
2677,MORT,log_logistic,28.53297876,NULL,757072431007.2487,43545.83225806451,0.0,100000.0,0.4354583225806451,4,2,0,1
2677,MUSC,NULL,NULL,NULL,NULL,1666.6363268172042,0.0,100000.0,0.016666363268172044,1,NULL,NULL,NULL
2677,NC24,NULL,NULL,NULL,NULL,19353.683571548387,0.0,100000.0,0.19353683571548386,1,NULL,NULL,NULL
2677,NC__,NULL,NULL,NULL,NULL,0.00030774193548387097,0.0,100000.0,3.0774193548387097e-09,1,NULL,NULL,NULL
2677,SKIN,NULL,NULL,NULL,NULL,29999.406096,0.0,100000.0,0.29999406096,1,NULL,NULL,NULL
2677,SM24,NULL,NULL,NULL,NULL,3225.484118709677,0.0,100000.0,0.032254841187096775,1,NULL,NULL,NULL
2677,TCHR,logistic,327009.82355033,160917.7139982,484517.22423323,1666.633581075269,0.0,100000.0,0.016666335810752688,4,0,1,1
2677,TOT_MORT,log_logistic,13.70911067,NULL,1360434193834.8757,43747.42524,0.0,100000.0,0.4374742524,4,2,0,1
2678,ANY24,NULL,NULL,NULL,NULL,9375.86285,0.0,100000.0,0.0937586285,1,NULL,NULL,NULL
2678,ANY120,NULL,NULL,NULL,NULL,46884.855706,0.0,100000.0,0.46884855706,1,NULL,NULL,NULL
2678,AXIS,NULL,NULL,NULL,NULL,7502.1642309195195,0.0,100000.0,0.0750216423091952,1,NULL,NULL,NULL
2678,ALL_BUT_MORT,log_logistic,0.0,NULL,8.027996290007607e+53,35007.7963903871,0.0,100000.0,0.35007796390387097,4,2,-1,1
2678,BRN_,NULL,NULL,NULL,NULL,2499.7948242665184,0.0,100000.0,0.024997948242665186,1,NULL,NULL,NULL
2678,CRAN,NULL,NULL,NULL,NULL,5000.495648639278,0.0,100000.0,0.05000495648639278,1,NULL,NULL,NULL
2678,DP24,NULL,NULL,NULL,NULL,3333.000242064516,0.0,100000.0,0.03333000242064516,1,NULL,NULL,NULL
2678,EDEM,NULL,NULL,NULL,NULL,15001.618176650014,0.0,100000.0,0.15001618176650014,1,NULL,NULL,NULL
2678,LTRK,log_logistic,0.0,NULL,1.2425878716000113e+53,40007.80805294448,0.0,100000.0,0.40007808052944477,4,2,-1,1
2678,MO24,NULL,NULL,NULL,NULL,3125.737598,0.0,100000.0,0.03125737598,1,NULL,NULL,NULL
2678,MORT,log_logistic,85545033.53631441,NULL,3.304007388165177e+36,16668.448267458065,0.0,100000.0,0.16668448267458064,4,2,1,1
2678,MUSC,NULL,NULL,NULL,NULL,0.09470251820541342,0.0,100000.0,9.470251820541343e-07,1,NULL,NULL,NULL
2678,NC24,NULL,NULL,NULL,NULL,5000.274445612903,0.0,100000.0,0.05000274445612903,1,NULL,NULL,NULL
2678,NC__,NULL,NULL,NULL,NULL,0.03246632688172043,0.0,100000.0,3.246632688172043e-07,1,NULL,NULL,NULL
2678,SKIN,log_logistic,125923069.07808168,NULL,1.0674908193807309e+22,12502.648412698412,0.0,100000.0,0.1250264841269841,4,2,1,1
2678,SM24,NULL,NULL,NULL,NULL,0.0,0.0,100000.0,0.0,1,NULL,NULL,NULL
2678,TCHR,NULL,NULL,NULL,NULL,10000.987725641606,0.0,100000.0,0.10000987725641605,1,NULL,NULL,NULL
2678,TOT_MORT,log_logistic,3192614.0983624,NULL,2.6385025392869375e+56,18752.506588,0.0,100000.0,0.18752506588,4,2,1,1
2679,ANY24,NULL,NULL,NULL,NULL,3.21751,0.0,100000.0,3.2175099999999996e-05,1,NULL,NULL,NULL
2679,ANY120,log_logistic,0.0,NULL,5465683580318.454,50013.357538,0.0,100000.0,0.5001335753799999,4,2,-1,1
2679,AXIS,log_logistic,151.27346452,NULL,18214843830604.832,40318.70347354838,0.0,100000.0,0.40318703473548384,4,2,0,1
2679,ALL_BUT_MORT,weibull,0.0,NULL,1.698058891054444e+21,48451.01262670968,0.0,100000.0,0.4845101262670968,4,2,-1,1
2679,BRN_,log_logistic,88.39026291,NULL,3348646343614.7827,41931.47612903226,0.0,100000.0,0.4193147612903226,4,2,0,1
2679,CRAN,log_logistic,11.36471566,NULL,286047141372.7666,46771.374193548385,0.0,100000.0,0.4677137419354839,4,2,0,1
2679,DP24,NULL,NULL,NULL,NULL,1.08625,0.0,100000.0,1.08625e-05,1,NULL,NULL,NULL
2679,EDEM,log_logistic,2.60196456,NULL,100540009455.96527,49997.66322580645,0.0,100000.0,0.4999766322580645,4,2,0,1
2679,LTRK,log_logistic,0.00070692,NULL,20116676729.5412,50011.50590445162,0.0,100000.0,0.5001150590445161,4,2,0,1
2679,MO24,NULL,NULL,NULL,NULL,0.0012000000000000001,0.0,100000.0,1.2000000000000002e-08,1,NULL,NULL,NULL
2679,MORT,log_logistic,4.184500508591438e+46,NULL,1.7506480883800177e+94,1563.27999,0.0,100000.0,0.0156327999,4,0,1,1
2679,MUSC,NULL,NULL,NULL,NULL,1615.2707454193549,0.0,100000.0,0.01615270745419355,1,NULL,NULL,NULL
2679,NC24,NULL,NULL,NULL,NULL,2.13006,0.0,100000.0,2.1300599999999997e-05,1,NULL,NULL,NULL
2679,NC__,NULL,NULL,NULL,NULL,0.0,0.0,100000.0,0.0,1,NULL,NULL,NULL
2679,SKIN,log_logistic,6.64147795,NULL,6700206380137939.0,17755.67622503226,0.0,100000.0,0.1775567622503226,4,2,0,1
2679,SM24,NULL,NULL,NULL,NULL,0.0,0.0,100000.0,0.0,1,NULL,NULL,NULL
2679,TCHR,log_logistic,115967097.83690345,NULL,1.240645004123826e+19,12902.709677419354,0.0,100000.0,0.12902709677419355,4,2,1,1
2679,TOT_MORT,log_logistic,7.125264168220898e+68,NULL,1.2206943472884449e+154,1563.28119,0.0,100000.0,0.015632811899999998,4,0,1,1
2680,ANY24,NULL,NULL,NULL,NULL,6249.39444,0.0,100000.0,0.0624939444,1,NULL,NULL,NULL
2680,ANY120,NULL,NULL,NULL,NULL,40625.841354,0.0,100000.0,0.40625841354,1,NULL,NULL,NULL
2680,AXIS,NULL,NULL,NULL,NULL,12499.837582645161,0.0,100000.0,0.12499837582645161,1,NULL,NULL,NULL
2680,ALL_BUT_MORT,NULL,NULL,NULL,NULL,26563.931556,0.0,100000.0,0.26563931556,1,NULL,NULL,NULL
2680,BRN_,log_logistic,92696672279.30739,NULL,1.6281127345256427e+33,15000.35507664516,0.0,100000.0,0.1500035507664516,4,2,1,1
2680,CRAN,log_logistic,228674.91463114,NULL,1.3501138240996532e+22,27499.879270193553,0.0,100000.0,0.2749987927019355,4,2,1,1
2680,DP24,NULL,NULL,NULL,NULL,4687.05069,0.0,100000.0,0.0468705069,1,NULL,NULL,NULL
2680,EDEM,log_logistic,2155958.64746704,NULL,3.4867900282257214e+26,27499.105086645166,0.0,100000.0,0.27499105086645165,4,2,1,1
2680,LTRK,log_logistic,5456273.08242418,NULL,2.0389345460614825e+30,22501.153753290324,0.0,100000.0,0.22501153753290323,4,2,1,1
2680,MO24,NULL,NULL,NULL,NULL,0.0,0.0,100000.0,0.0,1,NULL,NULL,NULL
2680,MORT,log_logistic,1967567.01168938,NULL,4.248051948171417e+24,18748.948248,0.0,100000.0,0.18748948248,4,2,1,1
2680,MUSC,NULL,NULL,NULL,NULL,7499.413099548387,0.0,100000.0,0.07499413099548387,1,NULL,NULL,NULL
2680,NC24,logistic,334557.65769131,160538.25982686,492318.90424151,1562.34975,0.0,100000.0,0.015623497500000002,4,0,1,1
2680,NC__,NULL,NULL,NULL,NULL,0.0,0.0,100000.0,0.0,1,NULL,NULL,NULL
2680,SKIN,log_logistic,2507534378905868.0,NULL,1.9852248554062273e+26,4999.5,0.0,100000.0,0.049995,4,2,1,1
2680,SM24,NULL,NULL,NULL,NULL,0.0,0.0,100000.0,0.0,1,NULL,NULL,NULL
2680,TCHR,log_logistic,2507534378905868.0,NULL,1.9852248554062273e+26,4999.5,0.0,100000.0,0.049995,4,2,1,1
2680,TOT_MORT,log_logistic,1967567.01168938,NULL,4.248051948171417e+24,18748.948248,0.0,100000.0,0.18748948248,4,2,1,1
2681,ANY24,weibull,inf,NULL,inf,3126.645046,0.0,100000.0,0.03126645046,4,0,1,1
2681,ANY120,NULL,NULL,NULL,NULL,26561.875768,0.0,100000.0,0.26561875768000004,1,NULL,NULL,NULL
2681,AXIS,NULL,NULL,NULL,NULL,11538.242425727049,0.0,100000.0,0.11538242425727048,1,NULL,NULL,NULL
2681,ALL_BUT_MORT,NULL,NULL,NULL,NULL,18332.50938045161,0.0,100000.0,0.18332509380451611,1,NULL,NULL,NULL
2681,BRN_,NULL,NULL,NULL,NULL,15383.23918165757,0.0,100000.0,0.15383239181657568,1,NULL,NULL,NULL
2681,CRAN,NULL,NULL,NULL,NULL,17306.123567364764,0.0,100000.0,0.17306123567364765,1,NULL,NULL,NULL
2681,DP24,logistic,332974.95185654,160638.46523831,490684.59751216,0.9341935483870967,0.0,100000.0,9.341935483870966e-06,4,0,1,1
2681,EDEM,NULL,NULL,NULL,NULL,17306.15975059057,0.0,100000.0,0.1730615975059057,1,NULL,NULL,NULL
2681,LTRK,NULL,NULL,NULL,NULL,19229.81232674938,0.0,100000.0,0.1922981232674938,1,NULL,NULL,NULL
2681,MO24,log_logistic,9.147066094176635e+40,NULL,6.9766182357205185e+93,3125.744748,0.0,100000.0,0.03125744748,4,0,1,1
2681,MORT,NULL,NULL,NULL,NULL,6666.0000119999995,0.0,100000.0,0.06666000012,1,NULL,NULL,NULL
2681,MUSC,NULL,NULL,NULL,NULL,9614.591781439207,0.0,100000.0,0.09614591781439207,1,NULL,NULL,NULL
2681,NC24,NULL,NULL,NULL,NULL,0.0002995483870967742,0.0,100000.0,2.995483870967742e-09,1,NULL,NULL,NULL
2681,NC__,log_logistic,3.5049970929545024e+46,NULL,1.5325623764789655e+74,0.16,0.0,100000.0,1.6e-06,4,0,1,1
2681,SKIN,log_logistic,1.1249054106234e+19,NULL,1.0052554950861478e+30,1922.8846153846155,0.0,100000.0,0.019228846153846155,4,0,1,1
2681,SM24,NULL,NULL,NULL,NULL,0.0,0.0,100000.0,0.0,1,NULL,NULL,NULL
2681,TCHR,NULL,NULL,NULL,NULL,0.16073032258064515,0.0,100000.0,1.6073032258064516e-06,1,NULL,NULL,NULL
2681,TOT_MORT,NULL,NULL,NULL,NULL,9375.11976,0.0,100000.0,0.0937511976,1,NULL,NULL,NULL
2682,ANY24,NULL,NULL,NULL,NULL,21874.34736,0.0,100000.0,0.2187434736,1,NULL,NULL,NULL
2682,ANY120,NULL,NULL,NULL,NULL,31249.227642,0.0,100000.0,0.31249227642,1,NULL,NULL,NULL
2682,AXIS,NULL,NULL,NULL,NULL,0.06167078341013825,0.0,100000.0,6.167078341013825e-07,1,NULL,NULL,NULL
2682,ALL_BUT_MORT,NULL,NULL,NULL,NULL,24136.386779959957,0.0,100000.0,0.24136386779959956,1,NULL,NULL,NULL
2682,BRN_,NULL,NULL,NULL,NULL,0.06167078341013825,0.0,100000.0,6.167078341013825e-07,1,NULL,NULL,NULL
2682,CRAN,NULL,NULL,NULL,NULL,3124.7491749124424,0.0,100000.0,0.031247491749124424,1,NULL,NULL,NULL
2682,DP24,log_logistic,2382146714.110347,NULL,8.844033720822068e+28,15516.496374140157,0.0,100000.0,0.15516496374140157,4,2,1,1
2682,EDEM,NULL,NULL,NULL,NULL,9374.124174912442,0.0,100000.0,0.09374124174912442,1,NULL,NULL,NULL
2682,LTRK,NULL,NULL,NULL,NULL,0.8616707834101383,0.0,100000.0,8.616707834101382e-06,1,NULL,NULL,NULL
2682,MO24,NULL,NULL,NULL,NULL,4687.782462,0.0,100000.0,0.04687782462,1,NULL,NULL,NULL
2682,MORT,log_logistic,2587619.89044733,NULL,2.2259373554056718e+27,22412.33592181535,0.0,100000.0,0.2241233592181535,4,2,1,1
2682,MUSC,NULL,NULL,NULL,NULL,3124.7492203317975,0.0,100000.0,0.031247492203317975,1,NULL,NULL,NULL
2682,NC24,log_logistic,1.3592497116473442e+26,NULL,3.3877110195223393e+53,5171.899029143493,0.0,100000.0,0.05171899029143493,4,2,1,1
2682,NC__,logistic,396671.85733811,154412.4616535,555918.16999794,0.7999999999999999,0.0,100000.0,8e-06,4,0,1,1
2682,SKIN,NULL,NULL,NULL,NULL,0.0,0.0,100000.0,0.0,1,NULL,NULL,NULL
2682,SM24,NULL,NULL,NULL,NULL,0.00247741935483871,0.0,100000.0,2.47741935483871e-08,1,NULL,NULL,NULL
2682,TCHR,NULL,NULL,NULL,NULL,0.0,0.0,100000.0,0.0,1,NULL,NULL,NULL
2682,TOT_MORT,NULL,NULL,NULL,NULL,24999.0111,0.0,100000.0,0.249990111,1,NULL,NULL,NULL
2695,ANY24,log_logistic,691019025693.9232,NULL,7.14846271276773e+54,11718.735696380953,0.0,100000.0,0.11718735696380952,4,2,1,1
2695,ANY120,log_logistic,0.0,NULL,1113760259359.2605,52356.59737542857,0.0,100000.0,0.5235659737542857,4,2,-1,1
2695,AXIS,NULL,NULL,NULL,NULL,893.1791013875738,0.0,100000.0,0.008931791013875739,1,NULL,NULL,NULL
2695,ALL_BUT_MORT,log_logistic,0.0,NULL,2.0336707972521782e+38,18163.587810925837,0.0,100000.0,0.18163587810925838,4,2,-1,1
2695,BRN_,NULL,NULL,NULL,NULL,1786.0035878259512,0.0,100000.0,0.01786003587825951,1,NULL,NULL,NULL
2695,CRAN,log_logistic,0.0,NULL,0.0,8929.297911026708,0.0,100000.0,0.08929297911026708,4,2,-1,-1
2695,DP24,log_logistic,3.598450926510005e+25,NULL,6.15868304383281e+61,5883.9647509072265,0.0,100000.0,0.058839647509072265,4,2,1,1
2695,EDEM,weibull,inf,NULL,inf,3571.845523186726,0.0,100000.0,0.03571845523186726,4,0,1,1
2695,LTRK,weibull,508758447142329.1,NULL,6.437046771046962e+102,31250.128254746007,0.0,100000.0,0.31250128254746007,4,2,1,1
2695,MO24,log_logistic,5420021857269744.0,NULL,1.8790321081664936e+34,5077.163752595238,0.0,100000.0,0.05077163752595238,4,2,1,1
2695,MORT,log_logistic,0.23378628,NULL,5.51682432001717e+18,38982.651231989046,0.0,100000.0,0.38982651231989046,4,2,0,1
2695,MUSC,NULL,NULL,NULL,NULL,893.2211460593767,0.0,100000.0,0.008932211460593767,1,NULL,NULL,NULL
2695,NC24,log_logistic,7.678423171070496e+251,NULL,inf,5038.529412860654,0.0,100000.0,0.05038529412860654,4,2,1,1
2695,NC__,NULL,NULL,NULL,NULL,0.0072491155069956716,0.0,100000.0,7.249115506995672e-08,1,NULL,NULL,NULL
2695,SKIN,NULL,NULL,NULL,NULL,19642.649073036264,0.0,100000.0,0.19642649073036264,1,NULL,NULL,NULL
2695,SM24,log_logistic,8.218331686863811e+47,NULL,1.9447480266689668e+88,1695.1987677912296,0.0,100000.0,0.016951987677912294,4,0,1,1
2695,TCHR,NULL,NULL,NULL,NULL,0.23714674469855182,0.0,100000.0,2.371467446985518e-06,1,NULL,NULL,NULL
2695,TOT_MORT,log_logistic,0.012101,NULL,1.0093199661935827e+17,41014.566969261905,0.0,100000.0,0.41014566969261906,4,2,0,1
2696,ANY24,log_logistic,3.6050460424608555e+31,NULL,9.617815232879988e+182,14063.714074,0.0,100000.0,0.14063714074,4,2,1,1
2696,ANY120,log_logistic,0.0,NULL,333310460205180.9,50010.532912,0.0,100000.0,0.50010532912,4,2,-1,1
2696,AXIS,weibull,inf,NULL,inf,24999.949785885587,0.0,100000.0,0.24999949785885586,4,2,1,1
2696,ALL_BUT_MORT,weibull,1.47e-05,NULL,1.6087918394011608e+29,30365.193610770377,0.0,100000.0,0.30365193610770375,4,2,-1,1
2696,BRN_,weibull,inf,NULL,inf,33333.40978588558,0.0,100000.0,0.3333340978588558,4,2,1,1
2696,CRAN,weibull,124923.11523091,NULL,3.1045713669147743e+84,45834.07978588559,0.0,100000.0,0.4583407978588559,4,2,1,1
2696,DP24,log_logistic,1.605166485437327e+27,NULL,8.366606751396162e+58,5356.640588018433,0.0,100000.0,0.05356640588018433,4,2,1,1
2696,EDEM,log_logistic,26.13104703,NULL,6.386815454612405e+27,50001.28978588559,0.0,100000.0,0.5000128978588558,4,2,0,1
2696,LTRK,weibull,0.0257805,NULL,5.889547295987388e+36,45840.010949629424,0.0,100000.0,0.45840010949629423,4,2,0,1
2696,MO24,NULL,NULL,NULL,NULL,6251.212924,0.0,100000.0,0.06251212924,1,NULL,NULL,NULL
2696,MORT,log_logistic,1212.33482842,NULL,5.816551594550071e+18,28572.922398446695,0.0,100000.0,0.28572922398446693,4,2,0,1
2696,MUSC,NULL,NULL,NULL,NULL,33330.97497051612,0.0,100000.0,0.33330974970516125,1,NULL,NULL,NULL
2696,NC24,log_logistic,8.425456642454125e+21,NULL,5.999534696767155e+49,5357.440588018433,0.0,100000.0,0.053574405880184334,4,2,1,1
2696,NC__,NULL,NULL,NULL,NULL,1.9224774193548388,0.0,100000.0,1.922477419354839e-05,1,NULL,NULL,NULL
2696,SKIN,log_logistic,90512819385.62473,NULL,2.932008655749463e+29,4173.142667281106,0.0,100000.0,0.04173142667281106,4,2,1,1
2696,SM24,log_logistic,1.5492795000294803e+19,NULL,1.7046153021225545e+30,1785.5357142857142,0.0,100000.0,0.01785535714285714,4,0,1,1
2696,TCHR,log_logistic,inf,NULL,inf,4167.212525419354,0.0,100000.0,0.041672125254193546,4,2,1,1
2696,TOT_MORT,log_logistic,0.04107184,NULL,2.600416528679908e+29,31252.792926,0.0,100000.0,0.31252792926,4,2,0,1
2697,ANY24,NULL,NULL,NULL,NULL,3128.71361,0.0,100000.0,0.031287136099999995,1,NULL,NULL,NULL
2697,ANY120,log_logistic,0.0,NULL,7.214835906047996e+21,46880.286446,0.0,100000.0,0.46880286445999997,4,2,-1,1
2697,AXIS,log_logistic,1.1238410327284589e+19,NULL,3.7861218313832915e+39,8333.338193548387,0.0,100000.0,0.08333338193548387,4,2,1,1
2697,ALL_BUT_MORT,weibull,inf,NULL,inf,17749.073095741936,0.0,100000.0,0.17749073095741935,4,2,1,1
2697,BRN_,log_logistic,34427760424736.004,NULL,7.080194006236285e+27,16665.006193548386,0.0,100000.0,0.16665006193548387,4,2,1,1
2697,CRAN,log_logistic,5.279125503270958e+16,NULL,2.6685456202657907e+38,16665.806243096773,0.0,100000.0,0.16665806243096773,4,2,1,1
2697,DP24,NULL,NULL,NULL,NULL,0.006050064516129033,0.0,100000.0,6.050064516129032e-08,1,NULL,NULL,NULL
2697,EDEM,log_logistic,91134275.07215378,NULL,3.450188879757907e+20,33330.806193548386,0.0,100000.0,0.33330806193548385,4,2,1,1
2697,LTRK,log_logistic,685983.22533781,NULL,2.0994120305681994e+19,33334.156193548384,0.0,100000.0,0.33334156193548387,4,2,1,1
2697,MO24,NULL,NULL,NULL,NULL,1563.873762,0.0,100000.0,0.01563873762,1,NULL,NULL,NULL
2697,MORT,NULL,NULL,NULL,NULL,30642.133792,0.0,100000.0,0.30642133792,1,NULL,NULL,NULL
2697,MUSC,NULL,NULL,NULL,NULL,20835.73280884301,0.0,100000.0,0.2083573280884301,1,NULL,NULL,NULL
2697,NC24,log_logistic,2.8188660416734472e+26,NULL,2.0863248675300022e+68,1615.3908867096773,0.0,100000.0,0.01615390886709677,4,2,1,1
2697,NC__,NULL,NULL,NULL,NULL,0.006193548387096774,0.0,100000.0,6.193548387096774e-08,1,NULL,NULL,NULL
2697,SKIN,log_logistic,6150214211076.626,NULL,1.4935506782855293e+29,8335.706193548387,0.0,100000.0,0.08335706193548387,4,2,1,1
2697,SM24,NULL,NULL,NULL,NULL,0.0,0.0,100000.0,0.0,1,NULL,NULL,NULL
2697,TCHR,logistic,328694.99942606,160830.63976434,486260.80512417,4166.256193548386,0.0,100000.0,0.041662561935483865,4,2,1,1
2697,TOT_MORT,NULL,NULL,NULL,NULL,31248.441062,0.0,100000.0,0.31248441062000004,1,NULL,NULL,NULL
2698,ANY24,log_logistic,4.429816146423746e+175,NULL,inf,6251.674682064516,0.0,100000.0,0.06251674682064516,4,2,1,1
2698,ANY120,NULL,NULL,NULL,NULL,45313.732000129035,0.0,100000.0,0.45313732000129037,1,NULL,NULL,NULL
2698,AXIS,NULL,NULL,NULL,NULL,13333.810951359386,0.0,100000.0,0.13333810951359387,1,NULL,NULL,NULL
2698,ALL_BUT_MORT,NULL,NULL,NULL,NULL,21428.49770939505,0.0,100000.0,0.2142849770939505,1,NULL,NULL,NULL
2698,BRN_,NULL,NULL,NULL,NULL,13333.784293777777,0.0,100000.0,0.13333784293777776,1,NULL,NULL,NULL
2698,CRAN,log_logistic,10817401.73443725,NULL,2.69595705356072e+25,33331.81737722605,0.0,100000.0,0.3333181737722605,4,2,1,1
2698,DP24,NULL,NULL,NULL,NULL,0.0063999999999999994,0.0,100000.0,6.399999999999999e-08,1,NULL,NULL,NULL
2698,EDEM,log_logistic,12752107.41061986,NULL,2.002240478675469e+31,36664.817634967985,0.0,100000.0,0.36664817634967983,4,2,1,1
2698,LTRK,NULL,NULL,NULL,NULL,13333.784293777777,0.0,100000.0,0.13333784293777776,1,NULL,NULL,NULL
2698,MO24,log_logistic,1.5338215454649517e+59,NULL,1.7666564385959672e+173,6251.668442064516,0.0,100000.0,0.06251668442064516,4,2,1,1
2698,MORT,log_logistic,98913.84417617,NULL,2.002956788205598e+17,23213.68139361195,0.0,100000.0,0.2321368139361195,4,2,0,1
2698,MUSC,log_logistic,1.4295707182948839e+25,NULL,6.255481104335981e+86,13334.125025935731,0.0,100000.0,0.1333412502593573,4,2,1,1
2698,NC24,NULL,NULL,NULL,NULL,0.000247741935483871,0.0,100000.0,2.4774193548387097e-09,1,NULL,NULL,NULL
2698,NC__,NULL,NULL,NULL,NULL,0.0,0.0,100000.0,0.0,1,NULL,NULL,NULL
2698,SKIN,NULL,NULL,NULL,NULL,1e-05,0.0,100000.0,1e-10,1,NULL,NULL,NULL
2698,SM24,NULL,NULL,NULL,NULL,0.0,0.0,100000.0,0.0,1,NULL,NULL,NULL
2698,TCHR,NULL,NULL,NULL,NULL,0.03955358160919541,0.0,100000.0,3.955358160919541e-07,1,NULL,NULL,NULL
2698,TOT_MORT,log_logistic,205.41961269,NULL,1.4716256284890689e+22,26563.697192064516,0.0,100000.0,0.26563697192064517,4,2,0,1
2699,ANY24,NULL,NULL,NULL,NULL,6251.077496,0.0,100000.0,0.06251077496,1,NULL,NULL,NULL
2699,ANY120,NULL,NULL,NULL,NULL,40624.328464,0.0,100000.0,0.40624328464,1,NULL,NULL,NULL
2699,AXIS,NULL,NULL,NULL,NULL,21998.580418064517,0.0,100000.0,0.21998580418064517,1,NULL,NULL,NULL
2699,ALL_BUT_MORT,NULL,NULL,NULL,NULL,35483.02783941936,0.0,100000.0,0.35483027839419357,1,NULL,NULL,NULL
2699,BRN_,NULL,NULL,NULL,NULL,19998.780418064514,0.0,100000.0,0.19998780418064516,1,NULL,NULL,NULL
2699,CRAN,log_logistic,3132651.09833353,NULL,7.359543697467944e+26,25998.954611612902,0.0,100000.0,0.259989546116129,4,2,1,1
2699,DP24,NULL,NULL,NULL,NULL,3226.4101492258064,0.0,100000.0,0.032264101492258064,1,NULL,NULL,NULL
2699,EDEM,NULL,NULL,NULL,NULL,29999.358854709677,0.0,100000.0,0.2999935885470968,1,NULL,NULL,NULL
2699,LTRK,NULL,NULL,NULL,NULL,31997.624426589544,0.0,100000.0,0.31997624426589544,1,NULL,NULL,NULL
2699,MO24,NULL,NULL,NULL,NULL,1563.094952,0.0,100000.0,0.01563094952,1,NULL,NULL,NULL
2699,MORT,NULL,NULL,NULL,NULL,9676.61038832258,0.0,100000.0,0.0967661038832258,1,NULL,NULL,NULL
2699,MUSC,NULL,NULL,NULL,NULL,9999.930397686318,0.0,100000.0,0.09999930397686317,1,NULL,NULL,NULL
2699,NC24,NULL,NULL,NULL,NULL,1612.7912221935483,0.0,100000.0,0.01612791222193548,1,NULL,NULL,NULL
2699,NC__,NULL,NULL,NULL,NULL,1999.8075383314795,0.0,100000.0,0.019998075383314794,1,NULL,NULL,NULL
2699,SKIN,log_logistic,1.3878998610947734e+19,NULL,1.4770797684924944e+30,1999.8,0.0,100000.0,0.019998,4,0,1,1
2699,SM24,NULL,NULL,NULL,NULL,0.0,0.0,100000.0,0.0,1,NULL,NULL,NULL
2699,TCHR,NULL,NULL,NULL,NULL,2000.574224516129,0.0,100000.0,0.02000574224516129,1,NULL,NULL,NULL
2699,TOT_MORT,NULL,NULL,NULL,NULL,10937.31615,0.0,100000.0,0.10937316150000001,1,NULL,NULL,NULL
2700,ANY24,NULL,NULL,NULL,NULL,10937.203348,0.0,100000.0,0.10937203347999999,1,NULL,NULL,NULL
2700,ANY120,NULL,NULL,NULL,NULL,34374.674026,0.0,100000.0,0.34374674026,1,NULL,NULL,NULL
2700,AXIS,NULL,NULL,NULL,NULL,1.6047279621802002,0.0,100000.0,1.6047279621802e-05,1,NULL,NULL,NULL
2700,ALL_BUT_MORT,NULL,NULL,NULL,NULL,16129.706433906562,0.0,100000.0,0.16129706433906563,1,NULL,NULL,NULL
2700,BRN_,NULL,NULL,NULL,NULL,9999.80477916218,0.0,100000.0,0.09999804779162179,1,NULL,NULL,NULL
2700,CRAN,NULL,NULL,NULL,NULL,13332.83677916218,0.0,100000.0,0.1333283677916218,1,NULL,NULL,NULL
2700,DP24,log_logistic,126980238102413.16,NULL,1.122822751032492e+30,6451.719066073415,0.0,100000.0,0.06451719066073415,4,2,1,1
2700,EDEM,NULL,NULL,NULL,NULL,16665.83677916218,0.0,100000.0,0.1666583677916218,1,NULL,NULL,NULL
2700,LTRK,NULL,NULL,NULL,NULL,9999.80610330011,0.0,100000.0,0.0999980610330011,1,NULL,NULL,NULL
2700,MO24,NULL,NULL,NULL,NULL,1562.389638,0.0,100000.0,0.01562389638,1,NULL,NULL,NULL
2700,MORT,log_logistic,24672.80801507,NULL,1.990683321054603e+19,25805.401995032258,0.0,100000.0,0.25805401995032257,4,2,0,1
2700,MUSC,NULL,NULL,NULL,NULL,9999.838103300111,0.0,100000.0,0.09999838103300111,1,NULL,NULL,NULL
2700,NC24,NULL,NULL,NULL,NULL,1612.741945483871,0.0,100000.0,0.01612741945483871,1,NULL,NULL,NULL
2700,NC__,NULL,NULL,NULL,NULL,0.0013241379310344828,0.0,100000.0,1.3241379310344828e-08,1,NULL,NULL,NULL
2700,SKIN,NULL,NULL,NULL,NULL,0.0,0.0,100000.0,0.0,1,NULL,NULL,NULL
2700,SM24,logistic,400404.36138447,153979.353604,559713.37582154,1612.741935483871,0.0,100000.0,0.01612741935483871,4,0,1,1
2700,TCHR,NULL,NULL,NULL,NULL,0.0,0.0,100000.0,0.0,1,NULL,NULL,NULL
2700,TOT_MORT,NULL,NULL,NULL,NULL,26561.419696,0.0,100000.0,0.26561419696,1,NULL,NULL,NULL
3322,ANY24,weibull,inf,NULL,inf,640.625,0.0,7500.0,0.08541666666666667,4,0,1,1
3322,ANY120,logistic,29477.9742138,5966.12319903,75236.81677855,1046.875,0.0,7500.0,0.13958333333333334,4,0,1,1
3322,AXIS,NULL,NULL,NULL,NULL,134.6213054187192,0.0,7500.0,0.01794950738916256,1,NULL,NULL,NULL
3322,ALL_BUT_MORT,NULL,NULL,NULL,NULL,442.3308737580362,0.0,7500.0,0.058977449834404824,1,NULL,NULL,NULL
3322,BRN_,NULL,NULL,NULL,NULL,165.64039408866995,0.0,7500.0,0.022085385878489325,1,NULL,NULL,NULL
3322,CRAN,NULL,NULL,NULL,NULL,43.103448275862064,0.0,7500.0,0.005747126436781608,1,NULL,NULL,NULL
3322,DP24,NULL,NULL,NULL,NULL,131.81862458601208,0.0,7500.0,0.017575816611468276,1,NULL,NULL,NULL
3322,EDEM,NULL,NULL,NULL,NULL,234.60591133004925,0.0,7500.0,0.031280788177339904,1,NULL,NULL,NULL
3322,LTRK,NULL,NULL,NULL,NULL,68.96551724137932,0.0,7500.0,0.009195402298850576,1,NULL,NULL,NULL
3322,MO24,weibull,2718468.17514738,NULL,2.0614116477394466e+24,519.53125,0.0,7500.0,0.06927083333333334,4,0,1,1
3322,MORT,logistic,10958.12005665,7400.76074242,17507.90620274,188.5593220338983,0.0,7500.0,0.025141242937853105,4,0,1,1
3322,MUSC,NULL,NULL,NULL,NULL,0.0,0.0,7500.0,0.0,1,NULL,NULL,NULL
3322,NC24,NULL,NULL,NULL,NULL,0.0,0.0,7500.0,0.0,1,NULL,NULL,NULL
3322,NC__,NULL,NULL,NULL,NULL,0.0,0.0,7500.0,0.0,1,NULL,NULL,NULL
3322,SKIN,NULL,NULL,NULL,NULL,0.0,0.0,7500.0,0.0,1,NULL,NULL,NULL
3322,SM24,NULL,NULL,NULL,NULL,0.0,0.0,7500.0,0.0,1,NULL,NULL,NULL
3322,TCHR,NULL,NULL,NULL,NULL,86.20689655172413,0.0,7500.0,0.011494252873563216,1,NULL,NULL,NULL
3322,TOT_MORT,weibull,2553.95736822,NULL,491067151.0640825,695.3125,0.0,7500.0,0.09270833333333334,3,0,0,1
3324,ANY24,quantal_linear,7988.20763488,3449.86329178,52552.92806111,1292.96875,0.0,7500.0,0.17239583333333333,4,2,1,1
3324,ANY120,log_logistic,4178.26557262,3422.86122025,5474.5366326,2632.8125,0.0,7500.0,0.35104166666666664,3,0,0,0
3324,AXIS,gamma,5542.67763412,4300.29442627,8240.49215945,721.8253968253969,0.0,7500.0,0.09624338624338624,4,0,0,1
3324,ALL_BUT_MORT,log_logistic,4350.35827483,3600.58262916,5799.12250453,1881.9146954740177,0.0,7500.0,0.25092195939653567,3,0,0,0
3324,BRN_,gamma,5005.7751626,4066.80277107,6897.78358032,1145.899470899471,0.0,7500.0,0.15278659611992948,4,0,0,0
3324,CRAN,log_logistic,4615.40509402,3949.82080442,5994.90369274,1623.6772486772488,0.0,7500.0,0.2164902998236332,3,0,0,0
3324,DP24,quantal_linear,9611.67373665,5584.4680919,63233.40873406,348.4820264481281,0.0,7500.0,0.04646427019308375,3,0,1,1
3324,EDEM,log_logistic,4444.91805919,3759.48125502,5889.84499404,1723.6772486772488,0.0,7500.0,0.22982363315696652,3,0,0,0
3324,LTRK,gamma,4741.01319949,3816.09025392,6684.07287904,1292.1957671957673,0.0,7500.0,0.17229276895943563,4,0,0,0
3324,MO24,NULL,NULL,NULL,NULL,917.96875,0.0,7500.0,0.12239583333333333,1,NULL,NULL,NULL
3324,MORT,quantal_linear,9581.31282201,5573.27551604,63033.66993959,273.51462097224805,0.0,7500.0,0.03646861612963307,3,0,1,1
3324,MUSC,probit,15393.3205005,7685.0100321,35492.1787918,264.1534391534392,0.0,7500.0,0.03522045855379189,4,0,1,1
3324,NC24,logistic,28179.92112606,9041.60268381,40791.80609475,96.15384615384616,0.0,7500.0,0.012820512820512822,4,0,1,1
3324,NC__,logistic,25700.36319606,8892.44095983,37185.02451828,100.0,0.0,7500.0,0.013333333333333334,4,0,1,1
3324,SKIN,NULL,NULL,NULL,NULL,0.0,0.0,7500.0,0.0,1,NULL,NULL,NULL
3324,SM24,NULL,NULL,NULL,NULL,0.0,0.0,7500.0,0.0,1,NULL,NULL,NULL
3324,TCHR,NULL,NULL,NULL,NULL,141.005291005291,0.0,7500.0,0.018800705467372135,1,NULL,NULL,NULL
3324,TOT_MORT,quantal_linear,7983.12493657,3537.89498474,52519.48993691,1156.25,0.0,7500.0,0.15416666666666667,4,0,1,1
3325,ANY24,NULL,NULL,NULL,NULL,1072.7926587301588,0.0,7500.0,0.14303902116402117,1,NULL,NULL,NULL
3325,ANY120,NULL,NULL,NULL,NULL,1257.3164682539682,0.0,7500.0,0.16764219576719577,1,NULL,NULL,NULL
3325,AXIS,logistic,63354.38124657,9327.0707529,109105.3051804,171.73305380852548,0.0,7500.0,0.022897740507803396,4,2,1,1
3325,ALL_BUT_MORT,NULL,NULL,NULL,NULL,361.8077324973877,0.0,7500.0,0.04824103099965169,1,NULL,NULL,NULL
3325,BRN_,NULL,NULL,NULL,NULL,0.0,0.0,7500.0,0.0,1,NULL,NULL,NULL
3325,CRAN,NULL,NULL,NULL,NULL,0.0,0.0,7500.0,0.0,1,NULL,NULL,NULL
3325,DP24,NULL,NULL,NULL,NULL,190.9323116219668,0.0,7500.0,0.025457641549595574,1,NULL,NULL,NULL
3325,EDEM,NULL,NULL,NULL,NULL,0.0,0.0,7500.0,0.0,1,NULL,NULL,NULL
3325,LTRK,NULL,NULL,NULL,NULL,0.0,0.0,7500.0,0.0,1,NULL,NULL,NULL
3325,MO24,NULL,NULL,NULL,NULL,900.9176587301588,0.0,7500.0,0.1201223544973545,1,NULL,NULL,NULL
3325,MORT,NULL,NULL,NULL,NULL,150.1799605247881,0.0,7500.0,0.020023994736638413,1,NULL,NULL,NULL
3325,MUSC,NULL,NULL,NULL,NULL,0.0,0.0,7500.0,0.0,1,NULL,NULL,NULL
3325,NC24,NULL,NULL,NULL,NULL,0.0,0.0,7500.0,0.0,1,NULL,NULL,NULL
3325,NC__,NULL,NULL,NULL,NULL,0.0,0.0,7500.0,0.0,1,NULL,NULL,NULL
3325,SKIN,NULL,NULL,NULL,NULL,0.0,0.0,7500.0,0.0,1,NULL,NULL,NULL
3325,SM24,NULL,NULL,NULL,NULL,0.0,0.0,7500.0,0.0,1,NULL,NULL,NULL
3325,TCHR,NULL,NULL,NULL,NULL,0.0,0.0,7500.0,0.0,1,NULL,NULL,NULL
3325,TOT_MORT,NULL,NULL,NULL,NULL,1034.3501984126983,0.0,7500.0,0.13791335978835978,1,NULL,NULL,NULL
3326,ANY24,NULL,NULL,NULL,NULL,355.46875,0.0,7500.0,0.04739583333333333,1,NULL,NULL,NULL
3326,ANY120,NULL,NULL,NULL,NULL,531.25,0.0,7500.0,0.07083333333333333,1,NULL,NULL,NULL
3326,AXIS,NULL,NULL,NULL,NULL,106.12398718673451,0.0,7500.0,0.014149864958231268,1,NULL,NULL,NULL
3326,ALL_BUT_MORT,NULL,NULL,NULL,NULL,103.28750220341969,0.0,7500.0,0.01377166696045596,1,NULL,NULL,NULL
3326,BRN_,NULL,NULL,NULL,NULL,85.63218390804599,0.0,7500.0,0.011417624521072799,1,NULL,NULL,NULL
3326,CRAN,NULL,NULL,NULL,NULL,85.63218390804599,0.0,7500.0,0.011417624521072799,1,NULL,NULL,NULL
3326,DP24,NULL,NULL,NULL,NULL,0.0,0.0,7500.0,0.0,1,NULL,NULL,NULL
3326,EDEM,NULL,NULL,NULL,NULL,85.63218390804599,0.0,7500.0,0.011417624521072799,1,NULL,NULL,NULL
3326,LTRK,NULL,NULL,NULL,NULL,106.12398718673451,0.0,7500.0,0.014149864958231268,1,NULL,NULL,NULL
3326,MO24,NULL,NULL,NULL,NULL,355.46875,0.0,7500.0,0.04739583333333333,1,NULL,NULL,NULL
3326,MORT,NULL,NULL,NULL,NULL,82.79569892473117,0.0,7500.0,0.011039426523297488,1,NULL,NULL,NULL
3326,MUSC,NULL,NULL,NULL,NULL,0.0,0.0,7500.0,0.0,1,NULL,NULL,NULL
3326,NC24,NULL,NULL,NULL,NULL,0.0,0.0,7500.0,0.0,1,NULL,NULL,NULL
3326,NC__,NULL,NULL,NULL,NULL,0.0,0.0,7500.0,0.0,1,NULL,NULL,NULL
3326,SKIN,NULL,NULL,NULL,NULL,0.0,0.0,7500.0,0.0,1,NULL,NULL,NULL
3326,SM24,NULL,NULL,NULL,NULL,0.0,0.0,7500.0,0.0,1,NULL,NULL,NULL
3326,TCHR,NULL,NULL,NULL,NULL,16.666666666666668,0.0,7500.0,0.0022222222222222222,1,NULL,NULL,NULL
3326,TOT_MORT,NULL,NULL,NULL,NULL,433.59375,0.0,7500.0,0.0578125,1,NULL,NULL,NULL
3328,ANY24,NULL,NULL,NULL,NULL,562.5,0.0,7500.0,0.075,1,NULL,NULL,NULL
3328,ANY120,NULL,NULL,NULL,NULL,796.875,0.0,7500.0,0.10625,1,NULL,NULL,NULL
3328,AXIS,log_probit,7426.05642648,NULL,8374.588472,200.75757575757575,0.0,7500.0,0.026767676767676767,4,0,0,1
3328,ALL_BUT_MORT,logistic,6313.8187816,5398.88539835,9338.59180576,352.8425141242938,0.0,7500.0,0.04704566854990584,4,0,0,1
3328,BRN_,logistic,7862.12260851,NULL,8187.39676695,22.727272727272727,0.0,7500.0,0.0030303030303030303,4,0,1,1
3328,CRAN,logistic,7862.12260851,NULL,8187.39676695,22.727272727272727,0.0,7500.0,0.0030303030303030303,4,0,1,1
3328,DP24,logistic,12227.45870683,8090.44835917,17086.28906492,99.31144067796609,0.0,7500.0,0.013241525423728811,4,0,1,1
3328,EDEM,logistic,7862.12260851,NULL,8187.39676695,22.727272727272727,0.0,7500.0,0.0030303030303030303,4,0,1,1
3328,LTRK,logistic,7717.14583679,NULL,8040.76375831,45.45454545454545,0.0,7500.0,0.006060606060606061,4,0,1,1
3328,MO24,NULL,NULL,NULL,NULL,425.78125,0.0,7500.0,0.05677083333333333,1,NULL,NULL,NULL
3328,MORT,logistic,8123.49797375,6971.98321123,10837.2223244,162.87076271186442,0.0,7500.0,0.021716101694915255,3,0,1,1
3328,MUSC,NULL,NULL,NULL,NULL,0.0,0.0,7500.0,0.0,1,NULL,NULL,NULL
3328,NC24,logistic,7732.71441287,NULL,8057.64080778,42.3728813559322,0.0,7500.0,0.005649717514124294,4,0,1,1
3328,NC__,NULL,NULL,NULL,NULL,0.0,0.0,7500.0,0.0,1,NULL,NULL,NULL
3328,SKIN,NULL,NULL,NULL,NULL,0.0,0.0,7500.0,0.0,1,NULL,NULL,NULL
3328,SM24,NULL,NULL,NULL,NULL,0.0,0.0,7500.0,0.0,1,NULL,NULL,NULL
3328,TCHR,logistic,7717.14583679,NULL,8040.76375831,45.45454545454545,0.0,7500.0,0.006060606060606061,4,0,1,1
3328,TOT_MORT,NULL,NULL,NULL,NULL,582.03125,0.0,7500.0,0.07760416666666667,1,NULL,NULL,NULL
3329,ANY24,logistic,13143.1193254,7353.43648329,23999.71355654,265.625,0.0,7500.0,0.035416666666666666,4,0,1,1
3329,ANY120,NULL,NULL,NULL,NULL,355.46875,0.0,7500.0,0.04739583333333333,1,NULL,NULL,NULL
3329,AXIS,NULL,NULL,NULL,NULL,58.33333333333333,0.0,7500.0,0.0077777777777777776,1,NULL,NULL,NULL
3329,ALL_BUT_MORT,NULL,NULL,NULL,NULL,94.80874316939891,0.0,7500.0,0.012641165755919854,1,NULL,NULL,NULL
3329,BRN_,logistic,7737.77640747,NULL,8064.8346707,41.666666666666664,0.0,7500.0,0.005555555555555555,4,0,1,1
3329,CRAN,logistic,7737.77640747,NULL,8064.8346707,41.666666666666664,0.0,7500.0,0.005555555555555555,4,0,1,1
3329,DP24,logistic,7887.75735545,NULL,8216.71387725,20.491803278688526,0.0,7500.0,0.00273224043715847,4,0,1,1
3329,EDEM,NULL,NULL,NULL,NULL,58.33333333333333,0.0,7500.0,0.0077777777777777776,1,NULL,NULL,NULL
3329,LTRK,logistic,12282.94359067,7807.84831305,19207.79890568,79.16666666666667,0.0,7500.0,0.010555555555555556,4,0,1,1
3329,MO24,NULL,NULL,NULL,NULL,246.09375,0.0,7500.0,0.0328125,1,NULL,NULL,NULL
3329,MORT,logistic,7887.75735545,NULL,8216.71387725,20.491803278688526,0.0,7500.0,0.00273224043715847,4,0,1,1
3329,MUSC,NULL,NULL,NULL,NULL,0.0,0.0,7500.0,0.0,1,NULL,NULL,NULL
3329,NC24,NULL,NULL,NULL,NULL,0.0,0.0,7500.0,0.0,1,NULL,NULL,NULL
3329,NC__,NULL,NULL,NULL,NULL,0.0,0.0,7500.0,0.0,1,NULL,NULL,NULL
3329,SKIN,NULL,NULL,NULL,NULL,0.0,0.0,7500.0,0.0,1,NULL,NULL,NULL
3329,SM24,NULL,NULL,NULL,NULL,0.0,0.0,7500.0,0.0,1,NULL,NULL,NULL
3329,TCHR,logistic,7737.77640747,NULL,8064.8346707,41.666666666666664,0.0,7500.0,0.005555555555555555,4,0,1,1
3329,TOT_MORT,logistic,13143.1193254,7353.43648329,23999.71355654,265.625,0.0,7500.0,0.035416666666666666,4,0,1,1
3330,ANY24,logistic,9909.1092219,7022.01670593,16378.66570885,250.0,0.0,7500.0,0.03333333333333333,4,0,1,1
3330,ANY120,logistic,24946.44284906,7300.8009325,54812.08988922,671.875,0.0,7500.0,0.08958333333333333,4,0,1,1
3330,AXIS,logistic,208987.4537157,NULL,358282.59181791,212.36559139784944,0.0,7500.0,0.028315412186379927,4,2,1,1
3330,ALL_BUT_MORT,weibull,inf,NULL,inf,351.2209699453552,0.0,7500.0,0.04682946265938069,4,0,1,1
3330,BRN_,logistic,146742.0403238,NULL,262411.34512055,208.6638462894412,0.0,7500.0,0.027821846171925495,4,0,1,1
3330,CRAN,logistic,32737.65199007,9251.42387171,54195.59206835,144.14771725718313,0.0,7500.0,0.019219695634291083,4,0,1,1
3330,DP24,logistic,7887.86614123,NULL,8216.91525709,20.491803278688526,0.0,7500.0,0.00273224043715847,4,0,1,1
3330,EDEM,logistic,32737.65199007,9251.42387171,54195.59206835,144.14771725718313,0.0,7500.0,0.019219695634291083,4,0,1,1
3330,LTRK,weibull,inf,NULL,inf,356.51330865503263,0.0,7500.0,0.04753510782067102,4,0,1,1
3330,MO24,logistic,11911.68654263,7511.6546493,19938.82363234,230.46875,0.0,7500.0,0.030729166666666665,4,0,1,1
3330,MORT,NULL,NULL,NULL,NULL,101.5625,0.0,7500.0,0.013541666666666667,1,NULL,NULL,NULL
3330,MUSC,logistic,27784.51681855,9074.61075199,39943.43591503,83.33333333333333,0.0,7500.0,0.01111111111111111,4,0,1,1
3330,NC24,NULL,NULL,NULL,NULL,0.0,0.0,7500.0,0.0,1,NULL,NULL,NULL
3330,NC__,NULL,NULL,NULL,NULL,0.0,0.0,7500.0,0.0,1,NULL,NULL,NULL
3330,SKIN,NULL,NULL,NULL,NULL,0.0,0.0,7500.0,0.0,1,NULL,NULL,NULL
3330,SM24,NULL,NULL,NULL,NULL,0.0,0.0,7500.0,0.0,1,NULL,NULL,NULL
3330,TCHR,logistic,32737.65199007,9251.42387171,54195.59206835,144.14771725718313,0.0,7500.0,0.019219695634291083,4,0,1,1
3330,TOT_MORT,logistic,21669.39848558,8072.19481061,41608.33758995,332.03125,0.0,7500.0,0.044270833333333336,4,0,1,1
3331,ANY24,NULL,NULL,NULL,NULL,183.59375,0.0,7500.0,0.024479166666666666,1,NULL,NULL,NULL
3331,ANY120,NULL,NULL,NULL,NULL,203.125,0.0,7500.0,0.027083333333333334,1,NULL,NULL,NULL
3331,AXIS,NULL,NULL,NULL,NULL,0.0,0.0,7500.0,0.0,1,NULL,NULL,NULL
3331,ALL_BUT_MORT,NULL,NULL,NULL,NULL,57.563959955506114,0.0,7500.0,0.007675194660734149,1,NULL,NULL,NULL
3331,BRN_,NULL,NULL,NULL,NULL,0.0,0.0,7500.0,0.0,1,NULL,NULL,NULL
3331,CRAN,NULL,NULL,NULL,NULL,0.0,0.0,7500.0,0.0,1,NULL,NULL,NULL
3331,DP24,NULL,NULL,NULL,NULL,37.402669632925466,0.0,7500.0,0.004987022617723396,1,NULL,NULL,NULL
3331,EDEM,logistic,7885.90473952,NULL,8213.2898847,20.491803278688526,0.0,7500.0,0.00273224043715847,4,0,1,1
3331,LTRK,NULL,NULL,NULL,NULL,0.0,0.0,7500.0,0.0,1,NULL,NULL,NULL
3331,MO24,NULL,NULL,NULL,NULL,148.4375,0.0,7500.0,0.019791666666666666,1,NULL,NULL,NULL
3331,MORT,NULL,NULL,NULL,NULL,37.402669632925466,0.0,7500.0,0.004987022617723396,1,NULL,NULL,NULL
3331,MUSC,NULL,NULL,NULL,NULL,0.0,0.0,7500.0,0.0,1,NULL,NULL,NULL
3331,NC24,NULL,NULL,NULL,NULL,0.0,0.0,7500.0,0.0,1,NULL,NULL,NULL
3331,NC__,NULL,NULL,NULL,NULL,0.0,0.0,7500.0,0.0,1,NULL,NULL,NULL
3331,SKIN,NULL,NULL,NULL,NULL,0.0,0.0,7500.0,0.0,1,NULL,NULL,NULL
3331,SM24,NULL,NULL,NULL,NULL,0.0,0.0,7500.0,0.0,1,NULL,NULL,NULL
3331,TCHR,NULL,NULL,NULL,NULL,0.0,0.0,7500.0,0.0,1,NULL,NULL,NULL
3331,TOT_MORT,NULL,NULL,NULL,NULL,183.59375,0.0,7500.0,0.024479166666666666,1,NULL,NULL,NULL
3332,ANY24,NULL,NULL,NULL,NULL,187.5,0.0,7500.0,0.025,1,NULL,NULL,NULL
3332,ANY120,NULL,NULL,NULL,NULL,343.75,0.0,7500.0,0.04583333333333333,1,NULL,NULL,NULL
3332,AXIS,NULL,NULL,NULL,NULL,16.666666666666668,0.0,7500.0,0.0022222222222222222,1,NULL,NULL,NULL
3332,ALL_BUT_MORT,logistic,12607.17029198,7895.00570377,19747.44293127,77.15053763440861,0.0,7500.0,0.01028673835125448,4,0,1,1
3332,BRN_,NULL,NULL,NULL,NULL,0.0,0.0,7500.0,0.0,1,NULL,NULL,NULL
3332,CRAN,logistic,7740.64367525,NULL,8066.89192778,40.98360655737705,0.0,7500.0,0.00546448087431694,4,0,1,1
3332,DP24,NULL,NULL,NULL,NULL,0.0,0.0,7500.0,0.0,1,NULL,NULL,NULL
3332,EDEM,logistic,7740.64367525,NULL,8066.89192778,40.98360655737705,0.0,7500.0,0.00546448087431694,4,0,1,1
3332,LTRK,NULL,NULL,NULL,NULL,57.650273224043715,0.0,7500.0,0.007686703096539162,1,NULL,NULL,NULL
3332,MO24,NULL,NULL,NULL,NULL,187.5,0.0,7500.0,0.025,1,NULL,NULL,NULL
3332,MORT,logistic,23102.02235377,9013.5464627,35311.02687754,82.66129032258064,0.0,7500.0,0.011021505376344085,4,0,1,1
3332,MUSC,NULL,NULL,NULL,NULL,0.0,0.0,7500.0,0.0,1,NULL,NULL,NULL
3332,NC24,NULL,NULL,NULL,NULL,0.0,0.0,7500.0,0.0,1,NULL,NULL,NULL
3332,NC__,NULL,NULL,NULL,NULL,0.0,0.0,7500.0,0.0,1,NULL,NULL,NULL
3332,SKIN,NULL,NULL,NULL,NULL,0.0,0.0,7500.0,0.0,1,NULL,NULL,NULL
3332,SM24,NULL,NULL,NULL,NULL,0.0,0.0,7500.0,0.0,1,NULL,NULL,NULL
3332,TCHR,NULL,NULL,NULL,NULL,0.0,0.0,7500.0,0.0,1,NULL,NULL,NULL
3332,TOT_MORT,NULL,NULL,NULL,NULL,269.53125,0.0,7500.0,0.0359375,1,NULL,NULL,NULL
3334,ANY24,NULL,NULL,NULL,NULL,324.21875,0.0,7500.0,0.043229166666666666,1,NULL,NULL,NULL
3334,ANY120,NULL,NULL,NULL,NULL,597.65625,0.0,7500.0,0.0796875,1,NULL,NULL,NULL
3334,AXIS,NULL,NULL,NULL,NULL,147.8494623655914,0.0,7500.0,0.01971326164874552,1,NULL,NULL,NULL
3334,ALL_BUT_MORT,NULL,NULL,NULL,NULL,232.5268817204301,0.0,7500.0,0.03100358422939068,1,NULL,NULL,NULL
3334,BRN_,NULL,NULL,NULL,NULL,129.03225806451613,0.0,7500.0,0.017204301075268817,1,NULL,NULL,NULL
3334,CRAN,NULL,NULL,NULL,NULL,64.51612903225806,0.0,7500.0,0.008602150537634409,1,NULL,NULL,NULL
3334,DP24,logistic,7890.9251006,NULL,8219.70472555,20.161290322580644,0.0,7500.0,0.0026881720430107525,4,0,1,1
3334,EDEM,NULL,NULL,NULL,NULL,129.03225806451613,0.0,7500.0,0.017204301075268817,1,NULL,NULL,NULL
3334,LTRK,NULL,NULL,NULL,NULL,147.8494623655914,0.0,7500.0,0.01971326164874552,1,NULL,NULL,NULL
3334,MO24,NULL,NULL,NULL,NULL,304.6875,0.0,7500.0,0.040625,1,NULL,NULL,NULL
3334,MORT,NULL,NULL,NULL,NULL,94.96662958843159,0.0,7500.0,0.012662217278457545,1,NULL,NULL,NULL
3334,MUSC,NULL,NULL,NULL,NULL,0.0,0.0,7500.0,0.0,1,NULL,NULL,NULL
3334,NC24,NULL,NULL,NULL,NULL,0.0,0.0,7500.0,0.0,1,NULL,NULL,NULL
3334,NC__,NULL,NULL,NULL,NULL,0.0,0.0,7500.0,0.0,1,NULL,NULL,NULL
3334,SKIN,NULL,NULL,NULL,NULL,0.0,0.0,7500.0,0.0,1,NULL,NULL,NULL
3334,SM24,NULL,NULL,NULL,NULL,0.0,0.0,7500.0,0.0,1,NULL,NULL,NULL
3334,TCHR,NULL,NULL,NULL,NULL,64.51612903225806,0.0,7500.0,0.008602150537634409,1,NULL,NULL,NULL
3334,TOT_MORT,NULL,NULL,NULL,NULL,394.53125,0.0,7500.0,0.05260416666666667,1,NULL,NULL,NULL
